,Unnamed: 0,Commodity Year,Locations State Code,Location State Abbreviation,Location County Code,Location County Name,Commodity Code,Commodity Name,Insurance Plan Code,Insurance Plan Abbreviation,Stage Code,Damage Cause Code,Damage Cause Description,Month of Loss,Month of Loss Abbreviation,Determined Acres,Indemnity Amount,date
2214,2214,2018,6,CA,65,Riverside,19,AVOCADOS,90,APH,H,12,Heat,12,DEC,13.2,3902.4,2018-12-01
2215,2215,2018,6,CA,65,Riverside,19,AVOCADOS,90,APH,H,12,Heat,6,JUN,26.125,25553.75,2018-06-01
2216,2216,2018,6,CA,65,Riverside,19,AVOCADOS,90,APH,H,12,Heat,9,SEP,11.84,5841.3,2018-09-01
2217,2217,2018,6,CA,65,Riverside,19,AVOCADOS,90,APH,H,12,Heat,7,JUL,36.9,34442.0,2018-07-01
2218,2218,2018,6,CA,65,Riverside,19,AVOCADOS,90,APH,H,42,Freeze,2,FEB,21.4,14159.4,2018-02-01
2219,2219,2018,6,CA,65,Riverside,19,AVOCADOS,90,APH,H,42,Freeze,1,JAN,5.0,9677.0,2018-01-01
2220,2220,2018,6,CA,65,Riverside,19,AVOCADOS,90,APH,UH,42,Freeze,2,FEB,5.0,2512.0,2018-02-01
2221,2221,2018,6,CA,65,Riverside,19,AVOCADOS,90,APH,H,44,Cold Wet Weather,2,FEB,26.96,12311.9,2018-02-01
2222,2222,2018,6,CA,65,Riverside,19,AVOCADOS,90,APH,H,61,Wind/Excess Wind,10,OCT,0.875,1.25,2018-10-01
2255,2255,2018,6,CA,73,San Diego,19,AVOCADOS,90,APH,H,12,Heat,7,JUL,320.68,481046.8,2018-07-01
2256,2256,2018,6,CA,73,San Diego,19,AVOCADOS,90,APH,UH,12,Heat,8,AUG,2.0,3506.0,2018-08-01
2257,2257,2018,6,CA,73,San Diego,19,AVOCADOS,90,APH,P,12,Heat,6,JUN,26.0,0.0,2018-06-01
2258,2258,2018,6,CA,73,San Diego,19,AVOCADOS,90,APH,UH,12,Heat,7,JUL,22.6,27032.4,2018-07-01
2259,2259,2018,6,CA,73,San Diego,19,AVOCADOS,90,APH,H,12,Heat,11,NOV,11.76,6349.66,2018-11-01
2260,2260,2018,6,CA,73,San Diego,19,AVOCADOS,90,APH,H,12,Heat,2,FEB,0.32,470.2,2018-02-01
2261,2261,2018,6,CA,73,San Diego,19,AVOCADOS,90,APH,H,12,Heat,8,AUG,12.5,30704.0,2018-08-01
2262,2262,2018,6,CA,73,San Diego,19,AVOCADOS,90,APH,H,12,Heat,12,DEC,9.35,7870.5,2018-12-01
2263,2263,2018,6,CA,73,San Diego,19,AVOCADOS,90,APH,H,12,Heat,10,OCT,5.74,3925.34,2018-10-01
2264,2264,2018,6,CA,73,San Diego,19,AVOCADOS,90,APH,H,12,Heat,6,JUN,212.4,113389.0,2018-06-01
2265,2265,2018,6,CA,73,San Diego,19,AVOCADOS,90,APH,H,12,Heat,9,SEP,10.3,9226.1,2018-09-01
2266,2266,2018,6,CA,73,San Diego,19,AVOCADOS,90,APH,UH,12,Heat,2,FEB,4.0,2220.0,2018-02-01
2267,2267,2018,6,CA,73,San Diego,19,AVOCADOS,90,APH,H,41,Frost,2,FEB,9.28,7429.2,2018-02-01
2268,2268,2018,6,CA,73,San Diego,19,AVOCADOS,90,APH,H,42,Freeze,2,FEB,13.0,18957.4,2018-02-01
2269,2269,2018,6,CA,73,San Diego,19,AVOCADOS,90,APH,H,42,Freeze,12,DEC,20.0,15494.0,2018-12-01
2270,2270,2018,6,CA,73,San Diego,19,AVOCADOS,90,APH,UH,42,Freeze,2,FEB,3.5,6456.0,2018-02-01
2271,2271,2018,6,CA,73,San Diego,19,AVOCADOS,90,APH,H,44,Cold Wet Weather,2,FEB,1.5,1500.9,2018-02-01
2272,2272,2018,6,CA,73,San Diego,19,AVOCADOS,90,APH,H,61,Wind/Excess Wind,4,APR,13.92,11143.8,2018-04-01
2273,2273,2018,6,CA,73,San Diego,19,AVOCADOS,90,APH,H,61,Wind/Excess Wind,11,NOV,5.0,3120.0,2018-11-01
2274,2274,2018,6,CA,73,San Diego,19,AVOCADOS,90,APH,H,61,Wind/Excess Wind,8,AUG,12.5,30704.0,2018-08-01
2275,2275,2018,6,CA,73,San Diego,19,AVOCADOS,90,APH,H,61,Wind/Excess Wind,12,DEC,18.85,6877.1,2018-12-01
2276,2276,2018,6,CA,73,San Diego,19,AVOCADOS,90,APH,UH,61,Wind/Excess Wind,12,DEC,4.4,12101.6,2018-12-01
2327,2327,2018,6,CA,79,San Luis Obispo,19,AVOCADOS,90,APH,UH,12,Heat,9,SEP,3.0,1184.0,2018-09-01
2328,2328,2018,6,CA,79,San Luis Obispo,19,AVOCADOS,90,APH,H,31,Excess Moisture/Precipitation/Rain,5,MAY,4.8,8766.6,2018-05-01
2329,2329,2018,6,CA,79,San Luis Obispo,19,AVOCADOS,90,APH,H,31,Excess Moisture/Precipitation/Rain,1,JAN,3.2,5844.4,2018-01-01
2330,2330,2018,6,CA,79,San Luis Obispo,19,AVOCADOS,90,APH,UH,44,Cold Wet Weather,4,APR,14.4,2369.0,2018-04-01
2343,2343,2018,6,CA,83,Santa Barbara,19,AVOCADOS,90,APH,H,12,Heat,7,JUL,120.305,95192.75,2018-07-01
2344,2344,2018,6,CA,83,Santa Barbara,19,AVOCADOS,90,APH,H,12,Heat,6,JUN,8.03,1904.6,2018-06-01
2345,2345,2018,6,CA,83,Santa Barbara,19,AVOCADOS,90,APH,UH,12,Heat,7,JUL,3.3,1327.8,2018-07-01
2347,2347,2018,6,CA,83,Santa Barbara,19,AVOCADOS,90,APH,H,42,Freeze,2,FEB,120.27,99040.8,2018-02-01
2348,2348,2018,6,CA,83,Santa Barbara,19,AVOCADOS,90,APH,H,51,Flood,1,JAN,40.08,7482.0,2018-01-01
2349,2349,2018,6,CA,83,Santa Barbara,19,AVOCADOS,90,APH,H,61,Wind/Excess Wind,4,APR,2.5,349.5,2018-04-01
2350,2350,2018,6,CA,83,Santa Barbara,19,AVOCADOS,90,APH,H,61,Wind/Excess Wind,12,DEC,1.59,2568.3,2018-12-01
2565,2565,2018,6,CA,111,Ventura,19,AVOCADOS,90,APH,H,12,Heat,6,JUN,57.72,110529.95,2018-06-01
2566,2566,2018,6,CA,111,Ventura,19,AVOCADOS,90,APH,H,12,Heat,8,AUG,2.32,585.2,2018-08-01
2567,2567,2018,6,CA,111,Ventura,19,AVOCADOS,90,APH,H,12,Heat,11,NOV,4.0,3334.0,2018-11-01
2568,2568,2018,6,CA,111,Ventura,19,AVOCADOS,90,APH,H,12,Heat,12,DEC,0.5,62.4,2018-12-01
2569,2569,2018,6,CA,111,Ventura,19,AVOCADOS,90,APH,H,12,Heat,9,SEP,45.13,118770.65,2018-09-01
2570,2570,2018,6,CA,111,Ventura,19,AVOCADOS,90,APH,H,12,Heat,10,OCT,31.13,119557.8,2018-10-01
2571,2571,2018,6,CA,111,Ventura,19,AVOCADOS,90,APH,H,12,Heat,4,APR,29.95,9234.06,2018-04-01
2572,2572,2018,6,CA,111,Ventura,19,AVOCADOS,90,APH,H,12,Heat,7,JUL,38.54,33765.4,2018-07-01
2573,2573,2018,6,CA,111,Ventura,19,AVOCADOS,90,APH,UH,12,Heat,9,SEP,1.8,2275.5,2018-09-01
2574,2574,2018,6,CA,111,Ventura,19,AVOCADOS,90,APH,H,42,Freeze,12,DEC,0.57,759.7,2018-12-01
2575,2575,2018,6,CA,111,Ventura,19,AVOCADOS,90,APH,H,61,Wind/Excess Wind,7,JUL,0.9,943.2,2018-07-01
2576,2576,2018,6,CA,111,Ventura,19,AVOCADOS,90,APH,H,61,Wind/Excess Wind,5,MAY,2.35,2439.6,2018-05-01
2577,2577,2018,6,CA,111,Ventura,19,AVOCADOS,90,APH,H,61,Wind/Excess Wind,12,DEC,52.225,94166.75,2018-12-01
2578,2578,2018,6,CA,111,Ventura,19,AVOCADOS,90,APH,H,61,Wind/Excess Wind,11,NOV,2.0,362.0,2018-11-01
2579,2579,2018,6,CA,111,Ventura,19,AVOCADOS,90,APH,H,61,Wind/Excess Wind,10,OCT,40.655,81302.09,2018-10-01
2580,2580,2018,6,CA,111,Ventura,19,AVOCADOS,90,APH,UH,61,Wind/Excess Wind,12,DEC,4.2,5309.5,2018-12-01
2581,2581,2018,6,CA,111,Ventura,19,AVOCADOS,90,APH,H,61,Wind/Excess Wind,4,APR,3.5,1846.6,2018-04-01
49888,2192,2018,6,CA,65,Riverside,19,AVOCADOS,90,APH,H,12,Heat,12,DEC,13.2,3902.4,2018-12-01
49889,2193,2018,6,CA,65,Riverside,19,AVOCADOS,90,APH,H,12,Heat,6,JUN,26.125,25553.75,2018-06-01
49890,2194,2018,6,CA,65,Riverside,19,AVOCADOS,90,APH,H,12,Heat,9,SEP,11.84,5841.3,2018-09-01
49891,2195,2018,6,CA,65,Riverside,19,AVOCADOS,90,APH,H,12,Heat,7,JUL,36.9,34442.0,2018-07-01
49892,2196,2018,6,CA,65,Riverside,19,AVOCADOS,90,APH,H,42,Freeze,2,FEB,21.4,14159.4,2018-02-01
49893,2197,2018,6,CA,65,Riverside,19,AVOCADOS,90,APH,H,42,Freeze,1,JAN,5.0,9677.0,2018-01-01
49894,2198,2018,6,CA,65,Riverside,19,AVOCADOS,90,APH,UH,42,Freeze,2,FEB,5.0,2512.0,2018-02-01
49895,2199,2018,6,CA,65,Riverside,19,AVOCADOS,90,APH,H,44,Cold Wet Weather,2,FEB,26.96,12311.9,2018-02-01
49896,2200,2018,6,CA,65,Riverside,19,AVOCADOS,90,APH,H,61,Wind/Excess Wind,10,OCT,0.875,1.25,2018-10-01
49929,2233,2018,6,CA,73,San Diego,19,AVOCADOS,90,APH,H,12,Heat,7,JUL,320.68,481046.8,2018-07-01
49930,2234,2018,6,CA,73,San Diego,19,AVOCADOS,90,APH,UH,12,Heat,8,AUG,2.0,3506.0,2018-08-01
49931,2235,2018,6,CA,73,San Diego,19,AVOCADOS,90,APH,P,12,Heat,6,JUN,26.0,0.0,2018-06-01
49932,2236,2018,6,CA,73,San Diego,19,AVOCADOS,90,APH,UH,12,Heat,7,JUL,22.6,27032.4,2018-07-01
49933,2237,2018,6,CA,73,San Diego,19,AVOCADOS,90,APH,H,12,Heat,11,NOV,11.76,6349.66,2018-11-01
49934,2238,2018,6,CA,73,San Diego,19,AVOCADOS,90,APH,H,12,Heat,2,FEB,0.32,470.2,2018-02-01
49935,2239,2018,6,CA,73,San Diego,19,AVOCADOS,90,APH,H,12,Heat,8,AUG,12.5,30704.0,2018-08-01
49936,2240,2018,6,CA,73,San Diego,19,AVOCADOS,90,APH,H,12,Heat,12,DEC,9.35,7870.5,2018-12-01
49937,2241,2018,6,CA,73,San Diego,19,AVOCADOS,90,APH,H,12,Heat,10,OCT,5.74,3925.34,2018-10-01
49938,2242,2018,6,CA,73,San Diego,19,AVOCADOS,90,APH,H,12,Heat,6,JUN,212.4,113389.0,2018-06-01
49939,2243,2018,6,CA,73,San Diego,19,AVOCADOS,90,APH,H,12,Heat,9,SEP,10.3,9226.1,2018-09-01
49940,2244,2018,6,CA,73,San Diego,19,AVOCADOS,90,APH,UH,12,Heat,2,FEB,4.0,2220.0,2018-02-01
49941,2245,2018,6,CA,73,San Diego,19,AVOCADOS,90,APH,H,41,Frost,2,FEB,9.28,7429.2,2018-02-01
49942,2246,2018,6,CA,73,San Diego,19,AVOCADOS,90,APH,H,42,Freeze,2,FEB,13.0,18957.4,2018-02-01
49943,2247,2018,6,CA,73,San Diego,19,AVOCADOS,90,APH,H,42,Freeze,12,DEC,20.0,15494.0,2018-12-01
49944,2248,2018,6,CA,73,San Diego,19,AVOCADOS,90,APH,UH,42,Freeze,2,FEB,3.5,6456.0,2018-02-01
49945,2249,2018,6,CA,73,San Diego,19,AVOCADOS,90,APH,H,44,Cold Wet Weather,2,FEB,1.5,1500.9,2018-02-01
49946,2250,2018,6,CA,73,San Diego,19,AVOCADOS,90,APH,H,61,Wind/Excess Wind,4,APR,13.92,11143.8,2018-04-01
49947,2251,2018,6,CA,73,San Diego,19,AVOCADOS,90,APH,H,61,Wind/Excess Wind,11,NOV,5.0,3120.0,2018-11-01
49948,2252,2018,6,CA,73,San Diego,19,AVOCADOS,90,APH,H,61,Wind/Excess Wind,8,AUG,12.5,30704.0,2018-08-01
49949,2253,2018,6,CA,73,San Diego,19,AVOCADOS,90,APH,H,61,Wind/Excess Wind,12,DEC,18.85,6877.1,2018-12-01
49950,2254,2018,6,CA,73,San Diego,19,AVOCADOS,90,APH,UH,61,Wind/Excess Wind,12,DEC,4.4,12101.6,2018-12-01
50001,2305,2018,6,CA,79,San Luis Obispo,19,AVOCADOS,90,APH,UH,12,Heat,9,SEP,3.0,1184.0,2018-09-01
50002,2306,2018,6,CA,79,San Luis Obispo,19,AVOCADOS,90,APH,H,31,Excess Moisture/Precipitation/Rain,5,MAY,4.8,8766.6,2018-05-01
50003,2307,2018,6,CA,79,San Luis Obispo,19,AVOCADOS,90,APH,H,31,Excess Moisture/Precipitation/Rain,1,JAN,3.2,5844.4,2018-01-01
50004,2308,2018,6,CA,79,San Luis Obispo,19,AVOCADOS,90,APH,UH,44,Cold Wet Weather,4,APR,14.4,2369.0,2018-04-01
50017,2321,2018,6,CA,83,Santa Barbara,19,AVOCADOS,90,APH,H,12,Heat,7,JUL,120.305,95192.75,2018-07-01
50018,2322,2018,6,CA,83,Santa Barbara,19,AVOCADOS,90,APH,H,12,Heat,6,JUN,8.03,1904.6,2018-06-01
50019,2323,2018,6,CA,83,Santa Barbara,19,AVOCADOS,90,APH,UH,12,Heat,7,JUL,3.3,1327.8,2018-07-01
50021,2325,2018,6,CA,83,Santa Barbara,19,AVOCADOS,90,APH,H,42,Freeze,2,FEB,120.27,99040.8,2018-02-01
50022,2326,2018,6,CA,83,Santa Barbara,19,AVOCADOS,90,APH,H,51,Flood,1,JAN,40.08,7482.0,2018-01-01
50023,2327,2018,6,CA,83,Santa Barbara,19,AVOCADOS,90,APH,H,61,Wind/Excess Wind,4,APR,2.5,349.5,2018-04-01
50024,2328,2018,6,CA,83,Santa Barbara,19,AVOCADOS,90,APH,H,61,Wind/Excess Wind,12,DEC,1.59,2568.3,2018-12-01
50239,2543,2018,6,CA,111,Ventura,19,AVOCADOS,90,APH,H,12,Heat,6,JUN,57.72,110529.95,2018-06-01
50240,2544,2018,6,CA,111,Ventura,19,AVOCADOS,90,APH,H,12,Heat,8,AUG,2.32,585.2,2018-08-01
50241,2545,2018,6,CA,111,Ventura,19,AVOCADOS,90,APH,H,12,Heat,11,NOV,4.0,3334.0,2018-11-01
50242,2546,2018,6,CA,111,Ventura,19,AVOCADOS,90,APH,H,12,Heat,12,DEC,0.5,62.4,2018-12-01
50243,2547,2018,6,CA,111,Ventura,19,AVOCADOS,90,APH,H,12,Heat,9,SEP,45.13,118770.65,2018-09-01
50244,2548,2018,6,CA,111,Ventura,19,AVOCADOS,90,APH,H,12,Heat,10,OCT,31.13,119557.8,2018-10-01
50245,2549,2018,6,CA,111,Ventura,19,AVOCADOS,90,APH,H,12,Heat,4,APR,29.95,9234.06,2018-04-01
50246,2550,2018,6,CA,111,Ventura,19,AVOCADOS,90,APH,H,12,Heat,7,JUL,38.54,33765.4,2018-07-01
50247,2551,2018,6,CA,111,Ventura,19,AVOCADOS,90,APH,UH,12,Heat,9,SEP,1.8,2275.5,2018-09-01
50248,2552,2018,6,CA,111,Ventura,19,AVOCADOS,90,APH,H,42,Freeze,12,DEC,0.57,759.7,2018-12-01
50249,2553,2018,6,CA,111,Ventura,19,AVOCADOS,90,APH,H,61,Wind/Excess Wind,7,JUL,0.9,943.2,2018-07-01
50250,2554,2018,6,CA,111,Ventura,19,AVOCADOS,90,APH,H,61,Wind/Excess Wind,5,MAY,2.35,2439.6,2018-05-01
50251,2555,2018,6,CA,111,Ventura,19,AVOCADOS,90,APH,H,61,Wind/Excess Wind,12,DEC,52.225,94166.75,2018-12-01
50252,2556,2018,6,CA,111,Ventura,19,AVOCADOS,90,APH,H,61,Wind/Excess Wind,11,NOV,2.0,362.0,2018-11-01
50253,2557,2018,6,CA,111,Ventura,19,AVOCADOS,90,APH,H,61,Wind/Excess Wind,10,OCT,40.655,81302.09,2018-10-01
50254,2558,2018,6,CA,111,Ventura,19,AVOCADOS,90,APH,UH,61,Wind/Excess Wind,12,DEC,4.2,5309.5,2018-12-01
50255,2559,2018,6,CA,111,Ventura,19,AVOCADOS,90,APH,H,61,Wind/Excess Wind,4,APR,3.5,1846.6,2018-04-01
97563,2193,2018,6,CA,65,Riverside,19,AVOCADOS,90,APH,H,12,Heat,12,DEC,13.2,3902.4,2018-12-01
97564,2194,2018,6,CA,65,Riverside,19,AVOCADOS,90,APH,H,12,Heat,6,JUN,26.125,25553.75,2018-06-01
97565,2195,2018,6,CA,65,Riverside,19,AVOCADOS,90,APH,H,12,Heat,9,SEP,11.84,5841.3,2018-09-01
97566,2196,2018,6,CA,65,Riverside,19,AVOCADOS,90,APH,H,12,Heat,7,JUL,36.9,34442.0,2018-07-01
97567,2197,2018,6,CA,65,Riverside,19,AVOCADOS,90,APH,H,42,Freeze,2,FEB,21.4,14159.4,2018-02-01
97568,2198,2018,6,CA,65,Riverside,19,AVOCADOS,90,APH,H,42,Freeze,1,JAN,5.0,9677.0,2018-01-01
97569,2199,2018,6,CA,65,Riverside,19,AVOCADOS,90,APH,UH,42,Freeze,2,FEB,5.0,2512.0,2018-02-01
97570,2200,2018,6,CA,65,Riverside,19,AVOCADOS,90,APH,H,44,Cold Wet Weather,2,FEB,26.96,12311.9,2018-02-01
97571,2201,2018,6,CA,65,Riverside,19,AVOCADOS,90,APH,H,61,Wind/Excess Wind,10,OCT,0.875,1.25,2018-10-01
97604,2234,2018,6,CA,73,San Diego,19,AVOCADOS,90,APH,H,12,Heat,7,JUL,320.68,481046.8,2018-07-01
97605,2235,2018,6,CA,73,San Diego,19,AVOCADOS,90,APH,UH,12,Heat,8,AUG,2.0,3506.0,2018-08-01
97606,2236,2018,6,CA,73,San Diego,19,AVOCADOS,90,APH,P,12,Heat,6,JUN,26.0,0.0,2018-06-01
97607,2237,2018,6,CA,73,San Diego,19,AVOCADOS,90,APH,UH,12,Heat,7,JUL,22.6,27032.4,2018-07-01
97608,2238,2018,6,CA,73,San Diego,19,AVOCADOS,90,APH,H,12,Heat,11,NOV,11.76,6349.66,2018-11-01
97609,2239,2018,6,CA,73,San Diego,19,AVOCADOS,90,APH,H,12,Heat,2,FEB,0.32,470.2,2018-02-01
97610,2240,2018,6,CA,73,San Diego,19,AVOCADOS,90,APH,H,12,Heat,8,AUG,12.5,30704.0,2018-08-01
97611,2241,2018,6,CA,73,San Diego,19,AVOCADOS,90,APH,H,12,Heat,12,DEC,9.35,7870.5,2018-12-01
97612,2242,2018,6,CA,73,San Diego,19,AVOCADOS,90,APH,H,12,Heat,10,OCT,5.74,3925.34,2018-10-01
97613,2243,2018,6,CA,73,San Diego,19,AVOCADOS,90,APH,H,12,Heat,6,JUN,212.4,113389.0,2018-06-01
97614,2244,2018,6,CA,73,San Diego,19,AVOCADOS,90,APH,H,12,Heat,9,SEP,10.3,9226.1,2018-09-01
97615,2245,2018,6,CA,73,San Diego,19,AVOCADOS,90,APH,UH,12,Heat,2,FEB,4.0,2220.0,2018-02-01
97616,2246,2018,6,CA,73,San Diego,19,AVOCADOS,90,APH,H,41,Frost,2,FEB,9.28,7429.2,2018-02-01
97617,2247,2018,6,CA,73,San Diego,19,AVOCADOS,90,APH,H,42,Freeze,2,FEB,13.0,18957.4,2018-02-01
97618,2248,2018,6,CA,73,San Diego,19,AVOCADOS,90,APH,H,42,Freeze,12,DEC,20.0,15494.0,2018-12-01
97619,2249,2018,6,CA,73,San Diego,19,AVOCADOS,90,APH,UH,42,Freeze,2,FEB,3.5,6456.0,2018-02-01
97620,2250,2018,6,CA,73,San Diego,19,AVOCADOS,90,APH,H,44,Cold Wet Weather,2,FEB,1.5,1500.9,2018-02-01
97621,2251,2018,6,CA,73,San Diego,19,AVOCADOS,90,APH,H,61,Wind/Excess Wind,4,APR,13.92,11143.8,2018-04-01
97622,2252,2018,6,CA,73,San Diego,19,AVOCADOS,90,APH,H,61,Wind/Excess Wind,11,NOV,5.0,3120.0,2018-11-01
97623,2253,2018,6,CA,73,San Diego,19,AVOCADOS,90,APH,H,61,Wind/Excess Wind,8,AUG,12.5,30704.0,2018-08-01
97624,2254,2018,6,CA,73,San Diego,19,AVOCADOS,90,APH,H,61,Wind/Excess Wind,12,DEC,18.85,6877.1,2018-12-01
97625,2255,2018,6,CA,73,San Diego,19,AVOCADOS,90,APH,UH,61,Wind/Excess Wind,12,DEC,4.4,12101.6,2018-12-01
97676,2306,2018,6,CA,79,San Luis Obispo,19,AVOCADOS,90,APH,UH,12,Heat,9,SEP,3.0,1184.0,2018-09-01
97677,2307,2018,6,CA,79,San Luis Obispo,19,AVOCADOS,90,APH,H,31,Excess Moisture/Precipitation/Rain,5,MAY,4.8,8766.6,2018-05-01
97678,2308,2018,6,CA,79,San Luis Obispo,19,AVOCADOS,90,APH,H,31,Excess Moisture/Precipitation/Rain,1,JAN,3.2,5844.4,2018-01-01
97679,2309,2018,6,CA,79,San Luis Obispo,19,AVOCADOS,90,APH,UH,44,Cold Wet Weather,4,APR,14.4,2369.0,2018-04-01
97692,2322,2018,6,CA,83,Santa Barbara,19,AVOCADOS,90,APH,H,12,Heat,7,JUL,120.305,95192.75,2018-07-01
97693,2323,2018,6,CA,83,Santa Barbara,19,AVOCADOS,90,APH,H,12,Heat,6,JUN,8.03,1904.6,2018-06-01
97694,2324,2018,6,CA,83,Santa Barbara,19,AVOCADOS,90,APH,UH,12,Heat,7,JUL,3.3,1327.8,2018-07-01
97696,2326,2018,6,CA,83,Santa Barbara,19,AVOCADOS,90,APH,H,42,Freeze,2,FEB,120.27,99040.8,2018-02-01
97697,2327,2018,6,CA,83,Santa Barbara,19,AVOCADOS,90,APH,H,51,Flood,1,JAN,40.08,7482.0,2018-01-01
97698,2328,2018,6,CA,83,Santa Barbara,19,AVOCADOS,90,APH,H,61,Wind/Excess Wind,4,APR,2.5,349.5,2018-04-01
97699,2329,2018,6,CA,83,Santa Barbara,19,AVOCADOS,90,APH,H,61,Wind/Excess Wind,12,DEC,1.59,2568.3,2018-12-01
97914,2544,2018,6,CA,111,Ventura,19,AVOCADOS,90,APH,H,12,Heat,6,JUN,57.72,110529.95,2018-06-01
97915,2545,2018,6,CA,111,Ventura,19,AVOCADOS,90,APH,H,12,Heat,8,AUG,2.32,585.2,2018-08-01
97916,2546,2018,6,CA,111,Ventura,19,AVOCADOS,90,APH,H,12,Heat,11,NOV,4.0,3334.0,2018-11-01
97917,2547,2018,6,CA,111,Ventura,19,AVOCADOS,90,APH,H,12,Heat,12,DEC,0.5,62.4,2018-12-01
97918,2548,2018,6,CA,111,Ventura,19,AVOCADOS,90,APH,H,12,Heat,9,SEP,45.13,118770.65,2018-09-01
97919,2549,2018,6,CA,111,Ventura,19,AVOCADOS,90,APH,H,12,Heat,10,OCT,31.13,119557.8,2018-10-01
97920,2550,2018,6,CA,111,Ventura,19,AVOCADOS,90,APH,H,12,Heat,4,APR,29.95,9234.06,2018-04-01
97921,2551,2018,6,CA,111,Ventura,19,AVOCADOS,90,APH,H,12,Heat,7,JUL,38.54,33765.4,2018-07-01
97922,2552,2018,6,CA,111,Ventura,19,AVOCADOS,90,APH,UH,12,Heat,9,SEP,1.8,2275.5,2018-09-01
97923,2553,2018,6,CA,111,Ventura,19,AVOCADOS,90,APH,H,42,Freeze,12,DEC,0.57,759.7,2018-12-01
97924,2554,2018,6,CA,111,Ventura,19,AVOCADOS,90,APH,H,61,Wind/Excess Wind,7,JUL,0.9,943.2,2018-07-01
97925,2555,2018,6,CA,111,Ventura,19,AVOCADOS,90,APH,H,61,Wind/Excess Wind,5,MAY,2.35,2439.6,2018-05-01
97926,2556,2018,6,CA,111,Ventura,19,AVOCADOS,90,APH,H,61,Wind/Excess Wind,12,DEC,52.225,94166.75,2018-12-01
97927,2557,2018,6,CA,111,Ventura,19,AVOCADOS,90,APH,H,61,Wind/Excess Wind,11,NOV,2.0,362.0,2018-11-01
97928,2558,2018,6,CA,111,Ventura,19,AVOCADOS,90,APH,H,61,Wind/Excess Wind,10,OCT,40.655,81302.09,2018-10-01
97929,2559,2018,6,CA,111,Ventura,19,AVOCADOS,90,APH,UH,61,Wind/Excess Wind,12,DEC,4.2,5309.5,2018-12-01
97930,2560,2018,6,CA,111,Ventura,19,AVOCADOS,90,APH,H,61,Wind/Excess Wind,4,APR,3.5,1846.6,2018-04-01
145260,2215,2018,6,CA,65,Riverside,19,AVOCADOS,90,APH,H,12,Heat,12,DEC,13.2,3902.4,2018-12-01
145261,2216,2018,6,CA,65,Riverside,19,AVOCADOS,90,APH,H,12,Heat,6,JUN,26.125,25553.75,2018-06-01
145262,2217,2018,6,CA,65,Riverside,19,AVOCADOS,90,APH,H,12,Heat,9,SEP,11.84,5841.3,2018-09-01
145263,2218,2018,6,CA,65,Riverside,19,AVOCADOS,90,APH,H,12,Heat,7,JUL,36.9,34442.0,2018-07-01
145264,2219,2018,6,CA,65,Riverside,19,AVOCADOS,90,APH,H,42,Freeze,2,FEB,21.4,14159.4,2018-02-01
145265,2220,2018,6,CA,65,Riverside,19,AVOCADOS,90,APH,H,42,Freeze,1,JAN,5.0,9677.0,2018-01-01
145266,2221,2018,6,CA,65,Riverside,19,AVOCADOS,90,APH,UH,42,Freeze,2,FEB,5.0,2512.0,2018-02-01
145267,2222,2018,6,CA,65,Riverside,19,AVOCADOS,90,APH,H,44,Cold Wet Weather,2,FEB,26.96,12311.9,2018-02-01
145268,2223,2018,6,CA,65,Riverside,19,AVOCADOS,90,APH,H,61,Wind/Excess Wind,10,OCT,0.875,1.25,2018-10-01
145301,2256,2018,6,CA,73,San Diego,19,AVOCADOS,90,APH,H,12,Heat,7,JUL,320.68,481046.8,2018-07-01
145302,2257,2018,6,CA,73,San Diego,19,AVOCADOS,90,APH,UH,12,Heat,8,AUG,2.0,3506.0,2018-08-01
145303,2258,2018,6,CA,73,San Diego,19,AVOCADOS,90,APH,P,12,Heat,6,JUN,26.0,0.0,2018-06-01
145304,2259,2018,6,CA,73,San Diego,19,AVOCADOS,90,APH,UH,12,Heat,7,JUL,22.6,27032.4,2018-07-01
145305,2260,2018,6,CA,73,San Diego,19,AVOCADOS,90,APH,H,12,Heat,11,NOV,11.76,6349.66,2018-11-01
145306,2261,2018,6,CA,73,San Diego,19,AVOCADOS,90,APH,H,12,Heat,2,FEB,0.32,470.2,2018-02-01
145307,2262,2018,6,CA,73,San Diego,19,AVOCADOS,90,APH,H,12,Heat,8,AUG,12.5,30704.0,2018-08-01
145308,2263,2018,6,CA,73,San Diego,19,AVOCADOS,90,APH,H,12,Heat,12,DEC,9.35,7870.5,2018-12-01
145309,2264,2018,6,CA,73,San Diego,19,AVOCADOS,90,APH,H,12,Heat,10,OCT,5.74,3925.34,2018-10-01
145310,2265,2018,6,CA,73,San Diego,19,AVOCADOS,90,APH,H,12,Heat,6,JUN,212.4,113389.0,2018-06-01
145311,2266,2018,6,CA,73,San Diego,19,AVOCADOS,90,APH,H,12,Heat,9,SEP,10.3,9226.1,2018-09-01
145312,2267,2018,6,CA,73,San Diego,19,AVOCADOS,90,APH,UH,12,Heat,2,FEB,4.0,2220.0,2018-02-01
145313,2268,2018,6,CA,73,San Diego,19,AVOCADOS,90,APH,H,41,Frost,2,FEB,9.28,7429.2,2018-02-01
145314,2269,2018,6,CA,73,San Diego,19,AVOCADOS,90,APH,H,42,Freeze,2,FEB,13.0,18957.4,2018-02-01
145315,2270,2018,6,CA,73,San Diego,19,AVOCADOS,90,APH,H,42,Freeze,12,DEC,20.0,15494.0,2018-12-01
145316,2271,2018,6,CA,73,San Diego,19,AVOCADOS,90,APH,UH,42,Freeze,2,FEB,3.5,6456.0,2018-02-01
145317,2272,2018,6,CA,73,San Diego,19,AVOCADOS,90,APH,H,44,Cold Wet Weather,2,FEB,1.5,1500.9,2018-02-01
145318,2273,2018,6,CA,73,San Diego,19,AVOCADOS,90,APH,H,61,Wind/Excess Wind,4,APR,13.92,11143.8,2018-04-01
145319,2274,2018,6,CA,73,San Diego,19,AVOCADOS,90,APH,H,61,Wind/Excess Wind,11,NOV,5.0,3120.0,2018-11-01
145320,2275,2018,6,CA,73,San Diego,19,AVOCADOS,90,APH,H,61,Wind/Excess Wind,8,AUG,12.5,30704.0,2018-08-01
145321,2276,2018,6,CA,73,San Diego,19,AVOCADOS,90,APH,H,61,Wind/Excess Wind,12,DEC,18.85,6877.1,2018-12-01
145322,2277,2018,6,CA,73,San Diego,19,AVOCADOS,90,APH,UH,61,Wind/Excess Wind,12,DEC,4.4,12101.6,2018-12-01
145373,2328,2018,6,CA,79,San Luis Obispo,19,AVOCADOS,90,APH,UH,12,Heat,9,SEP,3.0,1184.0,2018-09-01
145374,2329,2018,6,CA,79,San Luis Obispo,19,AVOCADOS,90,APH,H,31,Excess Moisture/Precipitation/Rain,5,MAY,4.8,8766.6,2018-05-01
145375,2330,2018,6,CA,79,San Luis Obispo,19,AVOCADOS,90,APH,H,31,Excess Moisture/Precipitation/Rain,1,JAN,3.2,5844.4,2018-01-01
145376,2331,2018,6,CA,79,San Luis Obispo,19,AVOCADOS,90,APH,UH,44,Cold Wet Weather,4,APR,14.4,2369.0,2018-04-01
145389,2344,2018,6,CA,83,Santa Barbara,19,AVOCADOS,90,APH,H,12,Heat,7,JUL,120.305,95192.75,2018-07-01
145390,2345,2018,6,CA,83,Santa Barbara,19,AVOCADOS,90,APH,H,12,Heat,6,JUN,8.03,1904.6,2018-06-01
145391,2346,2018,6,CA,83,Santa Barbara,19,AVOCADOS,90,APH,UH,12,Heat,7,JUL,3.3,1327.8,2018-07-01
145393,2348,2018,6,CA,83,Santa Barbara,19,AVOCADOS,90,APH,H,42,Freeze,2,FEB,120.27,99040.8,2018-02-01
145394,2349,2018,6,CA,83,Santa Barbara,19,AVOCADOS,90,APH,H,51,Flood,1,JAN,40.08,7482.0,2018-01-01
145395,2350,2018,6,CA,83,Santa Barbara,19,AVOCADOS,90,APH,H,61,Wind/Excess Wind,4,APR,2.5,349.5,2018-04-01
145396,2351,2018,6,CA,83,Santa Barbara,19,AVOCADOS,90,APH,H,61,Wind/Excess Wind,12,DEC,1.59,2568.3,2018-12-01
145611,2566,2018,6,CA,111,Ventura,19,AVOCADOS,90,APH,H,12,Heat,6,JUN,57.72,110529.95,2018-06-01
145612,2567,2018,6,CA,111,Ventura,19,AVOCADOS,90,APH,H,12,Heat,8,AUG,2.32,585.2,2018-08-01
145613,2568,2018,6,CA,111,Ventura,19,AVOCADOS,90,APH,H,12,Heat,11,NOV,4.0,3334.0,2018-11-01
145614,2569,2018,6,CA,111,Ventura,19,AVOCADOS,90,APH,H,12,Heat,12,DEC,0.5,62.4,2018-12-01
145615,2570,2018,6,CA,111,Ventura,19,AVOCADOS,90,APH,H,12,Heat,9,SEP,45.13,118770.65,2018-09-01
145616,2571,2018,6,CA,111,Ventura,19,AVOCADOS,90,APH,H,12,Heat,10,OCT,31.13,119557.8,2018-10-01
145617,2572,2018,6,CA,111,Ventura,19,AVOCADOS,90,APH,H,12,Heat,4,APR,29.95,9234.06,2018-04-01
145618,2573,2018,6,CA,111,Ventura,19,AVOCADOS,90,APH,H,12,Heat,7,JUL,38.54,33765.4,2018-07-01
145619,2574,2018,6,CA,111,Ventura,19,AVOCADOS,90,APH,UH,12,Heat,9,SEP,1.8,2275.5,2018-09-01
145620,2575,2018,6,CA,111,Ventura,19,AVOCADOS,90,APH,H,42,Freeze,12,DEC,0.57,759.7,2018-12-01
145621,2576,2018,6,CA,111,Ventura,19,AVOCADOS,90,APH,H,61,Wind/Excess Wind,7,JUL,0.9,943.2,2018-07-01
145622,2577,2018,6,CA,111,Ventura,19,AVOCADOS,90,APH,H,61,Wind/Excess Wind,5,MAY,2.35,2439.6,2018-05-01
145623,2578,2018,6,CA,111,Ventura,19,AVOCADOS,90,APH,H,61,Wind/Excess Wind,12,DEC,52.225,94166.75,2018-12-01
145624,2579,2018,6,CA,111,Ventura,19,AVOCADOS,90,APH,H,61,Wind/Excess Wind,11,NOV,2.0,362.0,2018-11-01
145625,2580,2018,6,CA,111,Ventura,19,AVOCADOS,90,APH,H,61,Wind/Excess Wind,10,OCT,40.655,81302.09,2018-10-01
145626,2581,2018,6,CA,111,Ventura,19,AVOCADOS,90,APH,UH,61,Wind/Excess Wind,12,DEC,4.2,5309.5,2018-12-01
145627,2582,2018,6,CA,111,Ventura,19,AVOCADOS,90,APH,H,61,Wind/Excess Wind,4,APR,3.5,1846.6,2018-04-01
192933,2191,2018,6,CA,65,Riverside,19,AVOCADOS,90,APH,H,12,Heat,12,DEC,13.2,3902.4,2018-12-01
192934,2192,2018,6,CA,65,Riverside,19,AVOCADOS,90,APH,H,12,Heat,6,JUN,26.125,25553.75,2018-06-01
192935,2193,2018,6,CA,65,Riverside,19,AVOCADOS,90,APH,H,12,Heat,9,SEP,11.84,5841.3,2018-09-01
192936,2194,2018,6,CA,65,Riverside,19,AVOCADOS,90,APH,H,12,Heat,7,JUL,36.9,34442.0,2018-07-01
192937,2195,2018,6,CA,65,Riverside,19,AVOCADOS,90,APH,H,42,Freeze,2,FEB,21.4,14159.4,2018-02-01
192938,2196,2018,6,CA,65,Riverside,19,AVOCADOS,90,APH,H,42,Freeze,1,JAN,5.0,9677.0,2018-01-01
192939,2197,2018,6,CA,65,Riverside,19,AVOCADOS,90,APH,UH,42,Freeze,2,FEB,5.0,2512.0,2018-02-01
192940,2198,2018,6,CA,65,Riverside,19,AVOCADOS,90,APH,H,44,Cold Wet Weather,2,FEB,26.96,12311.9,2018-02-01
192941,2199,2018,6,CA,65,Riverside,19,AVOCADOS,90,APH,H,61,Wind/Excess Wind,10,OCT,0.875,1.25,2018-10-01
192974,2232,2018,6,CA,73,San Diego,19,AVOCADOS,90,APH,H,12,Heat,7,JUL,320.68,481046.8,2018-07-01
192975,2233,2018,6,CA,73,San Diego,19,AVOCADOS,90,APH,UH,12,Heat,8,AUG,2.0,3506.0,2018-08-01
192976,2234,2018,6,CA,73,San Diego,19,AVOCADOS,90,APH,P,12,Heat,6,JUN,26.0,0.0,2018-06-01
192977,2235,2018,6,CA,73,San Diego,19,AVOCADOS,90,APH,UH,12,Heat,7,JUL,22.6,27032.4,2018-07-01
192978,2236,2018,6,CA,73,San Diego,19,AVOCADOS,90,APH,H,12,Heat,11,NOV,11.76,6349.66,2018-11-01
192979,2237,2018,6,CA,73,San Diego,19,AVOCADOS,90,APH,H,12,Heat,2,FEB,0.32,470.2,2018-02-01
192980,2238,2018,6,CA,73,San Diego,19,AVOCADOS,90,APH,H,12,Heat,8,AUG,12.5,30704.0,2018-08-01
192981,2239,2018,6,CA,73,San Diego,19,AVOCADOS,90,APH,H,12,Heat,12,DEC,9.35,7870.5,2018-12-01
192982,2240,2018,6,CA,73,San Diego,19,AVOCADOS,90,APH,H,12,Heat,10,OCT,5.74,3925.34,2018-10-01
192983,2241,2018,6,CA,73,San Diego,19,AVOCADOS,90,APH,H,12,Heat,6,JUN,212.4,113389.0,2018-06-01
192984,2242,2018,6,CA,73,San Diego,19,AVOCADOS,90,APH,H,12,Heat,9,SEP,10.3,9226.1,2018-09-01
192985,2243,2018,6,CA,73,San Diego,19,AVOCADOS,90,APH,UH,12,Heat,2,FEB,4.0,2220.0,2018-02-01
192986,2244,2018,6,CA,73,San Diego,19,AVOCADOS,90,APH,H,41,Frost,2,FEB,9.28,7429.2,2018-02-01
192987,2245,2018,6,CA,73,San Diego,19,AVOCADOS,90,APH,H,42,Freeze,2,FEB,13.0,18957.4,2018-02-01
192988,2246,2018,6,CA,73,San Diego,19,AVOCADOS,90,APH,H,42,Freeze,12,DEC,20.0,15494.0,2018-12-01
192989,2247,2018,6,CA,73,San Diego,19,AVOCADOS,90,APH,UH,42,Freeze,2,FEB,3.5,6456.0,2018-02-01
192990,2248,2018,6,CA,73,San Diego,19,AVOCADOS,90,APH,H,44,Cold Wet Weather,2,FEB,1.5,1500.9,2018-02-01
192991,2249,2018,6,CA,73,San Diego,19,AVOCADOS,90,APH,H,61,Wind/Excess Wind,4,APR,13.92,11143.8,2018-04-01
192992,2250,2018,6,CA,73,San Diego,19,AVOCADOS,90,APH,H,61,Wind/Excess Wind,11,NOV,5.0,3120.0,2018-11-01
192993,2251,2018,6,CA,73,San Diego,19,AVOCADOS,90,APH,H,61,Wind/Excess Wind,8,AUG,12.5,30704.0,2018-08-01
192994,2252,2018,6,CA,73,San Diego,19,AVOCADOS,90,APH,H,61,Wind/Excess Wind,12,DEC,18.85,6877.1,2018-12-01
192995,2253,2018,6,CA,73,San Diego,19,AVOCADOS,90,APH,UH,61,Wind/Excess Wind,12,DEC,4.4,12101.6,2018-12-01
193046,2304,2018,6,CA,79,San Luis Obispo,19,AVOCADOS,90,APH,UH,12,Heat,9,SEP,3.0,1184.0,2018-09-01
193047,2305,2018,6,CA,79,San Luis Obispo,19,AVOCADOS,90,APH,H,31,Excess Moisture/Precipitation/Rain,5,MAY,4.8,8766.6,2018-05-01
193048,2306,2018,6,CA,79,San Luis Obispo,19,AVOCADOS,90,APH,H,31,Excess Moisture/Precipitation/Rain,1,JAN,3.2,5844.4,2018-01-01
193049,2307,2018,6,CA,79,San Luis Obispo,19,AVOCADOS,90,APH,UH,44,Cold Wet Weather,4,APR,14.4,2369.0,2018-04-01
193062,2320,2018,6,CA,83,Santa Barbara,19,AVOCADOS,90,APH,H,12,Heat,7,JUL,120.305,95192.75,2018-07-01
193063,2321,2018,6,CA,83,Santa Barbara,19,AVOCADOS,90,APH,H,12,Heat,6,JUN,8.03,1904.6,2018-06-01
193064,2322,2018,6,CA,83,Santa Barbara,19,AVOCADOS,90,APH,UH,12,Heat,7,JUL,3.3,1327.8,2018-07-01
193066,2324,2018,6,CA,83,Santa Barbara,19,AVOCADOS,90,APH,H,42,Freeze,2,FEB,120.27,99040.8,2018-02-01
193067,2325,2018,6,CA,83,Santa Barbara,19,AVOCADOS,90,APH,H,51,Flood,1,JAN,40.08,7482.0,2018-01-01
193068,2326,2018,6,CA,83,Santa Barbara,19,AVOCADOS,90,APH,H,61,Wind/Excess Wind,4,APR,2.5,349.5,2018-04-01
193069,2327,2018,6,CA,83,Santa Barbara,19,AVOCADOS,90,APH,H,61,Wind/Excess Wind,12,DEC,1.59,2568.3,2018-12-01
193284,2542,2018,6,CA,111,Ventura,19,AVOCADOS,90,APH,H,12,Heat,6,JUN,57.72,110529.95,2018-06-01
193285,2543,2018,6,CA,111,Ventura,19,AVOCADOS,90,APH,H,12,Heat,8,AUG,2.32,585.2,2018-08-01
193286,2544,2018,6,CA,111,Ventura,19,AVOCADOS,90,APH,H,12,Heat,11,NOV,4.0,3334.0,2018-11-01
193287,2545,2018,6,CA,111,Ventura,19,AVOCADOS,90,APH,H,12,Heat,12,DEC,0.5,62.4,2018-12-01
193288,2546,2018,6,CA,111,Ventura,19,AVOCADOS,90,APH,H,12,Heat,9,SEP,45.13,118770.65,2018-09-01
193289,2547,2018,6,CA,111,Ventura,19,AVOCADOS,90,APH,H,12,Heat,10,OCT,31.13,119557.8,2018-10-01
193290,2548,2018,6,CA,111,Ventura,19,AVOCADOS,90,APH,H,12,Heat,4,APR,29.95,9234.06,2018-04-01
193291,2549,2018,6,CA,111,Ventura,19,AVOCADOS,90,APH,H,12,Heat,7,JUL,38.54,33765.4,2018-07-01
193292,2550,2018,6,CA,111,Ventura,19,AVOCADOS,90,APH,UH,12,Heat,9,SEP,1.8,2275.5,2018-09-01
193293,2551,2018,6,CA,111,Ventura,19,AVOCADOS,90,APH,H,42,Freeze,12,DEC,0.57,759.7,2018-12-01
193294,2552,2018,6,CA,111,Ventura,19,AVOCADOS,90,APH,H,61,Wind/Excess Wind,7,JUL,0.9,943.2,2018-07-01
193295,2553,2018,6,CA,111,Ventura,19,AVOCADOS,90,APH,H,61,Wind/Excess Wind,5,MAY,2.35,2439.6,2018-05-01
193296,2554,2018,6,CA,111,Ventura,19,AVOCADOS,90,APH,H,61,Wind/Excess Wind,12,DEC,52.225,94166.75,2018-12-01
193297,2555,2018,6,CA,111,Ventura,19,AVOCADOS,90,APH,H,61,Wind/Excess Wind,11,NOV,2.0,362.0,2018-11-01
193298,2556,2018,6,CA,111,Ventura,19,AVOCADOS,90,APH,H,61,Wind/Excess Wind,10,OCT,40.655,81302.09,2018-10-01
193299,2557,2018,6,CA,111,Ventura,19,AVOCADOS,90,APH,UH,61,Wind/Excess Wind,12,DEC,4.2,5309.5,2018-12-01
193300,2558,2018,6,CA,111,Ventura,19,AVOCADOS,90,APH,H,61,Wind/Excess Wind,4,APR,3.5,1846.6,2018-04-01
240628,2213,2018,6,CA,65,Riverside,19,AVOCADOS,90,APH,H,12,Heat,12,DEC,13.2,3902.4,2018-12-01
240629,2214,2018,6,CA,65,Riverside,19,AVOCADOS,90,APH,H,12,Heat,6,JUN,26.125,25553.75,2018-06-01
240630,2215,2018,6,CA,65,Riverside,19,AVOCADOS,90,APH,H,12,Heat,9,SEP,11.84,5841.3,2018-09-01
240631,2216,2018,6,CA,65,Riverside,19,AVOCADOS,90,APH,H,12,Heat,7,JUL,36.9,34442.0,2018-07-01
240632,2217,2018,6,CA,65,Riverside,19,AVOCADOS,90,APH,H,42,Freeze,2,FEB,21.4,14159.4,2018-02-01
240633,2218,2018,6,CA,65,Riverside,19,AVOCADOS,90,APH,H,42,Freeze,1,JAN,5.0,9677.0,2018-01-01
240634,2219,2018,6,CA,65,Riverside,19,AVOCADOS,90,APH,UH,42,Freeze,2,FEB,5.0,2512.0,2018-02-01
240635,2220,2018,6,CA,65,Riverside,19,AVOCADOS,90,APH,H,44,Cold Wet Weather,2,FEB,26.96,12311.9,2018-02-01
240636,2221,2018,6,CA,65,Riverside,19,AVOCADOS,90,APH,H,61,Wind/Excess Wind,10,OCT,0.875,1.25,2018-10-01
240669,2254,2018,6,CA,73,San Diego,19,AVOCADOS,90,APH,H,12,Heat,7,JUL,320.68,481046.8,2018-07-01
240670,2255,2018,6,CA,73,San Diego,19,AVOCADOS,90,APH,UH,12,Heat,8,AUG,2.0,3506.0,2018-08-01
240671,2256,2018,6,CA,73,San Diego,19,AVOCADOS,90,APH,P,12,Heat,6,JUN,26.0,0.0,2018-06-01
240672,2257,2018,6,CA,73,San Diego,19,AVOCADOS,90,APH,UH,12,Heat,7,JUL,22.6,27032.4,2018-07-01
240673,2258,2018,6,CA,73,San Diego,19,AVOCADOS,90,APH,H,12,Heat,11,NOV,11.76,6349.66,2018-11-01
240674,2259,2018,6,CA,73,San Diego,19,AVOCADOS,90,APH,H,12,Heat,2,FEB,0.32,470.2,2018-02-01
240675,2260,2018,6,CA,73,San Diego,19,AVOCADOS,90,APH,H,12,Heat,8,AUG,12.5,30704.0,2018-08-01
240676,2261,2018,6,CA,73,San Diego,19,AVOCADOS,90,APH,H,12,Heat,12,DEC,9.35,7870.5,2018-12-01
240677,2262,2018,6,CA,73,San Diego,19,AVOCADOS,90,APH,H,12,Heat,10,OCT,5.74,3925.34,2018-10-01
240678,2263,2018,6,CA,73,San Diego,19,AVOCADOS,90,APH,H,12,Heat,6,JUN,212.4,113389.0,2018-06-01
240679,2264,2018,6,CA,73,San Diego,19,AVOCADOS,90,APH,H,12,Heat,9,SEP,10.3,9226.1,2018-09-01
240680,2265,2018,6,CA,73,San Diego,19,AVOCADOS,90,APH,UH,12,Heat,2,FEB,4.0,2220.0,2018-02-01
240681,2266,2018,6,CA,73,San Diego,19,AVOCADOS,90,APH,H,41,Frost,2,FEB,9.28,7429.2,2018-02-01
240682,2267,2018,6,CA,73,San Diego,19,AVOCADOS,90,APH,H,42,Freeze,2,FEB,13.0,18957.4,2018-02-01
240683,2268,2018,6,CA,73,San Diego,19,AVOCADOS,90,APH,H,42,Freeze,12,DEC,20.0,15494.0,2018-12-01
240684,2269,2018,6,CA,73,San Diego,19,AVOCADOS,90,APH,UH,42,Freeze,2,FEB,3.5,6456.0,2018-02-01
240685,2270,2018,6,CA,73,San Diego,19,AVOCADOS,90,APH,H,44,Cold Wet Weather,2,FEB,1.5,1500.9,2018-02-01
240686,2271,2018,6,CA,73,San Diego,19,AVOCADOS,90,APH,H,61,Wind/Excess Wind,4,APR,13.92,11143.8,2018-04-01
240687,2272,2018,6,CA,73,San Diego,19,AVOCADOS,90,APH,H,61,Wind/Excess Wind,11,NOV,5.0,3120.0,2018-11-01
240688,2273,2018,6,CA,73,San Diego,19,AVOCADOS,90,APH,H,61,Wind/Excess Wind,8,AUG,12.5,30704.0,2018-08-01
240689,2274,2018,6,CA,73,San Diego,19,AVOCADOS,90,APH,H,61,Wind/Excess Wind,12,DEC,18.85,6877.1,2018-12-01
240690,2275,2018,6,CA,73,San Diego,19,AVOCADOS,90,APH,UH,61,Wind/Excess Wind,12,DEC,4.4,12101.6,2018-12-01
240741,2326,2018,6,CA,79,San Luis Obispo,19,AVOCADOS,90,APH,UH,12,Heat,9,SEP,3.0,1184.0,2018-09-01
240742,2327,2018,6,CA,79,San Luis Obispo,19,AVOCADOS,90,APH,H,31,Excess Moisture/Precipitation/Rain,5,MAY,4.8,8766.6,2018-05-01
240743,2328,2018,6,CA,79,San Luis Obispo,19,AVOCADOS,90,APH,H,31,Excess Moisture/Precipitation/Rain,1,JAN,3.2,5844.4,2018-01-01
240744,2329,2018,6,CA,79,San Luis Obispo,19,AVOCADOS,90,APH,UH,44,Cold Wet Weather,4,APR,14.4,2369.0,2018-04-01
240757,2342,2018,6,CA,83,Santa Barbara,19,AVOCADOS,90,APH,H,12,Heat,7,JUL,120.305,95192.75,2018-07-01
240758,2343,2018,6,CA,83,Santa Barbara,19,AVOCADOS,90,APH,H,12,Heat,6,JUN,8.03,1904.6,2018-06-01
240759,2344,2018,6,CA,83,Santa Barbara,19,AVOCADOS,90,APH,UH,12,Heat,7,JUL,3.3,1327.8,2018-07-01
240761,2346,2018,6,CA,83,Santa Barbara,19,AVOCADOS,90,APH,H,42,Freeze,2,FEB,120.27,99040.8,2018-02-01
240762,2347,2018,6,CA,83,Santa Barbara,19,AVOCADOS,90,APH,H,51,Flood,1,JAN,40.08,7482.0,2018-01-01
240763,2348,2018,6,CA,83,Santa Barbara,19,AVOCADOS,90,APH,H,61,Wind/Excess Wind,4,APR,2.5,349.5,2018-04-01
240764,2349,2018,6,CA,83,Santa Barbara,19,AVOCADOS,90,APH,H,61,Wind/Excess Wind,12,DEC,1.59,2568.3,2018-12-01
240979,2564,2018,6,CA,111,Ventura,19,AVOCADOS,90,APH,H,12,Heat,6,JUN,57.72,110529.95,2018-06-01
240980,2565,2018,6,CA,111,Ventura,19,AVOCADOS,90,APH,H,12,Heat,8,AUG,2.32,585.2,2018-08-01
240981,2566,2018,6,CA,111,Ventura,19,AVOCADOS,90,APH,H,12,Heat,11,NOV,4.0,3334.0,2018-11-01
240982,2567,2018,6,CA,111,Ventura,19,AVOCADOS,90,APH,H,12,Heat,12,DEC,0.5,62.4,2018-12-01
240983,2568,2018,6,CA,111,Ventura,19,AVOCADOS,90,APH,H,12,Heat,9,SEP,45.13,118770.65,2018-09-01
240984,2569,2018,6,CA,111,Ventura,19,AVOCADOS,90,APH,H,12,Heat,10,OCT,31.13,119557.8,2018-10-01
240985,2570,2018,6,CA,111,Ventura,19,AVOCADOS,90,APH,H,12,Heat,4,APR,29.95,9234.06,2018-04-01
240986,2571,2018,6,CA,111,Ventura,19,AVOCADOS,90,APH,H,12,Heat,7,JUL,38.54,33765.4,2018-07-01
240987,2572,2018,6,CA,111,Ventura,19,AVOCADOS,90,APH,UH,12,Heat,9,SEP,1.8,2275.5,2018-09-01
240988,2573,2018,6,CA,111,Ventura,19,AVOCADOS,90,APH,H,42,Freeze,12,DEC,0.57,759.7,2018-12-01
240989,2574,2018,6,CA,111,Ventura,19,AVOCADOS,90,APH,H,61,Wind/Excess Wind,7,JUL,0.9,943.2,2018-07-01
240990,2575,2018,6,CA,111,Ventura,19,AVOCADOS,90,APH,H,61,Wind/Excess Wind,5,MAY,2.35,2439.6,2018-05-01
240991,2576,2018,6,CA,111,Ventura,19,AVOCADOS,90,APH,H,61,Wind/Excess Wind,12,DEC,52.225,94166.75,2018-12-01
240992,2577,2018,6,CA,111,Ventura,19,AVOCADOS,90,APH,H,61,Wind/Excess Wind,11,NOV,2.0,362.0,2018-11-01
240993,2578,2018,6,CA,111,Ventura,19,AVOCADOS,90,APH,H,61,Wind/Excess Wind,10,OCT,40.655,81302.09,2018-10-01
240994,2579,2018,6,CA,111,Ventura,19,AVOCADOS,90,APH,UH,61,Wind/Excess Wind,12,DEC,4.2,5309.5,2018-12-01
240995,2580,2018,6,CA,111,Ventura,19,AVOCADOS,90,APH,H,61,Wind/Excess Wind,4,APR,3.5,1846.6,2018-04-01
288322,2212,2018,6,CA,65,Riverside,19,AVOCADOS,90,APH,H,12,Heat,12,DEC,13.2,3902.4,2018-12-01
288323,2213,2018,6,CA,65,Riverside,19,AVOCADOS,90,APH,H,12,Heat,6,JUN,26.125,25553.75,2018-06-01
288324,2214,2018,6,CA,65,Riverside,19,AVOCADOS,90,APH,H,12,Heat,9,SEP,11.84,5841.3,2018-09-01
288325,2215,2018,6,CA,65,Riverside,19,AVOCADOS,90,APH,H,12,Heat,7,JUL,36.9,34442.0,2018-07-01
288326,2216,2018,6,CA,65,Riverside,19,AVOCADOS,90,APH,H,42,Freeze,2,FEB,21.4,14159.4,2018-02-01
288327,2217,2018,6,CA,65,Riverside,19,AVOCADOS,90,APH,H,42,Freeze,1,JAN,5.0,9677.0,2018-01-01
288328,2218,2018,6,CA,65,Riverside,19,AVOCADOS,90,APH,UH,42,Freeze,2,FEB,5.0,2512.0,2018-02-01
288329,2219,2018,6,CA,65,Riverside,19,AVOCADOS,90,APH,H,44,Cold Wet Weather,2,FEB,26.96,12311.9,2018-02-01
288330,2220,2018,6,CA,65,Riverside,19,AVOCADOS,90,APH,H,61,Wind/Excess Wind,10,OCT,0.875,1.25,2018-10-01
288363,2253,2018,6,CA,73,San Diego,19,AVOCADOS,90,APH,H,12,Heat,7,JUL,320.68,481046.8,2018-07-01
288364,2254,2018,6,CA,73,San Diego,19,AVOCADOS,90,APH,UH,12,Heat,8,AUG,2.0,3506.0,2018-08-01
288365,2255,2018,6,CA,73,San Diego,19,AVOCADOS,90,APH,P,12,Heat,6,JUN,26.0,0.0,2018-06-01
288366,2256,2018,6,CA,73,San Diego,19,AVOCADOS,90,APH,UH,12,Heat,7,JUL,22.6,27032.4,2018-07-01
288367,2257,2018,6,CA,73,San Diego,19,AVOCADOS,90,APH,H,12,Heat,11,NOV,11.76,6349.66,2018-11-01
288368,2258,2018,6,CA,73,San Diego,19,AVOCADOS,90,APH,H,12,Heat,2,FEB,0.32,470.2,2018-02-01
288369,2259,2018,6,CA,73,San Diego,19,AVOCADOS,90,APH,H,12,Heat,8,AUG,12.5,30704.0,2018-08-01
288370,2260,2018,6,CA,73,San Diego,19,AVOCADOS,90,APH,H,12,Heat,12,DEC,9.35,7870.5,2018-12-01
288371,2261,2018,6,CA,73,San Diego,19,AVOCADOS,90,APH,H,12,Heat,10,OCT,5.74,3925.34,2018-10-01
288372,2262,2018,6,CA,73,San Diego,19,AVOCADOS,90,APH,H,12,Heat,6,JUN,212.4,113389.0,2018-06-01
288373,2263,2018,6,CA,73,San Diego,19,AVOCADOS,90,APH,H,12,Heat,9,SEP,10.3,9226.1,2018-09-01
288374,2264,2018,6,CA,73,San Diego,19,AVOCADOS,90,APH,UH,12,Heat,2,FEB,4.0,2220.0,2018-02-01
288375,2265,2018,6,CA,73,San Diego,19,AVOCADOS,90,APH,H,41,Frost,2,FEB,9.28,7429.2,2018-02-01
288376,2266,2018,6,CA,73,San Diego,19,AVOCADOS,90,APH,H,42,Freeze,2,FEB,13.0,18957.4,2018-02-01
288377,2267,2018,6,CA,73,San Diego,19,AVOCADOS,90,APH,H,42,Freeze,12,DEC,20.0,15494.0,2018-12-01
288378,2268,2018,6,CA,73,San Diego,19,AVOCADOS,90,APH,UH,42,Freeze,2,FEB,3.5,6456.0,2018-02-01
288379,2269,2018,6,CA,73,San Diego,19,AVOCADOS,90,APH,H,44,Cold Wet Weather,2,FEB,1.5,1500.9,2018-02-01
288380,2270,2018,6,CA,73,San Diego,19,AVOCADOS,90,APH,H,61,Wind/Excess Wind,4,APR,13.92,11143.8,2018-04-01
288381,2271,2018,6,CA,73,San Diego,19,AVOCADOS,90,APH,H,61,Wind/Excess Wind,11,NOV,5.0,3120.0,2018-11-01
288382,2272,2018,6,CA,73,San Diego,19,AVOCADOS,90,APH,H,61,Wind/Excess Wind,8,AUG,12.5,30704.0,2018-08-01
288383,2273,2018,6,CA,73,San Diego,19,AVOCADOS,90,APH,H,61,Wind/Excess Wind,12,DEC,18.85,6877.1,2018-12-01
288384,2274,2018,6,CA,73,San Diego,19,AVOCADOS,90,APH,UH,61,Wind/Excess Wind,12,DEC,4.4,12101.6,2018-12-01
288435,2325,2018,6,CA,79,San Luis Obispo,19,AVOCADOS,90,APH,UH,12,Heat,9,SEP,3.0,1184.0,2018-09-01
288436,2326,2018,6,CA,79,San Luis Obispo,19,AVOCADOS,90,APH,H,31,Excess Moisture/Precipitation/Rain,5,MAY,4.8,8766.6,2018-05-01
288437,2327,2018,6,CA,79,San Luis Obispo,19,AVOCADOS,90,APH,H,31,Excess Moisture/Precipitation/Rain,1,JAN,3.2,5844.4,2018-01-01
288438,2328,2018,6,CA,79,San Luis Obispo,19,AVOCADOS,90,APH,UH,44,Cold Wet Weather,4,APR,14.4,2369.0,2018-04-01
288451,2341,2018,6,CA,83,Santa Barbara,19,AVOCADOS,90,APH,H,12,Heat,7,JUL,120.305,95192.75,2018-07-01
288452,2342,2018,6,CA,83,Santa Barbara,19,AVOCADOS,90,APH,H,12,Heat,6,JUN,8.03,1904.6,2018-06-01
288453,2343,2018,6,CA,83,Santa Barbara,19,AVOCADOS,90,APH,UH,12,Heat,7,JUL,3.3,1327.8,2018-07-01
288455,2345,2018,6,CA,83,Santa Barbara,19,AVOCADOS,90,APH,H,42,Freeze,2,FEB,120.27,99040.8,2018-02-01
288456,2346,2018,6,CA,83,Santa Barbara,19,AVOCADOS,90,APH,H,51,Flood,1,JAN,40.08,7482.0,2018-01-01
288457,2347,2018,6,CA,83,Santa Barbara,19,AVOCADOS,90,APH,H,61,Wind/Excess Wind,4,APR,2.5,349.5,2018-04-01
288458,2348,2018,6,CA,83,Santa Barbara,19,AVOCADOS,90,APH,H,61,Wind/Excess Wind,12,DEC,1.59,2568.3,2018-12-01
288673,2563,2018,6,CA,111,Ventura,19,AVOCADOS,90,APH,H,12,Heat,6,JUN,57.72,110529.95,2018-06-01
288674,2564,2018,6,CA,111,Ventura,19,AVOCADOS,90,APH,H,12,Heat,8,AUG,2.32,585.2,2018-08-01
288675,2565,2018,6,CA,111,Ventura,19,AVOCADOS,90,APH,H,12,Heat,11,NOV,4.0,3334.0,2018-11-01
288676,2566,2018,6,CA,111,Ventura,19,AVOCADOS,90,APH,H,12,Heat,12,DEC,0.5,62.4,2018-12-01
288677,2567,2018,6,CA,111,Ventura,19,AVOCADOS,90,APH,H,12,Heat,9,SEP,45.13,118770.65,2018-09-01
288678,2568,2018,6,CA,111,Ventura,19,AVOCADOS,90,APH,H,12,Heat,10,OCT,31.13,119557.8,2018-10-01
288679,2569,2018,6,CA,111,Ventura,19,AVOCADOS,90,APH,H,12,Heat,4,APR,29.95,9234.06,2018-04-01
288680,2570,2018,6,CA,111,Ventura,19,AVOCADOS,90,APH,H,12,Heat,7,JUL,38.54,33765.4,2018-07-01
288681,2571,2018,6,CA,111,Ventura,19,AVOCADOS,90,APH,UH,12,Heat,9,SEP,1.8,2275.5,2018-09-01
288682,2572,2018,6,CA,111,Ventura,19,AVOCADOS,90,APH,H,42,Freeze,12,DEC,0.57,759.7,2018-12-01
288683,2573,2018,6,CA,111,Ventura,19,AVOCADOS,90,APH,H,61,Wind/Excess Wind,7,JUL,0.9,943.2,2018-07-01
288684,2574,2018,6,CA,111,Ventura,19,AVOCADOS,90,APH,H,61,Wind/Excess Wind,5,MAY,2.35,2439.6,2018-05-01
288685,2575,2018,6,CA,111,Ventura,19,AVOCADOS,90,APH,H,61,Wind/Excess Wind,12,DEC,52.225,94166.75,2018-12-01
288686,2576,2018,6,CA,111,Ventura,19,AVOCADOS,90,APH,H,61,Wind/Excess Wind,11,NOV,2.0,362.0,2018-11-01
288687,2577,2018,6,CA,111,Ventura,19,AVOCADOS,90,APH,H,61,Wind/Excess Wind,10,OCT,40.655,81302.09,2018-10-01
288688,2578,2018,6,CA,111,Ventura,19,AVOCADOS,90,APH,UH,61,Wind/Excess Wind,12,DEC,4.2,5309.5,2018-12-01
288689,2579,2018,6,CA,111,Ventura,19,AVOCADOS,90,APH,H,61,Wind/Excess Wind,4,APR,3.5,1846.6,2018-04-01
336034,2230,2018,6,CA,65,Riverside,19,AVOCADOS,90,APH,H,12,Heat,12,DEC,13.2,3902.4,2018-12-01
336035,2231,2018,6,CA,65,Riverside,19,AVOCADOS,90,APH,H,12,Heat,6,JUN,26.125,25553.75,2018-06-01
336036,2232,2018,6,CA,65,Riverside,19,AVOCADOS,90,APH,H,12,Heat,9,SEP,11.84,5841.3,2018-09-01
336037,2233,2018,6,CA,65,Riverside,19,AVOCADOS,90,APH,H,12,Heat,7,JUL,36.9,34442.0,2018-07-01
336038,2234,2018,6,CA,65,Riverside,19,AVOCADOS,90,APH,H,42,Freeze,2,FEB,21.4,14159.4,2018-02-01
336039,2235,2018,6,CA,65,Riverside,19,AVOCADOS,90,APH,H,42,Freeze,1,JAN,5.0,9677.0,2018-01-01
336040,2236,2018,6,CA,65,Riverside,19,AVOCADOS,90,APH,UH,42,Freeze,2,FEB,5.0,2512.0,2018-02-01
336041,2237,2018,6,CA,65,Riverside,19,AVOCADOS,90,APH,H,44,Cold Wet Weather,2,FEB,26.96,12311.9,2018-02-01
336042,2238,2018,6,CA,65,Riverside,19,AVOCADOS,90,APH,H,61,Wind/Excess Wind,10,OCT,0.875,1.25,2018-10-01
336075,2271,2018,6,CA,73,San Diego,19,AVOCADOS,90,APH,H,12,Heat,7,JUL,320.68,481046.8,2018-07-01
336076,2272,2018,6,CA,73,San Diego,19,AVOCADOS,90,APH,UH,12,Heat,8,AUG,2.0,3506.0,2018-08-01
336077,2273,2018,6,CA,73,San Diego,19,AVOCADOS,90,APH,P,12,Heat,6,JUN,26.0,0.0,2018-06-01
336078,2274,2018,6,CA,73,San Diego,19,AVOCADOS,90,APH,UH,12,Heat,7,JUL,22.6,27032.4,2018-07-01
336079,2275,2018,6,CA,73,San Diego,19,AVOCADOS,90,APH,H,12,Heat,11,NOV,11.76,6349.66,2018-11-01
336080,2276,2018,6,CA,73,San Diego,19,AVOCADOS,90,APH,H,12,Heat,2,FEB,0.32,470.2,2018-02-01
336081,2277,2018,6,CA,73,San Diego,19,AVOCADOS,90,APH,H,12,Heat,8,AUG,12.5,30704.0,2018-08-01
336082,2278,2018,6,CA,73,San Diego,19,AVOCADOS,90,APH,H,12,Heat,12,DEC,9.35,7870.5,2018-12-01
336083,2279,2018,6,CA,73,San Diego,19,AVOCADOS,90,APH,H,12,Heat,10,OCT,5.74,3925.34,2018-10-01
336084,2280,2018,6,CA,73,San Diego,19,AVOCADOS,90,APH,H,12,Heat,6,JUN,212.4,113389.0,2018-06-01
336085,2281,2018,6,CA,73,San Diego,19,AVOCADOS,90,APH,H,12,Heat,9,SEP,10.3,9226.1,2018-09-01
336086,2282,2018,6,CA,73,San Diego,19,AVOCADOS,90,APH,UH,12,Heat,2,FEB,4.0,2220.0,2018-02-01
336087,2283,2018,6,CA,73,San Diego,19,AVOCADOS,90,APH,H,41,Frost,2,FEB,9.28,7429.2,2018-02-01
336088,2284,2018,6,CA,73,San Diego,19,AVOCADOS,90,APH,H,42,Freeze,2,FEB,13.0,18957.4,2018-02-01
336089,2285,2018,6,CA,73,San Diego,19,AVOCADOS,90,APH,H,42,Freeze,12,DEC,20.0,15494.0,2018-12-01
336090,2286,2018,6,CA,73,San Diego,19,AVOCADOS,90,APH,UH,42,Freeze,2,FEB,3.5,6456.0,2018-02-01
336091,2287,2018,6,CA,73,San Diego,19,AVOCADOS,90,APH,H,44,Cold Wet Weather,2,FEB,1.5,1500.9,2018-02-01
336092,2288,2018,6,CA,73,San Diego,19,AVOCADOS,90,APH,H,61,Wind/Excess Wind,4,APR,13.92,11143.8,2018-04-01
336093,2289,2018,6,CA,73,San Diego,19,AVOCADOS,90,APH,H,61,Wind/Excess Wind,11,NOV,5.0,3120.0,2018-11-01
336094,2290,2018,6,CA,73,San Diego,19,AVOCADOS,90,APH,H,61,Wind/Excess Wind,8,AUG,12.5,30704.0,2018-08-01
336095,2291,2018,6,CA,73,San Diego,19,AVOCADOS,90,APH,H,61,Wind/Excess Wind,12,DEC,18.85,6877.1,2018-12-01
336096,2292,2018,6,CA,73,San Diego,19,AVOCADOS,90,APH,UH,61,Wind/Excess Wind,12,DEC,4.4,12101.6,2018-12-01
336147,2343,2018,6,CA,79,San Luis Obispo,19,AVOCADOS,90,APH,UH,12,Heat,9,SEP,3.0,1184.0,2018-09-01
336148,2344,2018,6,CA,79,San Luis Obispo,19,AVOCADOS,90,APH,H,31,Excess Moisture/Precipitation/Rain,5,MAY,4.8,8766.6,2018-05-01
336149,2345,2018,6,CA,79,San Luis Obispo,19,AVOCADOS,90,APH,H,31,Excess Moisture/Precipitation/Rain,1,JAN,3.2,5844.4,2018-01-01
336150,2346,2018,6,CA,79,San Luis Obispo,19,AVOCADOS,90,APH,UH,44,Cold Wet Weather,4,APR,14.4,2369.0,2018-04-01
336163,2359,2018,6,CA,83,Santa Barbara,19,AVOCADOS,90,APH,H,12,Heat,7,JUL,120.305,95192.75,2018-07-01
336164,2360,2018,6,CA,83,Santa Barbara,19,AVOCADOS,90,APH,H,12,Heat,6,JUN,8.03,1904.6,2018-06-01
336165,2361,2018,6,CA,83,Santa Barbara,19,AVOCADOS,90,APH,UH,12,Heat,7,JUL,3.3,1327.8,2018-07-01
336167,2363,2018,6,CA,83,Santa Barbara,19,AVOCADOS,90,APH,H,42,Freeze,2,FEB,120.27,99040.8,2018-02-01
336168,2364,2018,6,CA,83,Santa Barbara,19,AVOCADOS,90,APH,H,51,Flood,1,JAN,40.08,7482.0,2018-01-01
336169,2365,2018,6,CA,83,Santa Barbara,19,AVOCADOS,90,APH,H,61,Wind/Excess Wind,4,APR,2.5,349.5,2018-04-01
336170,2366,2018,6,CA,83,Santa Barbara,19,AVOCADOS,90,APH,H,61,Wind/Excess Wind,12,DEC,1.59,2568.3,2018-12-01
336385,2581,2018,6,CA,111,Ventura,19,AVOCADOS,90,APH,H,12,Heat,6,JUN,57.72,110529.95,2018-06-01
336386,2582,2018,6,CA,111,Ventura,19,AVOCADOS,90,APH,H,12,Heat,8,AUG,2.32,585.2,2018-08-01
336387,2583,2018,6,CA,111,Ventura,19,AVOCADOS,90,APH,H,12,Heat,11,NOV,4.0,3334.0,2018-11-01
336388,2584,2018,6,CA,111,Ventura,19,AVOCADOS,90,APH,H,12,Heat,12,DEC,0.5,62.4,2018-12-01
336389,2585,2018,6,CA,111,Ventura,19,AVOCADOS,90,APH,H,12,Heat,9,SEP,45.13,118770.65,2018-09-01
336390,2586,2018,6,CA,111,Ventura,19,AVOCADOS,90,APH,H,12,Heat,10,OCT,31.13,119557.8,2018-10-01
336391,2587,2018,6,CA,111,Ventura,19,AVOCADOS,90,APH,H,12,Heat,4,APR,29.95,9234.06,2018-04-01
336392,2588,2018,6,CA,111,Ventura,19,AVOCADOS,90,APH,H,12,Heat,7,JUL,38.54,33765.4,2018-07-01
336393,2589,2018,6,CA,111,Ventura,19,AVOCADOS,90,APH,UH,12,Heat,9,SEP,1.8,2275.5,2018-09-01
336394,2590,2018,6,CA,111,Ventura,19,AVOCADOS,90,APH,H,42,Freeze,12,DEC,0.57,759.7,2018-12-01
336395,2591,2018,6,CA,111,Ventura,19,AVOCADOS,90,APH,H,61,Wind/Excess Wind,7,JUL,0.9,943.2,2018-07-01
336396,2592,2018,6,CA,111,Ventura,19,AVOCADOS,90,APH,H,61,Wind/Excess Wind,5,MAY,2.35,2439.6,2018-05-01
336397,2593,2018,6,CA,111,Ventura,19,AVOCADOS,90,APH,H,61,Wind/Excess Wind,12,DEC,52.225,94166.75,2018-12-01
336398,2594,2018,6,CA,111,Ventura,19,AVOCADOS,90,APH,H,61,Wind/Excess Wind,11,NOV,2.0,362.0,2018-11-01
336399,2595,2018,6,CA,111,Ventura,19,AVOCADOS,90,APH,H,61,Wind/Excess Wind,10,OCT,40.655,81302.09,2018-10-01
336400,2596,2018,6,CA,111,Ventura,19,AVOCADOS,90,APH,UH,61,Wind/Excess Wind,12,DEC,4.2,5309.5,2018-12-01
336401,2597,2018,6,CA,111,Ventura,19,AVOCADOS,90,APH,H,61,Wind/Excess Wind,4,APR,3.5,1846.6,2018-04-01
383710,2194,2018,6,CA,65,Riverside,19,AVOCADOS,90,APH,H,12,Heat,12,DEC,13.2,3902.4,2018-12-01
383711,2195,2018,6,CA,65,Riverside,19,AVOCADOS,90,APH,H,12,Heat,6,JUN,26.125,25553.75,2018-06-01
383712,2196,2018,6,CA,65,Riverside,19,AVOCADOS,90,APH,H,12,Heat,9,SEP,11.84,5841.3,2018-09-01
383713,2197,2018,6,CA,65,Riverside,19,AVOCADOS,90,APH,H,12,Heat,7,JUL,36.9,34442.0,2018-07-01
383714,2198,2018,6,CA,65,Riverside,19,AVOCADOS,90,APH,H,42,Freeze,2,FEB,21.4,14159.4,2018-02-01
383715,2199,2018,6,CA,65,Riverside,19,AVOCADOS,90,APH,H,42,Freeze,1,JAN,5.0,9677.0,2018-01-01
383716,2200,2018,6,CA,65,Riverside,19,AVOCADOS,90,APH,UH,42,Freeze,2,FEB,5.0,2512.0,2018-02-01
383717,2201,2018,6,CA,65,Riverside,19,AVOCADOS,90,APH,H,44,Cold Wet Weather,2,FEB,26.96,12311.9,2018-02-01
383718,2202,2018,6,CA,65,Riverside,19,AVOCADOS,90,APH,H,61,Wind/Excess Wind,10,OCT,0.875,1.25,2018-10-01
383751,2235,2018,6,CA,73,San Diego,19,AVOCADOS,90,APH,H,12,Heat,7,JUL,320.68,481046.8,2018-07-01
383752,2236,2018,6,CA,73,San Diego,19,AVOCADOS,90,APH,UH,12,Heat,8,AUG,2.0,3506.0,2018-08-01
383753,2237,2018,6,CA,73,San Diego,19,AVOCADOS,90,APH,P,12,Heat,6,JUN,26.0,0.0,2018-06-01
383754,2238,2018,6,CA,73,San Diego,19,AVOCADOS,90,APH,UH,12,Heat,7,JUL,22.6,27032.4,2018-07-01
383755,2239,2018,6,CA,73,San Diego,19,AVOCADOS,90,APH,H,12,Heat,11,NOV,11.76,6349.66,2018-11-01
383756,2240,2018,6,CA,73,San Diego,19,AVOCADOS,90,APH,H,12,Heat,2,FEB,0.32,470.2,2018-02-01
383757,2241,2018,6,CA,73,San Diego,19,AVOCADOS,90,APH,H,12,Heat,8,AUG,12.5,30704.0,2018-08-01
383758,2242,2018,6,CA,73,San Diego,19,AVOCADOS,90,APH,H,12,Heat,12,DEC,9.35,7870.5,2018-12-01
383759,2243,2018,6,CA,73,San Diego,19,AVOCADOS,90,APH,H,12,Heat,10,OCT,5.74,3925.34,2018-10-01
383760,2244,2018,6,CA,73,San Diego,19,AVOCADOS,90,APH,H,12,Heat,6,JUN,212.4,113389.0,2018-06-01
383761,2245,2018,6,CA,73,San Diego,19,AVOCADOS,90,APH,H,12,Heat,9,SEP,10.3,9226.1,2018-09-01
383762,2246,2018,6,CA,73,San Diego,19,AVOCADOS,90,APH,UH,12,Heat,2,FEB,4.0,2220.0,2018-02-01
383763,2247,2018,6,CA,73,San Diego,19,AVOCADOS,90,APH,H,41,Frost,2,FEB,9.28,7429.2,2018-02-01
383764,2248,2018,6,CA,73,San Diego,19,AVOCADOS,90,APH,H,42,Freeze,2,FEB,13.0,18957.4,2018-02-01
383765,2249,2018,6,CA,73,San Diego,19,AVOCADOS,90,APH,H,42,Freeze,12,DEC,20.0,15494.0,2018-12-01
383766,2250,2018,6,CA,73,San Diego,19,AVOCADOS,90,APH,UH,42,Freeze,2,FEB,3.5,6456.0,2018-02-01
383767,2251,2018,6,CA,73,San Diego,19,AVOCADOS,90,APH,H,44,Cold Wet Weather,2,FEB,1.5,1500.9,2018-02-01
383768,2252,2018,6,CA,73,San Diego,19,AVOCADOS,90,APH,H,61,Wind/Excess Wind,4,APR,13.92,11143.8,2018-04-01
383769,2253,2018,6,CA,73,San Diego,19,AVOCADOS,90,APH,H,61,Wind/Excess Wind,11,NOV,5.0,3120.0,2018-11-01
383770,2254,2018,6,CA,73,San Diego,19,AVOCADOS,90,APH,H,61,Wind/Excess Wind,8,AUG,12.5,30704.0,2018-08-01
383771,2255,2018,6,CA,73,San Diego,19,AVOCADOS,90,APH,H,61,Wind/Excess Wind,12,DEC,18.85,6877.1,2018-12-01
383772,2256,2018,6,CA,73,San Diego,19,AVOCADOS,90,APH,UH,61,Wind/Excess Wind,12,DEC,4.4,12101.6,2018-12-01
383823,2307,2018,6,CA,79,San Luis Obispo,19,AVOCADOS,90,APH,UH,12,Heat,9,SEP,3.0,1184.0,2018-09-01
383824,2308,2018,6,CA,79,San Luis Obispo,19,AVOCADOS,90,APH,H,31,Excess Moisture/Precipitation/Rain,5,MAY,4.8,8766.6,2018-05-01
383825,2309,2018,6,CA,79,San Luis Obispo,19,AVOCADOS,90,APH,H,31,Excess Moisture/Precipitation/Rain,1,JAN,3.2,5844.4,2018-01-01
383826,2310,2018,6,CA,79,San Luis Obispo,19,AVOCADOS,90,APH,UH,44,Cold Wet Weather,4,APR,14.4,2369.0,2018-04-01
383839,2323,2018,6,CA,83,Santa Barbara,19,AVOCADOS,90,APH,H,12,Heat,7,JUL,120.305,95192.75,2018-07-01
383840,2324,2018,6,CA,83,Santa Barbara,19,AVOCADOS,90,APH,H,12,Heat,6,JUN,8.03,1904.6,2018-06-01
383841,2325,2018,6,CA,83,Santa Barbara,19,AVOCADOS,90,APH,UH,12,Heat,7,JUL,3.3,1327.8,2018-07-01
383843,2327,2018,6,CA,83,Santa Barbara,19,AVOCADOS,90,APH,H,42,Freeze,2,FEB,120.27,99040.8,2018-02-01
383844,2328,2018,6,CA,83,Santa Barbara,19,AVOCADOS,90,APH,H,51,Flood,1,JAN,40.08,7482.0,2018-01-01
383845,2329,2018,6,CA,83,Santa Barbara,19,AVOCADOS,90,APH,H,61,Wind/Excess Wind,4,APR,2.5,349.5,2018-04-01
383846,2330,2018,6,CA,83,Santa Barbara,19,AVOCADOS,90,APH,H,61,Wind/Excess Wind,12,DEC,1.59,2568.3,2018-12-01
384061,2545,2018,6,CA,111,Ventura,19,AVOCADOS,90,APH,H,12,Heat,6,JUN,57.72,110529.95,2018-06-01
384062,2546,2018,6,CA,111,Ventura,19,AVOCADOS,90,APH,H,12,Heat,8,AUG,2.32,585.2,2018-08-01
384063,2547,2018,6,CA,111,Ventura,19,AVOCADOS,90,APH,H,12,Heat,11,NOV,4.0,3334.0,2018-11-01
384064,2548,2018,6,CA,111,Ventura,19,AVOCADOS,90,APH,H,12,Heat,12,DEC,0.5,62.4,2018-12-01
384065,2549,2018,6,CA,111,Ventura,19,AVOCADOS,90,APH,H,12,Heat,9,SEP,45.13,118770.65,2018-09-01
384066,2550,2018,6,CA,111,Ventura,19,AVOCADOS,90,APH,H,12,Heat,10,OCT,31.13,119557.8,2018-10-01
384067,2551,2018,6,CA,111,Ventura,19,AVOCADOS,90,APH,H,12,Heat,4,APR,29.95,9234.06,2018-04-01
384068,2552,2018,6,CA,111,Ventura,19,AVOCADOS,90,APH,H,12,Heat,7,JUL,38.54,33765.4,2018-07-01
384069,2553,2018,6,CA,111,Ventura,19,AVOCADOS,90,APH,UH,12,Heat,9,SEP,1.8,2275.5,2018-09-01
384070,2554,2018,6,CA,111,Ventura,19,AVOCADOS,90,APH,H,42,Freeze,12,DEC,0.57,759.7,2018-12-01
384071,2555,2018,6,CA,111,Ventura,19,AVOCADOS,90,APH,H,61,Wind/Excess Wind,7,JUL,0.9,943.2,2018-07-01
384072,2556,2018,6,CA,111,Ventura,19,AVOCADOS,90,APH,H,61,Wind/Excess Wind,5,MAY,2.35,2439.6,2018-05-01
384073,2557,2018,6,CA,111,Ventura,19,AVOCADOS,90,APH,H,61,Wind/Excess Wind,12,DEC,52.225,94166.75,2018-12-01
384074,2558,2018,6,CA,111,Ventura,19,AVOCADOS,90,APH,H,61,Wind/Excess Wind,11,NOV,2.0,362.0,2018-11-01
384075,2559,2018,6,CA,111,Ventura,19,AVOCADOS,90,APH,H,61,Wind/Excess Wind,10,OCT,40.655,81302.09,2018-10-01
384076,2560,2018,6,CA,111,Ventura,19,AVOCADOS,90,APH,UH,61,Wind/Excess Wind,12,DEC,4.2,5309.5,2018-12-01
384077,2561,2018,6,CA,111,Ventura,19,AVOCADOS,90,APH,H,61,Wind/Excess Wind,4,APR,3.5,1846.6,2018-04-01
431400,2208,2018,6,CA,65,Riverside,19,AVOCADOS,90,APH,H,12,Heat,12,DEC,13.2,3902.4,2018-12-01
431401,2209,2018,6,CA,65,Riverside,19,AVOCADOS,90,APH,H,12,Heat,6,JUN,26.125,25553.75,2018-06-01
431402,2210,2018,6,CA,65,Riverside,19,AVOCADOS,90,APH,H,12,Heat,9,SEP,11.84,5841.3,2018-09-01
431403,2211,2018,6,CA,65,Riverside,19,AVOCADOS,90,APH,H,12,Heat,7,JUL,36.9,34442.0,2018-07-01
431404,2212,2018,6,CA,65,Riverside,19,AVOCADOS,90,APH,H,42,Freeze,2,FEB,21.4,14159.4,2018-02-01
431405,2213,2018,6,CA,65,Riverside,19,AVOCADOS,90,APH,H,42,Freeze,1,JAN,5.0,9677.0,2018-01-01
431406,2214,2018,6,CA,65,Riverside,19,AVOCADOS,90,APH,UH,42,Freeze,2,FEB,5.0,2512.0,2018-02-01
431407,2215,2018,6,CA,65,Riverside,19,AVOCADOS,90,APH,H,44,Cold Wet Weather,2,FEB,26.96,12311.9,2018-02-01
431408,2216,2018,6,CA,65,Riverside,19,AVOCADOS,90,APH,H,61,Wind/Excess Wind,10,OCT,0.875,1.25,2018-10-01
431441,2249,2018,6,CA,73,San Diego,19,AVOCADOS,90,APH,H,12,Heat,7,JUL,320.68,481046.8,2018-07-01
431442,2250,2018,6,CA,73,San Diego,19,AVOCADOS,90,APH,UH,12,Heat,8,AUG,2.0,3506.0,2018-08-01
431443,2251,2018,6,CA,73,San Diego,19,AVOCADOS,90,APH,P,12,Heat,6,JUN,26.0,0.0,2018-06-01
431444,2252,2018,6,CA,73,San Diego,19,AVOCADOS,90,APH,UH,12,Heat,7,JUL,22.6,27032.4,2018-07-01
431445,2253,2018,6,CA,73,San Diego,19,AVOCADOS,90,APH,H,12,Heat,11,NOV,11.76,6349.66,2018-11-01
431446,2254,2018,6,CA,73,San Diego,19,AVOCADOS,90,APH,H,12,Heat,2,FEB,0.32,470.2,2018-02-01
431447,2255,2018,6,CA,73,San Diego,19,AVOCADOS,90,APH,H,12,Heat,8,AUG,12.5,30704.0,2018-08-01
431448,2256,2018,6,CA,73,San Diego,19,AVOCADOS,90,APH,H,12,Heat,12,DEC,9.35,7870.5,2018-12-01
431449,2257,2018,6,CA,73,San Diego,19,AVOCADOS,90,APH,H,12,Heat,10,OCT,5.74,3925.34,2018-10-01
431450,2258,2018,6,CA,73,San Diego,19,AVOCADOS,90,APH,H,12,Heat,6,JUN,212.4,113389.0,2018-06-01
431451,2259,2018,6,CA,73,San Diego,19,AVOCADOS,90,APH,H,12,Heat,9,SEP,10.3,9226.1,2018-09-01
431452,2260,2018,6,CA,73,San Diego,19,AVOCADOS,90,APH,UH,12,Heat,2,FEB,4.0,2220.0,2018-02-01
431453,2261,2018,6,CA,73,San Diego,19,AVOCADOS,90,APH,H,41,Frost,2,FEB,9.28,7429.2,2018-02-01
431454,2262,2018,6,CA,73,San Diego,19,AVOCADOS,90,APH,H,42,Freeze,2,FEB,13.0,18957.4,2018-02-01
431455,2263,2018,6,CA,73,San Diego,19,AVOCADOS,90,APH,H,42,Freeze,12,DEC,20.0,15494.0,2018-12-01
431456,2264,2018,6,CA,73,San Diego,19,AVOCADOS,90,APH,UH,42,Freeze,2,FEB,3.5,6456.0,2018-02-01
431457,2265,2018,6,CA,73,San Diego,19,AVOCADOS,90,APH,H,44,Cold Wet Weather,2,FEB,1.5,1500.9,2018-02-01
431458,2266,2018,6,CA,73,San Diego,19,AVOCADOS,90,APH,H,61,Wind/Excess Wind,4,APR,13.92,11143.8,2018-04-01
431459,2267,2018,6,CA,73,San Diego,19,AVOCADOS,90,APH,H,61,Wind/Excess Wind,11,NOV,5.0,3120.0,2018-11-01
431460,2268,2018,6,CA,73,San Diego,19,AVOCADOS,90,APH,H,61,Wind/Excess Wind,8,AUG,12.5,30704.0,2018-08-01
431461,2269,2018,6,CA,73,San Diego,19,AVOCADOS,90,APH,H,61,Wind/Excess Wind,12,DEC,18.85,6877.1,2018-12-01
431462,2270,2018,6,CA,73,San Diego,19,AVOCADOS,90,APH,UH,61,Wind/Excess Wind,12,DEC,4.4,12101.6,2018-12-01
431513,2321,2018,6,CA,79,San Luis Obispo,19,AVOCADOS,90,APH,UH,12,Heat,9,SEP,3.0,1184.0,2018-09-01
431514,2322,2018,6,CA,79,San Luis Obispo,19,AVOCADOS,90,APH,H,31,Excess Moisture/Precipitation/Rain,5,MAY,4.8,8766.6,2018-05-01
431515,2323,2018,6,CA,79,San Luis Obispo,19,AVOCADOS,90,APH,H,31,Excess Moisture/Precipitation/Rain,1,JAN,3.2,5844.4,2018-01-01
431516,2324,2018,6,CA,79,San Luis Obispo,19,AVOCADOS,90,APH,UH,44,Cold Wet Weather,4,APR,14.4,2369.0,2018-04-01
431529,2337,2018,6,CA,83,Santa Barbara,19,AVOCADOS,90,APH,H,12,Heat,7,JUL,120.305,95192.75,2018-07-01
431530,2338,2018,6,CA,83,Santa Barbara,19,AVOCADOS,90,APH,H,12,Heat,6,JUN,8.03,1904.6,2018-06-01
431531,2339,2018,6,CA,83,Santa Barbara,19,AVOCADOS,90,APH,UH,12,Heat,7,JUL,3.3,1327.8,2018-07-01
431533,2341,2018,6,CA,83,Santa Barbara,19,AVOCADOS,90,APH,H,42,Freeze,2,FEB,120.27,99040.8,2018-02-01
431534,2342,2018,6,CA,83,Santa Barbara,19,AVOCADOS,90,APH,H,51,Flood,1,JAN,40.08,7482.0,2018-01-01
431535,2343,2018,6,CA,83,Santa Barbara,19,AVOCADOS,90,APH,H,61,Wind/Excess Wind,4,APR,2.5,349.5,2018-04-01
431536,2344,2018,6,CA,83,Santa Barbara,19,AVOCADOS,90,APH,H,61,Wind/Excess Wind,12,DEC,1.59,2568.3,2018-12-01
431751,2559,2018,6,CA,111,Ventura,19,AVOCADOS,90,APH,H,12,Heat,6,JUN,57.72,110529.95,2018-06-01
431752,2560,2018,6,CA,111,Ventura,19,AVOCADOS,90,APH,H,12,Heat,8,AUG,2.32,585.2,2018-08-01
431753,2561,2018,6,CA,111,Ventura,19,AVOCADOS,90,APH,H,12,Heat,11,NOV,4.0,3334.0,2018-11-01
431754,2562,2018,6,CA,111,Ventura,19,AVOCADOS,90,APH,H,12,Heat,12,DEC,0.5,62.4,2018-12-01
431755,2563,2018,6,CA,111,Ventura,19,AVOCADOS,90,APH,H,12,Heat,9,SEP,45.13,118770.65,2018-09-01
431756,2564,2018,6,CA,111,Ventura,19,AVOCADOS,90,APH,H,12,Heat,10,OCT,31.13,119557.8,2018-10-01
431757,2565,2018,6,CA,111,Ventura,19,AVOCADOS,90,APH,H,12,Heat,4,APR,29.95,9234.06,2018-04-01
431758,2566,2018,6,CA,111,Ventura,19,AVOCADOS,90,APH,H,12,Heat,7,JUL,38.54,33765.4,2018-07-01
431759,2567,2018,6,CA,111,Ventura,19,AVOCADOS,90,APH,UH,12,Heat,9,SEP,1.8,2275.5,2018-09-01
431760,2568,2018,6,CA,111,Ventura,19,AVOCADOS,90,APH,H,42,Freeze,12,DEC,0.57,759.7,2018-12-01
431761,2569,2018,6,CA,111,Ventura,19,AVOCADOS,90,APH,H,61,Wind/Excess Wind,7,JUL,0.9,943.2,2018-07-01
431762,2570,2018,6,CA,111,Ventura,19,AVOCADOS,90,APH,H,61,Wind/Excess Wind,5,MAY,2.35,2439.6,2018-05-01
431763,2571,2018,6,CA,111,Ventura,19,AVOCADOS,90,APH,H,61,Wind/Excess Wind,12,DEC,52.225,94166.75,2018-12-01
431764,2572,2018,6,CA,111,Ventura,19,AVOCADOS,90,APH,H,61,Wind/Excess Wind,11,NOV,2.0,362.0,2018-11-01
431765,2573,2018,6,CA,111,Ventura,19,AVOCADOS,90,APH,H,61,Wind/Excess Wind,10,OCT,40.655,81302.09,2018-10-01
431766,2574,2018,6,CA,111,Ventura,19,AVOCADOS,90,APH,UH,61,Wind/Excess Wind,12,DEC,4.2,5309.5,2018-12-01
431767,2575,2018,6,CA,111,Ventura,19,AVOCADOS,90,APH,H,61,Wind/Excess Wind,4,APR,3.5,1846.6,2018-04-01
479091,2209,2018,6,CA,65,Riverside,19,AVOCADOS,90,APH,H,12,Heat,12,DEC,13.2,3902.4,2018-12-01
479092,2210,2018,6,CA,65,Riverside,19,AVOCADOS,90,APH,H,12,Heat,6,JUN,26.125,25553.75,2018-06-01
479093,2211,2018,6,CA,65,Riverside,19,AVOCADOS,90,APH,H,12,Heat,9,SEP,11.84,5841.3,2018-09-01
479094,2212,2018,6,CA,65,Riverside,19,AVOCADOS,90,APH,H,12,Heat,7,JUL,36.9,34442.0,2018-07-01
479095,2213,2018,6,CA,65,Riverside,19,AVOCADOS,90,APH,H,42,Freeze,2,FEB,21.4,14159.4,2018-02-01
479096,2214,2018,6,CA,65,Riverside,19,AVOCADOS,90,APH,H,42,Freeze,1,JAN,5.0,9677.0,2018-01-01
479097,2215,2018,6,CA,65,Riverside,19,AVOCADOS,90,APH,UH,42,Freeze,2,FEB,5.0,2512.0,2018-02-01
479098,2216,2018,6,CA,65,Riverside,19,AVOCADOS,90,APH,H,44,Cold Wet Weather,2,FEB,26.96,12311.9,2018-02-01
479099,2217,2018,6,CA,65,Riverside,19,AVOCADOS,90,APH,H,61,Wind/Excess Wind,10,OCT,0.875,1.25,2018-10-01
479132,2250,2018,6,CA,73,San Diego,19,AVOCADOS,90,APH,H,12,Heat,7,JUL,320.68,481046.8,2018-07-01
479133,2251,2018,6,CA,73,San Diego,19,AVOCADOS,90,APH,UH,12,Heat,8,AUG,2.0,3506.0,2018-08-01
479134,2252,2018,6,CA,73,San Diego,19,AVOCADOS,90,APH,P,12,Heat,6,JUN,26.0,0.0,2018-06-01
479135,2253,2018,6,CA,73,San Diego,19,AVOCADOS,90,APH,UH,12,Heat,7,JUL,22.6,27032.4,2018-07-01
479136,2254,2018,6,CA,73,San Diego,19,AVOCADOS,90,APH,H,12,Heat,11,NOV,11.76,6349.66,2018-11-01
479137,2255,2018,6,CA,73,San Diego,19,AVOCADOS,90,APH,H,12,Heat,2,FEB,0.32,470.2,2018-02-01
479138,2256,2018,6,CA,73,San Diego,19,AVOCADOS,90,APH,H,12,Heat,8,AUG,12.5,30704.0,2018-08-01
479139,2257,2018,6,CA,73,San Diego,19,AVOCADOS,90,APH,H,12,Heat,12,DEC,9.35,7870.5,2018-12-01
479140,2258,2018,6,CA,73,San Diego,19,AVOCADOS,90,APH,H,12,Heat,10,OCT,5.74,3925.34,2018-10-01
479141,2259,2018,6,CA,73,San Diego,19,AVOCADOS,90,APH,H,12,Heat,6,JUN,212.4,113389.0,2018-06-01
479142,2260,2018,6,CA,73,San Diego,19,AVOCADOS,90,APH,H,12,Heat,9,SEP,10.3,9226.1,2018-09-01
479143,2261,2018,6,CA,73,San Diego,19,AVOCADOS,90,APH,UH,12,Heat,2,FEB,4.0,2220.0,2018-02-01
479144,2262,2018,6,CA,73,San Diego,19,AVOCADOS,90,APH,H,41,Frost,2,FEB,9.28,7429.2,2018-02-01
479145,2263,2018,6,CA,73,San Diego,19,AVOCADOS,90,APH,H,42,Freeze,2,FEB,13.0,18957.4,2018-02-01
479146,2264,2018,6,CA,73,San Diego,19,AVOCADOS,90,APH,H,42,Freeze,12,DEC,20.0,15494.0,2018-12-01
479147,2265,2018,6,CA,73,San Diego,19,AVOCADOS,90,APH,UH,42,Freeze,2,FEB,3.5,6456.0,2018-02-01
479148,2266,2018,6,CA,73,San Diego,19,AVOCADOS,90,APH,H,44,Cold Wet Weather,2,FEB,1.5,1500.9,2018-02-01
479149,2267,2018,6,CA,73,San Diego,19,AVOCADOS,90,APH,H,61,Wind/Excess Wind,4,APR,13.92,11143.8,2018-04-01
479150,2268,2018,6,CA,73,San Diego,19,AVOCADOS,90,APH,H,61,Wind/Excess Wind,11,NOV,5.0,3120.0,2018-11-01
479151,2269,2018,6,CA,73,San Diego,19,AVOCADOS,90,APH,H,61,Wind/Excess Wind,8,AUG,12.5,30704.0,2018-08-01
479152,2270,2018,6,CA,73,San Diego,19,AVOCADOS,90,APH,H,61,Wind/Excess Wind,12,DEC,18.85,6877.1,2018-12-01
479153,2271,2018,6,CA,73,San Diego,19,AVOCADOS,90,APH,UH,61,Wind/Excess Wind,12,DEC,4.4,12101.6,2018-12-01
479204,2322,2018,6,CA,79,San Luis Obispo,19,AVOCADOS,90,APH,UH,12,Heat,9,SEP,3.0,1184.0,2018-09-01
479205,2323,2018,6,CA,79,San Luis Obispo,19,AVOCADOS,90,APH,H,31,Excess Moisture/Precipitation/Rain,5,MAY,4.8,8766.6,2018-05-01
479206,2324,2018,6,CA,79,San Luis Obispo,19,AVOCADOS,90,APH,H,31,Excess Moisture/Precipitation/Rain,1,JAN,3.2,5844.4,2018-01-01
479207,2325,2018,6,CA,79,San Luis Obispo,19,AVOCADOS,90,APH,UH,44,Cold Wet Weather,4,APR,14.4,2369.0,2018-04-01
479220,2338,2018,6,CA,83,Santa Barbara,19,AVOCADOS,90,APH,H,12,Heat,7,JUL,120.305,95192.75,2018-07-01
479221,2339,2018,6,CA,83,Santa Barbara,19,AVOCADOS,90,APH,H,12,Heat,6,JUN,8.03,1904.6,2018-06-01
479222,2340,2018,6,CA,83,Santa Barbara,19,AVOCADOS,90,APH,UH,12,Heat,7,JUL,3.3,1327.8,2018-07-01
479224,2342,2018,6,CA,83,Santa Barbara,19,AVOCADOS,90,APH,H,42,Freeze,2,FEB,120.27,99040.8,2018-02-01
479225,2343,2018,6,CA,83,Santa Barbara,19,AVOCADOS,90,APH,H,51,Flood,1,JAN,40.08,7482.0,2018-01-01
479226,2344,2018,6,CA,83,Santa Barbara,19,AVOCADOS,90,APH,H,61,Wind/Excess Wind,4,APR,2.5,349.5,2018-04-01
479227,2345,2018,6,CA,83,Santa Barbara,19,AVOCADOS,90,APH,H,61,Wind/Excess Wind,12,DEC,1.59,2568.3,2018-12-01
479442,2560,2018,6,CA,111,Ventura,19,AVOCADOS,90,APH,H,12,Heat,6,JUN,57.72,110529.95,2018-06-01
479443,2561,2018,6,CA,111,Ventura,19,AVOCADOS,90,APH,H,12,Heat,8,AUG,2.32,585.2,2018-08-01
479444,2562,2018,6,CA,111,Ventura,19,AVOCADOS,90,APH,H,12,Heat,11,NOV,4.0,3334.0,2018-11-01
479445,2563,2018,6,CA,111,Ventura,19,AVOCADOS,90,APH,H,12,Heat,12,DEC,0.5,62.4,2018-12-01
479446,2564,2018,6,CA,111,Ventura,19,AVOCADOS,90,APH,H,12,Heat,9,SEP,45.13,118770.65,2018-09-01
479447,2565,2018,6,CA,111,Ventura,19,AVOCADOS,90,APH,H,12,Heat,10,OCT,31.13,119557.8,2018-10-01
479448,2566,2018,6,CA,111,Ventura,19,AVOCADOS,90,APH,H,12,Heat,4,APR,29.95,9234.06,2018-04-01
479449,2567,2018,6,CA,111,Ventura,19,AVOCADOS,90,APH,H,12,Heat,7,JUL,38.54,33765.4,2018-07-01
479450,2568,2018,6,CA,111,Ventura,19,AVOCADOS,90,APH,UH,12,Heat,9,SEP,1.8,2275.5,2018-09-01
479451,2569,2018,6,CA,111,Ventura,19,AVOCADOS,90,APH,H,42,Freeze,12,DEC,0.57,759.7,2018-12-01
479452,2570,2018,6,CA,111,Ventura,19,AVOCADOS,90,APH,H,61,Wind/Excess Wind,7,JUL,0.9,943.2,2018-07-01
479453,2571,2018,6,CA,111,Ventura,19,AVOCADOS,90,APH,H,61,Wind/Excess Wind,5,MAY,2.35,2439.6,2018-05-01
479454,2572,2018,6,CA,111,Ventura,19,AVOCADOS,90,APH,H,61,Wind/Excess Wind,12,DEC,52.225,94166.75,2018-12-01
479455,2573,2018,6,CA,111,Ventura,19,AVOCADOS,90,APH,H,61,Wind/Excess Wind,11,NOV,2.0,362.0,2018-11-01
479456,2574,2018,6,CA,111,Ventura,19,AVOCADOS,90,APH,H,61,Wind/Excess Wind,10,OCT,40.655,81302.09,2018-10-01
479457,2575,2018,6,CA,111,Ventura,19,AVOCADOS,90,APH,UH,61,Wind/Excess Wind,12,DEC,4.2,5309.5,2018-12-01
479458,2576,2018,6,CA,111,Ventura,19,AVOCADOS,90,APH,H,61,Wind/Excess Wind,4,APR,3.5,1846.6,2018-04-01
526768,2195,2018,6,CA,65,Riverside,19,AVOCADOS,90,APH,H,12,Heat,12,DEC,13.2,3902.4,2018-12-01
526769,2196,2018,6,CA,65,Riverside,19,AVOCADOS,90,APH,H,12,Heat,6,JUN,26.125,25553.75,2018-06-01
526770,2197,2018,6,CA,65,Riverside,19,AVOCADOS,90,APH,H,12,Heat,9,SEP,11.84,5841.3,2018-09-01
526771,2198,2018,6,CA,65,Riverside,19,AVOCADOS,90,APH,H,12,Heat,7,JUL,36.9,34442.0,2018-07-01
526772,2199,2018,6,CA,65,Riverside,19,AVOCADOS,90,APH,H,42,Freeze,2,FEB,21.4,14159.4,2018-02-01
526773,2200,2018,6,CA,65,Riverside,19,AVOCADOS,90,APH,H,42,Freeze,1,JAN,5.0,9677.0,2018-01-01
526774,2201,2018,6,CA,65,Riverside,19,AVOCADOS,90,APH,UH,42,Freeze,2,FEB,5.0,2512.0,2018-02-01
526775,2202,2018,6,CA,65,Riverside,19,AVOCADOS,90,APH,H,44,Cold Wet Weather,2,FEB,26.96,12311.9,2018-02-01
526776,2203,2018,6,CA,65,Riverside,19,AVOCADOS,90,APH,H,61,Wind/Excess Wind,10,OCT,0.875,1.25,2018-10-01
526809,2236,2018,6,CA,73,San Diego,19,AVOCADOS,90,APH,H,12,Heat,7,JUL,320.68,481046.8,2018-07-01
526810,2237,2018,6,CA,73,San Diego,19,AVOCADOS,90,APH,UH,12,Heat,8,AUG,2.0,3506.0,2018-08-01
526811,2238,2018,6,CA,73,San Diego,19,AVOCADOS,90,APH,P,12,Heat,6,JUN,26.0,0.0,2018-06-01
526812,2239,2018,6,CA,73,San Diego,19,AVOCADOS,90,APH,UH,12,Heat,7,JUL,22.6,27032.4,2018-07-01
526813,2240,2018,6,CA,73,San Diego,19,AVOCADOS,90,APH,H,12,Heat,11,NOV,11.76,6349.66,2018-11-01
526814,2241,2018,6,CA,73,San Diego,19,AVOCADOS,90,APH,H,12,Heat,2,FEB,0.32,470.2,2018-02-01
526815,2242,2018,6,CA,73,San Diego,19,AVOCADOS,90,APH,H,12,Heat,8,AUG,12.5,30704.0,2018-08-01
526816,2243,2018,6,CA,73,San Diego,19,AVOCADOS,90,APH,H,12,Heat,12,DEC,9.35,7870.5,2018-12-01
526817,2244,2018,6,CA,73,San Diego,19,AVOCADOS,90,APH,H,12,Heat,10,OCT,5.74,3925.34,2018-10-01
526818,2245,2018,6,CA,73,San Diego,19,AVOCADOS,90,APH,H,12,Heat,6,JUN,212.4,113389.0,2018-06-01
526819,2246,2018,6,CA,73,San Diego,19,AVOCADOS,90,APH,H,12,Heat,9,SEP,10.3,9226.1,2018-09-01
526820,2247,2018,6,CA,73,San Diego,19,AVOCADOS,90,APH,UH,12,Heat,2,FEB,4.0,2220.0,2018-02-01
526821,2248,2018,6,CA,73,San Diego,19,AVOCADOS,90,APH,H,41,Frost,2,FEB,9.28,7429.2,2018-02-01
526822,2249,2018,6,CA,73,San Diego,19,AVOCADOS,90,APH,H,42,Freeze,2,FEB,13.0,18957.4,2018-02-01
526823,2250,2018,6,CA,73,San Diego,19,AVOCADOS,90,APH,H,42,Freeze,12,DEC,20.0,15494.0,2018-12-01
526824,2251,2018,6,CA,73,San Diego,19,AVOCADOS,90,APH,UH,42,Freeze,2,FEB,3.5,6456.0,2018-02-01
526825,2252,2018,6,CA,73,San Diego,19,AVOCADOS,90,APH,H,44,Cold Wet Weather,2,FEB,1.5,1500.9,2018-02-01
526826,2253,2018,6,CA,73,San Diego,19,AVOCADOS,90,APH,H,61,Wind/Excess Wind,4,APR,13.92,11143.8,2018-04-01
526827,2254,2018,6,CA,73,San Diego,19,AVOCADOS,90,APH,H,61,Wind/Excess Wind,11,NOV,5.0,3120.0,2018-11-01
526828,2255,2018,6,CA,73,San Diego,19,AVOCADOS,90,APH,H,61,Wind/Excess Wind,8,AUG,12.5,30704.0,2018-08-01
526829,2256,2018,6,CA,73,San Diego,19,AVOCADOS,90,APH,H,61,Wind/Excess Wind,12,DEC,18.85,6877.1,2018-12-01
526830,2257,2018,6,CA,73,San Diego,19,AVOCADOS,90,APH,UH,61,Wind/Excess Wind,12,DEC,4.4,12101.6,2018-12-01
526881,2308,2018,6,CA,79,San Luis Obispo,19,AVOCADOS,90,APH,UH,12,Heat,9,SEP,3.0,1184.0,2018-09-01
526882,2309,2018,6,CA,79,San Luis Obispo,19,AVOCADOS,90,APH,H,31,Excess Moisture/Precipitation/Rain,5,MAY,4.8,8766.6,2018-05-01
526883,2310,2018,6,CA,79,San Luis Obispo,19,AVOCADOS,90,APH,H,31,Excess Moisture/Precipitation/Rain,1,JAN,3.2,5844.4,2018-01-01
526884,2311,2018,6,CA,79,San Luis Obispo,19,AVOCADOS,90,APH,UH,44,Cold Wet Weather,4,APR,14.4,2369.0,2018-04-01
526897,2324,2018,6,CA,83,Santa Barbara,19,AVOCADOS,90,APH,H,12,Heat,7,JUL,120.305,95192.75,2018-07-01
526898,2325,2018,6,CA,83,Santa Barbara,19,AVOCADOS,90,APH,H,12,Heat,6,JUN,8.03,1904.6,2018-06-01
526899,2326,2018,6,CA,83,Santa Barbara,19,AVOCADOS,90,APH,UH,12,Heat,7,JUL,3.3,1327.8,2018-07-01
526901,2328,2018,6,CA,83,Santa Barbara,19,AVOCADOS,90,APH,H,42,Freeze,2,FEB,120.27,99040.8,2018-02-01
526902,2329,2018,6,CA,83,Santa Barbara,19,AVOCADOS,90,APH,H,51,Flood,1,JAN,40.08,7482.0,2018-01-01
526903,2330,2018,6,CA,83,Santa Barbara,19,AVOCADOS,90,APH,H,61,Wind/Excess Wind,4,APR,2.5,349.5,2018-04-01
526904,2331,2018,6,CA,83,Santa Barbara,19,AVOCADOS,90,APH,H,61,Wind/Excess Wind,12,DEC,1.59,2568.3,2018-12-01
527119,2546,2018,6,CA,111,Ventura,19,AVOCADOS,90,APH,H,12,Heat,6,JUN,57.72,110529.95,2018-06-01
527120,2547,2018,6,CA,111,Ventura,19,AVOCADOS,90,APH,H,12,Heat,8,AUG,2.32,585.2,2018-08-01
527121,2548,2018,6,CA,111,Ventura,19,AVOCADOS,90,APH,H,12,Heat,11,NOV,4.0,3334.0,2018-11-01
527122,2549,2018,6,CA,111,Ventura,19,AVOCADOS,90,APH,H,12,Heat,12,DEC,0.5,62.4,2018-12-01
527123,2550,2018,6,CA,111,Ventura,19,AVOCADOS,90,APH,H,12,Heat,9,SEP,45.13,118770.65,2018-09-01
527124,2551,2018,6,CA,111,Ventura,19,AVOCADOS,90,APH,H,12,Heat,10,OCT,31.13,119557.8,2018-10-01
527125,2552,2018,6,CA,111,Ventura,19,AVOCADOS,90,APH,H,12,Heat,4,APR,29.95,9234.06,2018-04-01
527126,2553,2018,6,CA,111,Ventura,19,AVOCADOS,90,APH,H,12,Heat,7,JUL,38.54,33765.4,2018-07-01
527127,2554,2018,6,CA,111,Ventura,19,AVOCADOS,90,APH,UH,12,Heat,9,SEP,1.8,2275.5,2018-09-01
527128,2555,2018,6,CA,111,Ventura,19,AVOCADOS,90,APH,H,42,Freeze,12,DEC,0.57,759.7,2018-12-01
527129,2556,2018,6,CA,111,Ventura,19,AVOCADOS,90,APH,H,61,Wind/Excess Wind,7,JUL,0.9,943.2,2018-07-01
527130,2557,2018,6,CA,111,Ventura,19,AVOCADOS,90,APH,H,61,Wind/Excess Wind,5,MAY,2.35,2439.6,2018-05-01
527131,2558,2018,6,CA,111,Ventura,19,AVOCADOS,90,APH,H,61,Wind/Excess Wind,12,DEC,52.225,94166.75,2018-12-01
527132,2559,2018,6,CA,111,Ventura,19,AVOCADOS,90,APH,H,61,Wind/Excess Wind,11,NOV,2.0,362.0,2018-11-01
527133,2560,2018,6,CA,111,Ventura,19,AVOCADOS,90,APH,H,61,Wind/Excess Wind,10,OCT,40.655,81302.09,2018-10-01
527134,2561,2018,6,CA,111,Ventura,19,AVOCADOS,90,APH,UH,61,Wind/Excess Wind,12,DEC,4.2,5309.5,2018-12-01
527135,2562,2018,6,CA,111,Ventura,19,AVOCADOS,90,APH,H,61,Wind/Excess Wind,4,APR,3.5,1846.6,2018-04-01
574461,2211,2018,6,CA,65,Riverside,19,AVOCADOS,90,APH,H,12,Heat,12,DEC,13.2,3902.4,2018-12-01
574462,2212,2018,6,CA,65,Riverside,19,AVOCADOS,90,APH,H,12,Heat,6,JUN,26.125,25553.75,2018-06-01
574463,2213,2018,6,CA,65,Riverside,19,AVOCADOS,90,APH,H,12,Heat,9,SEP,11.84,5841.3,2018-09-01
574464,2214,2018,6,CA,65,Riverside,19,AVOCADOS,90,APH,H,12,Heat,7,JUL,36.9,34442.0,2018-07-01
574465,2215,2018,6,CA,65,Riverside,19,AVOCADOS,90,APH,H,42,Freeze,2,FEB,21.4,14159.4,2018-02-01
574466,2216,2018,6,CA,65,Riverside,19,AVOCADOS,90,APH,H,42,Freeze,1,JAN,5.0,9677.0,2018-01-01
574467,2217,2018,6,CA,65,Riverside,19,AVOCADOS,90,APH,UH,42,Freeze,2,FEB,5.0,2512.0,2018-02-01
574468,2218,2018,6,CA,65,Riverside,19,AVOCADOS,90,APH,H,44,Cold Wet Weather,2,FEB,26.96,12311.9,2018-02-01
574469,2219,2018,6,CA,65,Riverside,19,AVOCADOS,90,APH,H,61,Wind/Excess Wind,10,OCT,0.875,1.25,2018-10-01
574502,2252,2018,6,CA,73,San Diego,19,AVOCADOS,90,APH,H,12,Heat,7,JUL,320.68,481046.8,2018-07-01
574503,2253,2018,6,CA,73,San Diego,19,AVOCADOS,90,APH,UH,12,Heat,8,AUG,2.0,3506.0,2018-08-01
574504,2254,2018,6,CA,73,San Diego,19,AVOCADOS,90,APH,P,12,Heat,6,JUN,26.0,0.0,2018-06-01
574505,2255,2018,6,CA,73,San Diego,19,AVOCADOS,90,APH,UH,12,Heat,7,JUL,22.6,27032.4,2018-07-01
574506,2256,2018,6,CA,73,San Diego,19,AVOCADOS,90,APH,H,12,Heat,11,NOV,11.76,6349.66,2018-11-01
574507,2257,2018,6,CA,73,San Diego,19,AVOCADOS,90,APH,H,12,Heat,2,FEB,0.32,470.2,2018-02-01
574508,2258,2018,6,CA,73,San Diego,19,AVOCADOS,90,APH,H,12,Heat,8,AUG,12.5,30704.0,2018-08-01
574509,2259,2018,6,CA,73,San Diego,19,AVOCADOS,90,APH,H,12,Heat,12,DEC,9.35,7870.5,2018-12-01
574510,2260,2018,6,CA,73,San Diego,19,AVOCADOS,90,APH,H,12,Heat,10,OCT,5.74,3925.34,2018-10-01
574511,2261,2018,6,CA,73,San Diego,19,AVOCADOS,90,APH,H,12,Heat,6,JUN,212.4,113389.0,2018-06-01
574512,2262,2018,6,CA,73,San Diego,19,AVOCADOS,90,APH,H,12,Heat,9,SEP,10.3,9226.1,2018-09-01
574513,2263,2018,6,CA,73,San Diego,19,AVOCADOS,90,APH,UH,12,Heat,2,FEB,4.0,2220.0,2018-02-01
574514,2264,2018,6,CA,73,San Diego,19,AVOCADOS,90,APH,H,41,Frost,2,FEB,9.28,7429.2,2018-02-01
574515,2265,2018,6,CA,73,San Diego,19,AVOCADOS,90,APH,H,42,Freeze,2,FEB,13.0,18957.4,2018-02-01
574516,2266,2018,6,CA,73,San Diego,19,AVOCADOS,90,APH,H,42,Freeze,12,DEC,20.0,15494.0,2018-12-01
574517,2267,2018,6,CA,73,San Diego,19,AVOCADOS,90,APH,UH,42,Freeze,2,FEB,3.5,6456.0,2018-02-01
574518,2268,2018,6,CA,73,San Diego,19,AVOCADOS,90,APH,H,44,Cold Wet Weather,2,FEB,1.5,1500.9,2018-02-01
574519,2269,2018,6,CA,73,San Diego,19,AVOCADOS,90,APH,H,61,Wind/Excess Wind,4,APR,13.92,11143.8,2018-04-01
574520,2270,2018,6,CA,73,San Diego,19,AVOCADOS,90,APH,H,61,Wind/Excess Wind,11,NOV,5.0,3120.0,2018-11-01
574521,2271,2018,6,CA,73,San Diego,19,AVOCADOS,90,APH,H,61,Wind/Excess Wind,8,AUG,12.5,30704.0,2018-08-01
574522,2272,2018,6,CA,73,San Diego,19,AVOCADOS,90,APH,H,61,Wind/Excess Wind,12,DEC,18.85,6877.1,2018-12-01
574523,2273,2018,6,CA,73,San Diego,19,AVOCADOS,90,APH,UH,61,Wind/Excess Wind,12,DEC,4.4,12101.6,2018-12-01
574574,2324,2018,6,CA,79,San Luis Obispo,19,AVOCADOS,90,APH,UH,12,Heat,9,SEP,3.0,1184.0,2018-09-01
574575,2325,2018,6,CA,79,San Luis Obispo,19,AVOCADOS,90,APH,H,31,Excess Moisture/Precipitation/Rain,5,MAY,4.8,8766.6,2018-05-01
574576,2326,2018,6,CA,79,San Luis Obispo,19,AVOCADOS,90,APH,H,31,Excess Moisture/Precipitation/Rain,1,JAN,3.2,5844.4,2018-01-01
574577,2327,2018,6,CA,79,San Luis Obispo,19,AVOCADOS,90,APH,UH,44,Cold Wet Weather,4,APR,14.4,2369.0,2018-04-01
574590,2340,2018,6,CA,83,Santa Barbara,19,AVOCADOS,90,APH,H,12,Heat,7,JUL,120.305,95192.75,2018-07-01
574591,2341,2018,6,CA,83,Santa Barbara,19,AVOCADOS,90,APH,H,12,Heat,6,JUN,8.03,1904.6,2018-06-01
574592,2342,2018,6,CA,83,Santa Barbara,19,AVOCADOS,90,APH,UH,12,Heat,7,JUL,3.3,1327.8,2018-07-01
574594,2344,2018,6,CA,83,Santa Barbara,19,AVOCADOS,90,APH,H,42,Freeze,2,FEB,120.27,99040.8,2018-02-01
574595,2345,2018,6,CA,83,Santa Barbara,19,AVOCADOS,90,APH,H,51,Flood,1,JAN,40.08,7482.0,2018-01-01
574596,2346,2018,6,CA,83,Santa Barbara,19,AVOCADOS,90,APH,H,61,Wind/Excess Wind,4,APR,2.5,349.5,2018-04-01
574597,2347,2018,6,CA,83,Santa Barbara,19,AVOCADOS,90,APH,H,61,Wind/Excess Wind,12,DEC,1.59,2568.3,2018-12-01
574812,2562,2018,6,CA,111,Ventura,19,AVOCADOS,90,APH,H,12,Heat,6,JUN,57.72,110529.95,2018-06-01
574813,2563,2018,6,CA,111,Ventura,19,AVOCADOS,90,APH,H,12,Heat,8,AUG,2.32,585.2,2018-08-01
574814,2564,2018,6,CA,111,Ventura,19,AVOCADOS,90,APH,H,12,Heat,11,NOV,4.0,3334.0,2018-11-01
574815,2565,2018,6,CA,111,Ventura,19,AVOCADOS,90,APH,H,12,Heat,12,DEC,0.5,62.4,2018-12-01
574816,2566,2018,6,CA,111,Ventura,19,AVOCADOS,90,APH,H,12,Heat,9,SEP,45.13,118770.65,2018-09-01
574817,2567,2018,6,CA,111,Ventura,19,AVOCADOS,90,APH,H,12,Heat,10,OCT,31.13,119557.8,2018-10-01
574818,2568,2018,6,CA,111,Ventura,19,AVOCADOS,90,APH,H,12,Heat,4,APR,29.95,9234.06,2018-04-01
574819,2569,2018,6,CA,111,Ventura,19,AVOCADOS,90,APH,H,12,Heat,7,JUL,38.54,33765.4,2018-07-01
574820,2570,2018,6,CA,111,Ventura,19,AVOCADOS,90,APH,UH,12,Heat,9,SEP,1.8,2275.5,2018-09-01
574821,2571,2018,6,CA,111,Ventura,19,AVOCADOS,90,APH,H,42,Freeze,12,DEC,0.57,759.7,2018-12-01
574822,2572,2018,6,CA,111,Ventura,19,AVOCADOS,90,APH,H,61,Wind/Excess Wind,7,JUL,0.9,943.2,2018-07-01
574823,2573,2018,6,CA,111,Ventura,19,AVOCADOS,90,APH,H,61,Wind/Excess Wind,5,MAY,2.35,2439.6,2018-05-01
574824,2574,2018,6,CA,111,Ventura,19,AVOCADOS,90,APH,H,61,Wind/Excess Wind,12,DEC,52.225,94166.75,2018-12-01
574825,2575,2018,6,CA,111,Ventura,19,AVOCADOS,90,APH,H,61,Wind/Excess Wind,11,NOV,2.0,362.0,2018-11-01
574826,2576,2018,6,CA,111,Ventura,19,AVOCADOS,90,APH,H,61,Wind/Excess Wind,10,OCT,40.655,81302.09,2018-10-01
574827,2577,2018,6,CA,111,Ventura,19,AVOCADOS,90,APH,UH,61,Wind/Excess Wind,12,DEC,4.2,5309.5,2018-12-01
574828,2578,2018,6,CA,111,Ventura,19,AVOCADOS,90,APH,H,61,Wind/Excess Wind,4,APR,3.5,1846.6,2018-04-01
622140,2197,2018,6,CA,65,Riverside,19,AVOCADOS,90,APH,H,12,Heat,12,DEC,13.2,3902.4,2018-12-01
622141,2198,2018,6,CA,65,Riverside,19,AVOCADOS,90,APH,H,12,Heat,6,JUN,26.125,25553.75,2018-06-01
622142,2199,2018,6,CA,65,Riverside,19,AVOCADOS,90,APH,H,12,Heat,9,SEP,11.84,5841.3,2018-09-01
622143,2200,2018,6,CA,65,Riverside,19,AVOCADOS,90,APH,H,12,Heat,7,JUL,36.9,34442.0,2018-07-01
622144,2201,2018,6,CA,65,Riverside,19,AVOCADOS,90,APH,H,42,Freeze,2,FEB,21.4,14159.4,2018-02-01
622145,2202,2018,6,CA,65,Riverside,19,AVOCADOS,90,APH,H,42,Freeze,1,JAN,5.0,9677.0,2018-01-01
622146,2203,2018,6,CA,65,Riverside,19,AVOCADOS,90,APH,UH,42,Freeze,2,FEB,5.0,2512.0,2018-02-01
622147,2204,2018,6,CA,65,Riverside,19,AVOCADOS,90,APH,H,44,Cold Wet Weather,2,FEB,26.96,12311.9,2018-02-01
622148,2205,2018,6,CA,65,Riverside,19,AVOCADOS,90,APH,H,61,Wind/Excess Wind,10,OCT,0.875,1.25,2018-10-01
622181,2238,2018,6,CA,73,San Diego,19,AVOCADOS,90,APH,H,12,Heat,7,JUL,320.68,481046.8,2018-07-01
622182,2239,2018,6,CA,73,San Diego,19,AVOCADOS,90,APH,UH,12,Heat,8,AUG,2.0,3506.0,2018-08-01
622183,2240,2018,6,CA,73,San Diego,19,AVOCADOS,90,APH,P,12,Heat,6,JUN,26.0,0.0,2018-06-01
622184,2241,2018,6,CA,73,San Diego,19,AVOCADOS,90,APH,UH,12,Heat,7,JUL,22.6,27032.4,2018-07-01
622185,2242,2018,6,CA,73,San Diego,19,AVOCADOS,90,APH,H,12,Heat,11,NOV,11.76,6349.66,2018-11-01
622186,2243,2018,6,CA,73,San Diego,19,AVOCADOS,90,APH,H,12,Heat,2,FEB,0.32,470.2,2018-02-01
622187,2244,2018,6,CA,73,San Diego,19,AVOCADOS,90,APH,H,12,Heat,8,AUG,12.5,30704.0,2018-08-01
622188,2245,2018,6,CA,73,San Diego,19,AVOCADOS,90,APH,H,12,Heat,12,DEC,9.35,7870.5,2018-12-01
622189,2246,2018,6,CA,73,San Diego,19,AVOCADOS,90,APH,H,12,Heat,10,OCT,5.74,3925.34,2018-10-01
622190,2247,2018,6,CA,73,San Diego,19,AVOCADOS,90,APH,H,12,Heat,6,JUN,212.4,113389.0,2018-06-01
622191,2248,2018,6,CA,73,San Diego,19,AVOCADOS,90,APH,H,12,Heat,9,SEP,10.3,9226.1,2018-09-01
622192,2249,2018,6,CA,73,San Diego,19,AVOCADOS,90,APH,UH,12,Heat,2,FEB,4.0,2220.0,2018-02-01
622193,2250,2018,6,CA,73,San Diego,19,AVOCADOS,90,APH,H,41,Frost,2,FEB,9.28,7429.2,2018-02-01
622194,2251,2018,6,CA,73,San Diego,19,AVOCADOS,90,APH,H,42,Freeze,2,FEB,13.0,18957.4,2018-02-01
622195,2252,2018,6,CA,73,San Diego,19,AVOCADOS,90,APH,H,42,Freeze,12,DEC,20.0,15494.0,2018-12-01
622196,2253,2018,6,CA,73,San Diego,19,AVOCADOS,90,APH,UH,42,Freeze,2,FEB,3.5,6456.0,2018-02-01
622197,2254,2018,6,CA,73,San Diego,19,AVOCADOS,90,APH,H,44,Cold Wet Weather,2,FEB,1.5,1500.9,2018-02-01
622198,2255,2018,6,CA,73,San Diego,19,AVOCADOS,90,APH,H,61,Wind/Excess Wind,4,APR,13.92,11143.8,2018-04-01
622199,2256,2018,6,CA,73,San Diego,19,AVOCADOS,90,APH,H,61,Wind/Excess Wind,11,NOV,5.0,3120.0,2018-11-01
622200,2257,2018,6,CA,73,San Diego,19,AVOCADOS,90,APH,H,61,Wind/Excess Wind,8,AUG,12.5,30704.0,2018-08-01
622201,2258,2018,6,CA,73,San Diego,19,AVOCADOS,90,APH,H,61,Wind/Excess Wind,12,DEC,18.85,6877.1,2018-12-01
622202,2259,2018,6,CA,73,San Diego,19,AVOCADOS,90,APH,UH,61,Wind/Excess Wind,12,DEC,4.4,12101.6,2018-12-01
622253,2310,2018,6,CA,79,San Luis Obispo,19,AVOCADOS,90,APH,UH,12,Heat,9,SEP,3.0,1184.0,2018-09-01
622254,2311,2018,6,CA,79,San Luis Obispo,19,AVOCADOS,90,APH,H,31,Excess Moisture/Precipitation/Rain,5,MAY,4.8,8766.6,2018-05-01
622255,2312,2018,6,CA,79,San Luis Obispo,19,AVOCADOS,90,APH,H,31,Excess Moisture/Precipitation/Rain,1,JAN,3.2,5844.4,2018-01-01
622256,2313,2018,6,CA,79,San Luis Obispo,19,AVOCADOS,90,APH,UH,44,Cold Wet Weather,4,APR,14.4,2369.0,2018-04-01
622269,2326,2018,6,CA,83,Santa Barbara,19,AVOCADOS,90,APH,H,12,Heat,7,JUL,120.305,95192.75,2018-07-01
622270,2327,2018,6,CA,83,Santa Barbara,19,AVOCADOS,90,APH,H,12,Heat,6,JUN,8.03,1904.6,2018-06-01
622271,2328,2018,6,CA,83,Santa Barbara,19,AVOCADOS,90,APH,UH,12,Heat,7,JUL,3.3,1327.8,2018-07-01
622273,2330,2018,6,CA,83,Santa Barbara,19,AVOCADOS,90,APH,H,42,Freeze,2,FEB,120.27,99040.8,2018-02-01
622274,2331,2018,6,CA,83,Santa Barbara,19,AVOCADOS,90,APH,H,51,Flood,1,JAN,40.08,7482.0,2018-01-01
622275,2332,2018,6,CA,83,Santa Barbara,19,AVOCADOS,90,APH,H,61,Wind/Excess Wind,4,APR,2.5,349.5,2018-04-01
622276,2333,2018,6,CA,83,Santa Barbara,19,AVOCADOS,90,APH,H,61,Wind/Excess Wind,12,DEC,1.59,2568.3,2018-12-01
622491,2548,2018,6,CA,111,Ventura,19,AVOCADOS,90,APH,H,12,Heat,6,JUN,57.72,110529.95,2018-06-01
622492,2549,2018,6,CA,111,Ventura,19,AVOCADOS,90,APH,H,12,Heat,8,AUG,2.32,585.2,2018-08-01
622493,2550,2018,6,CA,111,Ventura,19,AVOCADOS,90,APH,H,12,Heat,11,NOV,4.0,3334.0,2018-11-01
622494,2551,2018,6,CA,111,Ventura,19,AVOCADOS,90,APH,H,12,Heat,12,DEC,0.5,62.4,2018-12-01
622495,2552,2018,6,CA,111,Ventura,19,AVOCADOS,90,APH,H,12,Heat,9,SEP,45.13,118770.65,2018-09-01
622496,2553,2018,6,CA,111,Ventura,19,AVOCADOS,90,APH,H,12,Heat,10,OCT,31.13,119557.8,2018-10-01
622497,2554,2018,6,CA,111,Ventura,19,AVOCADOS,90,APH,H,12,Heat,4,APR,29.95,9234.06,2018-04-01
622498,2555,2018,6,CA,111,Ventura,19,AVOCADOS,90,APH,H,12,Heat,7,JUL,38.54,33765.4,2018-07-01
622499,2556,2018,6,CA,111,Ventura,19,AVOCADOS,90,APH,UH,12,Heat,9,SEP,1.8,2275.5,2018-09-01
622500,2557,2018,6,CA,111,Ventura,19,AVOCADOS,90,APH,H,42,Freeze,12,DEC,0.57,759.7,2018-12-01
622501,2558,2018,6,CA,111,Ventura,19,AVOCADOS,90,APH,H,61,Wind/Excess Wind,7,JUL,0.9,943.2,2018-07-01
622502,2559,2018,6,CA,111,Ventura,19,AVOCADOS,90,APH,H,61,Wind/Excess Wind,5,MAY,2.35,2439.6,2018-05-01
622503,2560,2018,6,CA,111,Ventura,19,AVOCADOS,90,APH,H,61,Wind/Excess Wind,12,DEC,52.225,94166.75,2018-12-01
622504,2561,2018,6,CA,111,Ventura,19,AVOCADOS,90,APH,H,61,Wind/Excess Wind,11,NOV,2.0,362.0,2018-11-01
622505,2562,2018,6,CA,111,Ventura,19,AVOCADOS,90,APH,H,61,Wind/Excess Wind,10,OCT,40.655,81302.09,2018-10-01
622506,2563,2018,6,CA,111,Ventura,19,AVOCADOS,90,APH,UH,61,Wind/Excess Wind,12,DEC,4.2,5309.5,2018-12-01
622507,2564,2018,6,CA,111,Ventura,19,AVOCADOS,90,APH,H,61,Wind/Excess Wind,4,APR,3.5,1846.6,2018-04-01
669818,2196,2018,6,CA,65,Riverside,19,AVOCADOS,90,APH,H,12,Heat,12,DEC,13.2,3902.4,2018-12-01
669819,2197,2018,6,CA,65,Riverside,19,AVOCADOS,90,APH,H,12,Heat,6,JUN,26.125,25553.75,2018-06-01
669820,2198,2018,6,CA,65,Riverside,19,AVOCADOS,90,APH,H,12,Heat,9,SEP,11.84,5841.3,2018-09-01
669821,2199,2018,6,CA,65,Riverside,19,AVOCADOS,90,APH,H,12,Heat,7,JUL,36.9,34442.0,2018-07-01
669822,2200,2018,6,CA,65,Riverside,19,AVOCADOS,90,APH,H,42,Freeze,2,FEB,21.4,14159.4,2018-02-01
669823,2201,2018,6,CA,65,Riverside,19,AVOCADOS,90,APH,H,42,Freeze,1,JAN,5.0,9677.0,2018-01-01
669824,2202,2018,6,CA,65,Riverside,19,AVOCADOS,90,APH,UH,42,Freeze,2,FEB,5.0,2512.0,2018-02-01
669825,2203,2018,6,CA,65,Riverside,19,AVOCADOS,90,APH,H,44,Cold Wet Weather,2,FEB,26.96,12311.9,2018-02-01
669826,2204,2018,6,CA,65,Riverside,19,AVOCADOS,90,APH,H,61,Wind/Excess Wind,10,OCT,0.875,1.25,2018-10-01
669859,2237,2018,6,CA,73,San Diego,19,AVOCADOS,90,APH,H,12,Heat,7,JUL,320.68,481046.8,2018-07-01
669860,2238,2018,6,CA,73,San Diego,19,AVOCADOS,90,APH,UH,12,Heat,8,AUG,2.0,3506.0,2018-08-01
669861,2239,2018,6,CA,73,San Diego,19,AVOCADOS,90,APH,P,12,Heat,6,JUN,26.0,0.0,2018-06-01
669862,2240,2018,6,CA,73,San Diego,19,AVOCADOS,90,APH,UH,12,Heat,7,JUL,22.6,27032.4,2018-07-01
669863,2241,2018,6,CA,73,San Diego,19,AVOCADOS,90,APH,H,12,Heat,11,NOV,11.76,6349.66,2018-11-01
669864,2242,2018,6,CA,73,San Diego,19,AVOCADOS,90,APH,H,12,Heat,2,FEB,0.32,470.2,2018-02-01
669865,2243,2018,6,CA,73,San Diego,19,AVOCADOS,90,APH,H,12,Heat,8,AUG,12.5,30704.0,2018-08-01
669866,2244,2018,6,CA,73,San Diego,19,AVOCADOS,90,APH,H,12,Heat,12,DEC,9.35,7870.5,2018-12-01
669867,2245,2018,6,CA,73,San Diego,19,AVOCADOS,90,APH,H,12,Heat,10,OCT,5.74,3925.34,2018-10-01
669868,2246,2018,6,CA,73,San Diego,19,AVOCADOS,90,APH,H,12,Heat,6,JUN,212.4,113389.0,2018-06-01
669869,2247,2018,6,CA,73,San Diego,19,AVOCADOS,90,APH,H,12,Heat,9,SEP,10.3,9226.1,2018-09-01
669870,2248,2018,6,CA,73,San Diego,19,AVOCADOS,90,APH,UH,12,Heat,2,FEB,4.0,2220.0,2018-02-01
669871,2249,2018,6,CA,73,San Diego,19,AVOCADOS,90,APH,H,41,Frost,2,FEB,9.28,7429.2,2018-02-01
669872,2250,2018,6,CA,73,San Diego,19,AVOCADOS,90,APH,H,42,Freeze,2,FEB,13.0,18957.4,2018-02-01
669873,2251,2018,6,CA,73,San Diego,19,AVOCADOS,90,APH,H,42,Freeze,12,DEC,20.0,15494.0,2018-12-01
669874,2252,2018,6,CA,73,San Diego,19,AVOCADOS,90,APH,UH,42,Freeze,2,FEB,3.5,6456.0,2018-02-01
669875,2253,2018,6,CA,73,San Diego,19,AVOCADOS,90,APH,H,44,Cold Wet Weather,2,FEB,1.5,1500.9,2018-02-01
669876,2254,2018,6,CA,73,San Diego,19,AVOCADOS,90,APH,H,61,Wind/Excess Wind,4,APR,13.92,11143.8,2018-04-01
669877,2255,2018,6,CA,73,San Diego,19,AVOCADOS,90,APH,H,61,Wind/Excess Wind,11,NOV,5.0,3120.0,2018-11-01
669878,2256,2018,6,CA,73,San Diego,19,AVOCADOS,90,APH,H,61,Wind/Excess Wind,8,AUG,12.5,30704.0,2018-08-01
669879,2257,2018,6,CA,73,San Diego,19,AVOCADOS,90,APH,H,61,Wind/Excess Wind,12,DEC,18.85,6877.1,2018-12-01
669880,2258,2018,6,CA,73,San Diego,19,AVOCADOS,90,APH,UH,61,Wind/Excess Wind,12,DEC,4.4,12101.6,2018-12-01
669931,2309,2018,6,CA,79,San Luis Obispo,19,AVOCADOS,90,APH,UH,12,Heat,9,SEP,3.0,1184.0,2018-09-01
669932,2310,2018,6,CA,79,San Luis Obispo,19,AVOCADOS,90,APH,H,31,Excess Moisture/Precipitation/Rain,5,MAY,4.8,8766.6,2018-05-01
669933,2311,2018,6,CA,79,San Luis Obispo,19,AVOCADOS,90,APH,H,31,Excess Moisture/Precipitation/Rain,1,JAN,3.2,5844.4,2018-01-01
669934,2312,2018,6,CA,79,San Luis Obispo,19,AVOCADOS,90,APH,UH,44,Cold Wet Weather,4,APR,14.4,2369.0,2018-04-01
669947,2325,2018,6,CA,83,Santa Barbara,19,AVOCADOS,90,APH,H,12,Heat,7,JUL,120.305,95192.75,2018-07-01
669948,2326,2018,6,CA,83,Santa Barbara,19,AVOCADOS,90,APH,H,12,Heat,6,JUN,8.03,1904.6,2018-06-01
669949,2327,2018,6,CA,83,Santa Barbara,19,AVOCADOS,90,APH,UH,12,Heat,7,JUL,3.3,1327.8,2018-07-01
669951,2329,2018,6,CA,83,Santa Barbara,19,AVOCADOS,90,APH,H,42,Freeze,2,FEB,120.27,99040.8,2018-02-01
669952,2330,2018,6,CA,83,Santa Barbara,19,AVOCADOS,90,APH,H,51,Flood,1,JAN,40.08,7482.0,2018-01-01
669953,2331,2018,6,CA,83,Santa Barbara,19,AVOCADOS,90,APH,H,61,Wind/Excess Wind,4,APR,2.5,349.5,2018-04-01
669954,2332,2018,6,CA,83,Santa Barbara,19,AVOCADOS,90,APH,H,61,Wind/Excess Wind,12,DEC,1.59,2568.3,2018-12-01
670169,2547,2018,6,CA,111,Ventura,19,AVOCADOS,90,APH,H,12,Heat,6,JUN,57.72,110529.95,2018-06-01
670170,2548,2018,6,CA,111,Ventura,19,AVOCADOS,90,APH,H,12,Heat,8,AUG,2.32,585.2,2018-08-01
670171,2549,2018,6,CA,111,Ventura,19,AVOCADOS,90,APH,H,12,Heat,11,NOV,4.0,3334.0,2018-11-01
670172,2550,2018,6,CA,111,Ventura,19,AVOCADOS,90,APH,H,12,Heat,12,DEC,0.5,62.4,2018-12-01
670173,2551,2018,6,CA,111,Ventura,19,AVOCADOS,90,APH,H,12,Heat,9,SEP,45.13,118770.65,2018-09-01
670174,2552,2018,6,CA,111,Ventura,19,AVOCADOS,90,APH,H,12,Heat,10,OCT,31.13,119557.8,2018-10-01
670175,2553,2018,6,CA,111,Ventura,19,AVOCADOS,90,APH,H,12,Heat,4,APR,29.95,9234.06,2018-04-01
670176,2554,2018,6,CA,111,Ventura,19,AVOCADOS,90,APH,H,12,Heat,7,JUL,38.54,33765.4,2018-07-01
670177,2555,2018,6,CA,111,Ventura,19,AVOCADOS,90,APH,UH,12,Heat,9,SEP,1.8,2275.5,2018-09-01
670178,2556,2018,6,CA,111,Ventura,19,AVOCADOS,90,APH,H,42,Freeze,12,DEC,0.57,759.7,2018-12-01
670179,2557,2018,6,CA,111,Ventura,19,AVOCADOS,90,APH,H,61,Wind/Excess Wind,7,JUL,0.9,943.2,2018-07-01
670180,2558,2018,6,CA,111,Ventura,19,AVOCADOS,90,APH,H,61,Wind/Excess Wind,5,MAY,2.35,2439.6,2018-05-01
670181,2559,2018,6,CA,111,Ventura,19,AVOCADOS,90,APH,H,61,Wind/Excess Wind,12,DEC,52.225,94166.75,2018-12-01
670182,2560,2018,6,CA,111,Ventura,19,AVOCADOS,90,APH,H,61,Wind/Excess Wind,11,NOV,2.0,362.0,2018-11-01
670183,2561,2018,6,CA,111,Ventura,19,AVOCADOS,90,APH,H,61,Wind/Excess Wind,10,OCT,40.655,81302.09,2018-10-01
670184,2562,2018,6,CA,111,Ventura,19,AVOCADOS,90,APH,UH,61,Wind/Excess Wind,12,DEC,4.2,5309.5,2018-12-01
670185,2563,2018,6,CA,111,Ventura,19,AVOCADOS,90,APH,H,61,Wind/Excess Wind,4,APR,3.5,1846.6,2018-04-01
717510,2210,2018,6,CA,65,Riverside,19,AVOCADOS,90,APH,H,12,Heat,12,DEC,13.2,3902.4,2018-12-01
717511,2211,2018,6,CA,65,Riverside,19,AVOCADOS,90,APH,H,12,Heat,6,JUN,26.125,25553.75,2018-06-01
717512,2212,2018,6,CA,65,Riverside,19,AVOCADOS,90,APH,H,12,Heat,9,SEP,11.84,5841.3,2018-09-01
717513,2213,2018,6,CA,65,Riverside,19,AVOCADOS,90,APH,H,12,Heat,7,JUL,36.9,34442.0,2018-07-01
717514,2214,2018,6,CA,65,Riverside,19,AVOCADOS,90,APH,H,42,Freeze,2,FEB,21.4,14159.4,2018-02-01
717515,2215,2018,6,CA,65,Riverside,19,AVOCADOS,90,APH,H,42,Freeze,1,JAN,5.0,9677.0,2018-01-01
717516,2216,2018,6,CA,65,Riverside,19,AVOCADOS,90,APH,UH,42,Freeze,2,FEB,5.0,2512.0,2018-02-01
717517,2217,2018,6,CA,65,Riverside,19,AVOCADOS,90,APH,H,44,Cold Wet Weather,2,FEB,26.96,12311.9,2018-02-01
717518,2218,2018,6,CA,65,Riverside,19,AVOCADOS,90,APH,H,61,Wind/Excess Wind,10,OCT,0.875,1.25,2018-10-01
717551,2251,2018,6,CA,73,San Diego,19,AVOCADOS,90,APH,H,12,Heat,7,JUL,320.68,481046.8,2018-07-01
717552,2252,2018,6,CA,73,San Diego,19,AVOCADOS,90,APH,UH,12,Heat,8,AUG,2.0,3506.0,2018-08-01
717553,2253,2018,6,CA,73,San Diego,19,AVOCADOS,90,APH,P,12,Heat,6,JUN,26.0,0.0,2018-06-01
717554,2254,2018,6,CA,73,San Diego,19,AVOCADOS,90,APH,UH,12,Heat,7,JUL,22.6,27032.4,2018-07-01
717555,2255,2018,6,CA,73,San Diego,19,AVOCADOS,90,APH,H,12,Heat,11,NOV,11.76,6349.66,2018-11-01
717556,2256,2018,6,CA,73,San Diego,19,AVOCADOS,90,APH,H,12,Heat,2,FEB,0.32,470.2,2018-02-01
717557,2257,2018,6,CA,73,San Diego,19,AVOCADOS,90,APH,H,12,Heat,8,AUG,12.5,30704.0,2018-08-01
717558,2258,2018,6,CA,73,San Diego,19,AVOCADOS,90,APH,H,12,Heat,12,DEC,9.35,7870.5,2018-12-01
717559,2259,2018,6,CA,73,San Diego,19,AVOCADOS,90,APH,H,12,Heat,10,OCT,5.74,3925.34,2018-10-01
717560,2260,2018,6,CA,73,San Diego,19,AVOCADOS,90,APH,H,12,Heat,6,JUN,212.4,113389.0,2018-06-01
717561,2261,2018,6,CA,73,San Diego,19,AVOCADOS,90,APH,H,12,Heat,9,SEP,10.3,9226.1,2018-09-01
717562,2262,2018,6,CA,73,San Diego,19,AVOCADOS,90,APH,UH,12,Heat,2,FEB,4.0,2220.0,2018-02-01
717563,2263,2018,6,CA,73,San Diego,19,AVOCADOS,90,APH,H,41,Frost,2,FEB,9.28,7429.2,2018-02-01
717564,2264,2018,6,CA,73,San Diego,19,AVOCADOS,90,APH,H,42,Freeze,2,FEB,13.0,18957.4,2018-02-01
717565,2265,2018,6,CA,73,San Diego,19,AVOCADOS,90,APH,H,42,Freeze,12,DEC,20.0,15494.0,2018-12-01
717566,2266,2018,6,CA,73,San Diego,19,AVOCADOS,90,APH,UH,42,Freeze,2,FEB,3.5,6456.0,2018-02-01
717567,2267,2018,6,CA,73,San Diego,19,AVOCADOS,90,APH,H,44,Cold Wet Weather,2,FEB,1.5,1500.9,2018-02-01
717568,2268,2018,6,CA,73,San Diego,19,AVOCADOS,90,APH,H,61,Wind/Excess Wind,4,APR,13.92,11143.8,2018-04-01
717569,2269,2018,6,CA,73,San Diego,19,AVOCADOS,90,APH,H,61,Wind/Excess Wind,11,NOV,5.0,3120.0,2018-11-01
717570,2270,2018,6,CA,73,San Diego,19,AVOCADOS,90,APH,H,61,Wind/Excess Wind,8,AUG,12.5,30704.0,2018-08-01
717571,2271,2018,6,CA,73,San Diego,19,AVOCADOS,90,APH,H,61,Wind/Excess Wind,12,DEC,18.85,6877.1,2018-12-01
717572,2272,2018,6,CA,73,San Diego,19,AVOCADOS,90,APH,UH,61,Wind/Excess Wind,12,DEC,4.4,12101.6,2018-12-01
717623,2323,2018,6,CA,79,San Luis Obispo,19,AVOCADOS,90,APH,UH,12,Heat,9,SEP,3.0,1184.0,2018-09-01
717624,2324,2018,6,CA,79,San Luis Obispo,19,AVOCADOS,90,APH,H,31,Excess Moisture/Precipitation/Rain,5,MAY,4.8,8766.6,2018-05-01
717625,2325,2018,6,CA,79,San Luis Obispo,19,AVOCADOS,90,APH,H,31,Excess Moisture/Precipitation/Rain,1,JAN,3.2,5844.4,2018-01-01
717626,2326,2018,6,CA,79,San Luis Obispo,19,AVOCADOS,90,APH,UH,44,Cold Wet Weather,4,APR,14.4,2369.0,2018-04-01
717639,2339,2018,6,CA,83,Santa Barbara,19,AVOCADOS,90,APH,H,12,Heat,7,JUL,120.305,95192.75,2018-07-01
717640,2340,2018,6,CA,83,Santa Barbara,19,AVOCADOS,90,APH,H,12,Heat,6,JUN,8.03,1904.6,2018-06-01
717641,2341,2018,6,CA,83,Santa Barbara,19,AVOCADOS,90,APH,UH,12,Heat,7,JUL,3.3,1327.8,2018-07-01
717643,2343,2018,6,CA,83,Santa Barbara,19,AVOCADOS,90,APH,H,42,Freeze,2,FEB,120.27,99040.8,2018-02-01
717644,2344,2018,6,CA,83,Santa Barbara,19,AVOCADOS,90,APH,H,51,Flood,1,JAN,40.08,7482.0,2018-01-01
717645,2345,2018,6,CA,83,Santa Barbara,19,AVOCADOS,90,APH,H,61,Wind/Excess Wind,4,APR,2.5,349.5,2018-04-01
717646,2346,2018,6,CA,83,Santa Barbara,19,AVOCADOS,90,APH,H,61,Wind/Excess Wind,12,DEC,1.59,2568.3,2018-12-01
717861,2561,2018,6,CA,111,Ventura,19,AVOCADOS,90,APH,H,12,Heat,6,JUN,57.72,110529.95,2018-06-01
717862,2562,2018,6,CA,111,Ventura,19,AVOCADOS,90,APH,H,12,Heat,8,AUG,2.32,585.2,2018-08-01
717863,2563,2018,6,CA,111,Ventura,19,AVOCADOS,90,APH,H,12,Heat,11,NOV,4.0,3334.0,2018-11-01
717864,2564,2018,6,CA,111,Ventura,19,AVOCADOS,90,APH,H,12,Heat,12,DEC,0.5,62.4,2018-12-01
717865,2565,2018,6,CA,111,Ventura,19,AVOCADOS,90,APH,H,12,Heat,9,SEP,45.13,118770.65,2018-09-01
717866,2566,2018,6,CA,111,Ventura,19,AVOCADOS,90,APH,H,12,Heat,10,OCT,31.13,119557.8,2018-10-01
717867,2567,2018,6,CA,111,Ventura,19,AVOCADOS,90,APH,H,12,Heat,4,APR,29.95,9234.06,2018-04-01
717868,2568,2018,6,CA,111,Ventura,19,AVOCADOS,90,APH,H,12,Heat,7,JUL,38.54,33765.4,2018-07-01
717869,2569,2018,6,CA,111,Ventura,19,AVOCADOS,90,APH,UH,12,Heat,9,SEP,1.8,2275.5,2018-09-01
717870,2570,2018,6,CA,111,Ventura,19,AVOCADOS,90,APH,H,42,Freeze,12,DEC,0.57,759.7,2018-12-01
717871,2571,2018,6,CA,111,Ventura,19,AVOCADOS,90,APH,H,61,Wind/Excess Wind,7,JUL,0.9,943.2,2018-07-01
717872,2572,2018,6,CA,111,Ventura,19,AVOCADOS,90,APH,H,61,Wind/Excess Wind,5,MAY,2.35,2439.6,2018-05-01
717873,2573,2018,6,CA,111,Ventura,19,AVOCADOS,90,APH,H,61,Wind/Excess Wind,12,DEC,52.225,94166.75,2018-12-01
717874,2574,2018,6,CA,111,Ventura,19,AVOCADOS,90,APH,H,61,Wind/Excess Wind,11,NOV,2.0,362.0,2018-11-01
717875,2575,2018,6,CA,111,Ventura,19,AVOCADOS,90,APH,H,61,Wind/Excess Wind,10,OCT,40.655,81302.09,2018-10-01
717876,2576,2018,6,CA,111,Ventura,19,AVOCADOS,90,APH,UH,61,Wind/Excess Wind,12,DEC,4.2,5309.5,2018-12-01
717877,2577,2018,6,CA,111,Ventura,19,AVOCADOS,90,APH,H,61,Wind/Excess Wind,4,APR,3.5,1846.6,2018-04-01
765220,2228,2018,6,CA,65,Riverside,19,AVOCADOS,90,APH,H,12,Heat,12,DEC,13.2,3902.4,2018-12-01
765221,2229,2018,6,CA,65,Riverside,19,AVOCADOS,90,APH,H,12,Heat,6,JUN,26.125,25553.75,2018-06-01
765222,2230,2018,6,CA,65,Riverside,19,AVOCADOS,90,APH,H,12,Heat,9,SEP,11.84,5841.3,2018-09-01
765223,2231,2018,6,CA,65,Riverside,19,AVOCADOS,90,APH,H,12,Heat,7,JUL,36.9,34442.0,2018-07-01
765224,2232,2018,6,CA,65,Riverside,19,AVOCADOS,90,APH,H,42,Freeze,2,FEB,21.4,14159.4,2018-02-01
765225,2233,2018,6,CA,65,Riverside,19,AVOCADOS,90,APH,H,42,Freeze,1,JAN,5.0,9677.0,2018-01-01
765226,2234,2018,6,CA,65,Riverside,19,AVOCADOS,90,APH,UH,42,Freeze,2,FEB,5.0,2512.0,2018-02-01
765227,2235,2018,6,CA,65,Riverside,19,AVOCADOS,90,APH,H,44,Cold Wet Weather,2,FEB,26.96,12311.9,2018-02-01
765228,2236,2018,6,CA,65,Riverside,19,AVOCADOS,90,APH,H,61,Wind/Excess Wind,10,OCT,0.875,1.25,2018-10-01
765261,2269,2018,6,CA,73,San Diego,19,AVOCADOS,90,APH,H,12,Heat,7,JUL,320.68,481046.8,2018-07-01
765262,2270,2018,6,CA,73,San Diego,19,AVOCADOS,90,APH,UH,12,Heat,8,AUG,2.0,3506.0,2018-08-01
765263,2271,2018,6,CA,73,San Diego,19,AVOCADOS,90,APH,P,12,Heat,6,JUN,26.0,0.0,2018-06-01
765264,2272,2018,6,CA,73,San Diego,19,AVOCADOS,90,APH,UH,12,Heat,7,JUL,22.6,27032.4,2018-07-01
765265,2273,2018,6,CA,73,San Diego,19,AVOCADOS,90,APH,H,12,Heat,11,NOV,11.76,6349.66,2018-11-01
765266,2274,2018,6,CA,73,San Diego,19,AVOCADOS,90,APH,H,12,Heat,2,FEB,0.32,470.2,2018-02-01
765267,2275,2018,6,CA,73,San Diego,19,AVOCADOS,90,APH,H,12,Heat,8,AUG,12.5,30704.0,2018-08-01
765268,2276,2018,6,CA,73,San Diego,19,AVOCADOS,90,APH,H,12,Heat,12,DEC,9.35,7870.5,2018-12-01
765269,2277,2018,6,CA,73,San Diego,19,AVOCADOS,90,APH,H,12,Heat,10,OCT,5.74,3925.34,2018-10-01
765270,2278,2018,6,CA,73,San Diego,19,AVOCADOS,90,APH,H,12,Heat,6,JUN,212.4,113389.0,2018-06-01
765271,2279,2018,6,CA,73,San Diego,19,AVOCADOS,90,APH,H,12,Heat,9,SEP,10.3,9226.1,2018-09-01
765272,2280,2018,6,CA,73,San Diego,19,AVOCADOS,90,APH,UH,12,Heat,2,FEB,4.0,2220.0,2018-02-01
765273,2281,2018,6,CA,73,San Diego,19,AVOCADOS,90,APH,H,41,Frost,2,FEB,9.28,7429.2,2018-02-01
765274,2282,2018,6,CA,73,San Diego,19,AVOCADOS,90,APH,H,42,Freeze,2,FEB,13.0,18957.4,2018-02-01
765275,2283,2018,6,CA,73,San Diego,19,AVOCADOS,90,APH,H,42,Freeze,12,DEC,20.0,15494.0,2018-12-01
765276,2284,2018,6,CA,73,San Diego,19,AVOCADOS,90,APH,UH,42,Freeze,2,FEB,3.5,6456.0,2018-02-01
765277,2285,2018,6,CA,73,San Diego,19,AVOCADOS,90,APH,H,44,Cold Wet Weather,2,FEB,1.5,1500.9,2018-02-01
765278,2286,2018,6,CA,73,San Diego,19,AVOCADOS,90,APH,H,61,Wind/Excess Wind,4,APR,13.92,11143.8,2018-04-01
765279,2287,2018,6,CA,73,San Diego,19,AVOCADOS,90,APH,H,61,Wind/Excess Wind,11,NOV,5.0,3120.0,2018-11-01
765280,2288,2018,6,CA,73,San Diego,19,AVOCADOS,90,APH,H,61,Wind/Excess Wind,8,AUG,12.5,30704.0,2018-08-01
765281,2289,2018,6,CA,73,San Diego,19,AVOCADOS,90,APH,H,61,Wind/Excess Wind,12,DEC,18.85,6877.1,2018-12-01
765282,2290,2018,6,CA,73,San Diego,19,AVOCADOS,90,APH,UH,61,Wind/Excess Wind,12,DEC,4.4,12101.6,2018-12-01
765333,2341,2018,6,CA,79,San Luis Obispo,19,AVOCADOS,90,APH,UH,12,Heat,9,SEP,3.0,1184.0,2018-09-01
765334,2342,2018,6,CA,79,San Luis Obispo,19,AVOCADOS,90,APH,H,31,Excess Moisture/Precipitation/Rain,5,MAY,4.8,8766.6,2018-05-01
765335,2343,2018,6,CA,79,San Luis Obispo,19,AVOCADOS,90,APH,H,31,Excess Moisture/Precipitation/Rain,1,JAN,3.2,5844.4,2018-01-01
765336,2344,2018,6,CA,79,San Luis Obispo,19,AVOCADOS,90,APH,UH,44,Cold Wet Weather,4,APR,14.4,2369.0,2018-04-01
765349,2357,2018,6,CA,83,Santa Barbara,19,AVOCADOS,90,APH,H,12,Heat,7,JUL,120.305,95192.75,2018-07-01
765350,2358,2018,6,CA,83,Santa Barbara,19,AVOCADOS,90,APH,H,12,Heat,6,JUN,8.03,1904.6,2018-06-01
765351,2359,2018,6,CA,83,Santa Barbara,19,AVOCADOS,90,APH,UH,12,Heat,7,JUL,3.3,1327.8,2018-07-01
765353,2361,2018,6,CA,83,Santa Barbara,19,AVOCADOS,90,APH,H,42,Freeze,2,FEB,120.27,99040.8,2018-02-01
765354,2362,2018,6,CA,83,Santa Barbara,19,AVOCADOS,90,APH,H,51,Flood,1,JAN,40.08,7482.0,2018-01-01
765355,2363,2018,6,CA,83,Santa Barbara,19,AVOCADOS,90,APH,H,61,Wind/Excess Wind,4,APR,2.5,349.5,2018-04-01
765356,2364,2018,6,CA,83,Santa Barbara,19,AVOCADOS,90,APH,H,61,Wind/Excess Wind,12,DEC,1.59,2568.3,2018-12-01
765571,2579,2018,6,CA,111,Ventura,19,AVOCADOS,90,APH,H,12,Heat,6,JUN,57.72,110529.95,2018-06-01
765572,2580,2018,6,CA,111,Ventura,19,AVOCADOS,90,APH,H,12,Heat,8,AUG,2.32,585.2,2018-08-01
765573,2581,2018,6,CA,111,Ventura,19,AVOCADOS,90,APH,H,12,Heat,11,NOV,4.0,3334.0,2018-11-01
765574,2582,2018,6,CA,111,Ventura,19,AVOCADOS,90,APH,H,12,Heat,12,DEC,0.5,62.4,2018-12-01
765575,2583,2018,6,CA,111,Ventura,19,AVOCADOS,90,APH,H,12,Heat,9,SEP,45.13,118770.65,2018-09-01
765576,2584,2018,6,CA,111,Ventura,19,AVOCADOS,90,APH,H,12,Heat,10,OCT,31.13,119557.8,2018-10-01
765577,2585,2018,6,CA,111,Ventura,19,AVOCADOS,90,APH,H,12,Heat,4,APR,29.95,9234.06,2018-04-01
765578,2586,2018,6,CA,111,Ventura,19,AVOCADOS,90,APH,H,12,Heat,7,JUL,38.54,33765.4,2018-07-01
765579,2587,2018,6,CA,111,Ventura,19,AVOCADOS,90,APH,UH,12,Heat,9,SEP,1.8,2275.5,2018-09-01
765580,2588,2018,6,CA,111,Ventura,19,AVOCADOS,90,APH,H,42,Freeze,12,DEC,0.57,759.7,2018-12-01
765581,2589,2018,6,CA,111,Ventura,19,AVOCADOS,90,APH,H,61,Wind/Excess Wind,7,JUL,0.9,943.2,2018-07-01
765582,2590,2018,6,CA,111,Ventura,19,AVOCADOS,90,APH,H,61,Wind/Excess Wind,5,MAY,2.35,2439.6,2018-05-01
765583,2591,2018,6,CA,111,Ventura,19,AVOCADOS,90,APH,H,61,Wind/Excess Wind,12,DEC,52.225,94166.75,2018-12-01
765584,2592,2018,6,CA,111,Ventura,19,AVOCADOS,90,APH,H,61,Wind/Excess Wind,11,NOV,2.0,362.0,2018-11-01
765585,2593,2018,6,CA,111,Ventura,19,AVOCADOS,90,APH,H,61,Wind/Excess Wind,10,OCT,40.655,81302.09,2018-10-01
765586,2594,2018,6,CA,111,Ventura,19,AVOCADOS,90,APH,UH,61,Wind/Excess Wind,12,DEC,4.2,5309.5,2018-12-01
765587,2595,2018,6,CA,111,Ventura,19,AVOCADOS,90,APH,H,61,Wind/Excess Wind,4,APR,3.5,1846.6,2018-04-01
812928,2226,2018,6,CA,65,Riverside,19,AVOCADOS,90,APH,H,12,Heat,12,DEC,13.2,3902.4,2018-12-01
812929,2227,2018,6,CA,65,Riverside,19,AVOCADOS,90,APH,H,12,Heat,6,JUN,26.125,25553.75,2018-06-01
812930,2228,2018,6,CA,65,Riverside,19,AVOCADOS,90,APH,H,12,Heat,9,SEP,11.84,5841.3,2018-09-01
812931,2229,2018,6,CA,65,Riverside,19,AVOCADOS,90,APH,H,12,Heat,7,JUL,36.9,34442.0,2018-07-01
812932,2230,2018,6,CA,65,Riverside,19,AVOCADOS,90,APH,H,42,Freeze,2,FEB,21.4,14159.4,2018-02-01
812933,2231,2018,6,CA,65,Riverside,19,AVOCADOS,90,APH,H,42,Freeze,1,JAN,5.0,9677.0,2018-01-01
812934,2232,2018,6,CA,65,Riverside,19,AVOCADOS,90,APH,UH,42,Freeze,2,FEB,5.0,2512.0,2018-02-01
812935,2233,2018,6,CA,65,Riverside,19,AVOCADOS,90,APH,H,44,Cold Wet Weather,2,FEB,26.96,12311.9,2018-02-01
812936,2234,2018,6,CA,65,Riverside,19,AVOCADOS,90,APH,H,61,Wind/Excess Wind,10,OCT,0.875,1.25,2018-10-01
812969,2267,2018,6,CA,73,San Diego,19,AVOCADOS,90,APH,H,12,Heat,7,JUL,320.68,481046.8,2018-07-01
812970,2268,2018,6,CA,73,San Diego,19,AVOCADOS,90,APH,UH,12,Heat,8,AUG,2.0,3506.0,2018-08-01
812971,2269,2018,6,CA,73,San Diego,19,AVOCADOS,90,APH,P,12,Heat,6,JUN,26.0,0.0,2018-06-01
812972,2270,2018,6,CA,73,San Diego,19,AVOCADOS,90,APH,UH,12,Heat,7,JUL,22.6,27032.4,2018-07-01
812973,2271,2018,6,CA,73,San Diego,19,AVOCADOS,90,APH,H,12,Heat,11,NOV,11.76,6349.66,2018-11-01
812974,2272,2018,6,CA,73,San Diego,19,AVOCADOS,90,APH,H,12,Heat,2,FEB,0.32,470.2,2018-02-01
812975,2273,2018,6,CA,73,San Diego,19,AVOCADOS,90,APH,H,12,Heat,8,AUG,12.5,30704.0,2018-08-01
812976,2274,2018,6,CA,73,San Diego,19,AVOCADOS,90,APH,H,12,Heat,12,DEC,9.35,7870.5,2018-12-01
812977,2275,2018,6,CA,73,San Diego,19,AVOCADOS,90,APH,H,12,Heat,10,OCT,5.74,3925.34,2018-10-01
812978,2276,2018,6,CA,73,San Diego,19,AVOCADOS,90,APH,H,12,Heat,6,JUN,212.4,113389.0,2018-06-01
812979,2277,2018,6,CA,73,San Diego,19,AVOCADOS,90,APH,H,12,Heat,9,SEP,10.3,9226.1,2018-09-01
812980,2278,2018,6,CA,73,San Diego,19,AVOCADOS,90,APH,UH,12,Heat,2,FEB,4.0,2220.0,2018-02-01
812981,2279,2018,6,CA,73,San Diego,19,AVOCADOS,90,APH,H,41,Frost,2,FEB,9.28,7429.2,2018-02-01
812982,2280,2018,6,CA,73,San Diego,19,AVOCADOS,90,APH,H,42,Freeze,2,FEB,13.0,18957.4,2018-02-01
812983,2281,2018,6,CA,73,San Diego,19,AVOCADOS,90,APH,H,42,Freeze,12,DEC,20.0,15494.0,2018-12-01
812984,2282,2018,6,CA,73,San Diego,19,AVOCADOS,90,APH,UH,42,Freeze,2,FEB,3.5,6456.0,2018-02-01
812985,2283,2018,6,CA,73,San Diego,19,AVOCADOS,90,APH,H,44,Cold Wet Weather,2,FEB,1.5,1500.9,2018-02-01
812986,2284,2018,6,CA,73,San Diego,19,AVOCADOS,90,APH,H,61,Wind/Excess Wind,4,APR,13.92,11143.8,2018-04-01
812987,2285,2018,6,CA,73,San Diego,19,AVOCADOS,90,APH,H,61,Wind/Excess Wind,11,NOV,5.0,3120.0,2018-11-01
812988,2286,2018,6,CA,73,San Diego,19,AVOCADOS,90,APH,H,61,Wind/Excess Wind,8,AUG,12.5,30704.0,2018-08-01
812989,2287,2018,6,CA,73,San Diego,19,AVOCADOS,90,APH,H,61,Wind/Excess Wind,12,DEC,18.85,6877.1,2018-12-01
812990,2288,2018,6,CA,73,San Diego,19,AVOCADOS,90,APH,UH,61,Wind/Excess Wind,12,DEC,4.4,12101.6,2018-12-01
813041,2339,2018,6,CA,79,San Luis Obispo,19,AVOCADOS,90,APH,UH,12,Heat,9,SEP,3.0,1184.0,2018-09-01
813042,2340,2018,6,CA,79,San Luis Obispo,19,AVOCADOS,90,APH,H,31,Excess Moisture/Precipitation/Rain,5,MAY,4.8,8766.6,2018-05-01
813043,2341,2018,6,CA,79,San Luis Obispo,19,AVOCADOS,90,APH,H,31,Excess Moisture/Precipitation/Rain,1,JAN,3.2,5844.4,2018-01-01
813044,2342,2018,6,CA,79,San Luis Obispo,19,AVOCADOS,90,APH,UH,44,Cold Wet Weather,4,APR,14.4,2369.0,2018-04-01
813057,2355,2018,6,CA,83,Santa Barbara,19,AVOCADOS,90,APH,H,12,Heat,7,JUL,120.305,95192.75,2018-07-01
813058,2356,2018,6,CA,83,Santa Barbara,19,AVOCADOS,90,APH,H,12,Heat,6,JUN,8.03,1904.6,2018-06-01
813059,2357,2018,6,CA,83,Santa Barbara,19,AVOCADOS,90,APH,UH,12,Heat,7,JUL,3.3,1327.8,2018-07-01
813061,2359,2018,6,CA,83,Santa Barbara,19,AVOCADOS,90,APH,H,42,Freeze,2,FEB,120.27,99040.8,2018-02-01
813062,2360,2018,6,CA,83,Santa Barbara,19,AVOCADOS,90,APH,H,51,Flood,1,JAN,40.08,7482.0,2018-01-01
813063,2361,2018,6,CA,83,Santa Barbara,19,AVOCADOS,90,APH,H,61,Wind/Excess Wind,4,APR,2.5,349.5,2018-04-01
813064,2362,2018,6,CA,83,Santa Barbara,19,AVOCADOS,90,APH,H,61,Wind/Excess Wind,12,DEC,1.59,2568.3,2018-12-01
813279,2577,2018,6,CA,111,Ventura,19,AVOCADOS,90,APH,H,12,Heat,6,JUN,57.72,110529.95,2018-06-01
813280,2578,2018,6,CA,111,Ventura,19,AVOCADOS,90,APH,H,12,Heat,8,AUG,2.32,585.2,2018-08-01
813281,2579,2018,6,CA,111,Ventura,19,AVOCADOS,90,APH,H,12,Heat,11,NOV,4.0,3334.0,2018-11-01
813282,2580,2018,6,CA,111,Ventura,19,AVOCADOS,90,APH,H,12,Heat,12,DEC,0.5,62.4,2018-12-01
813283,2581,2018,6,CA,111,Ventura,19,AVOCADOS,90,APH,H,12,Heat,9,SEP,45.13,118770.65,2018-09-01
813284,2582,2018,6,CA,111,Ventura,19,AVOCADOS,90,APH,H,12,Heat,10,OCT,31.13,119557.8,2018-10-01
813285,2583,2018,6,CA,111,Ventura,19,AVOCADOS,90,APH,H,12,Heat,4,APR,29.95,9234.06,2018-04-01
813286,2584,2018,6,CA,111,Ventura,19,AVOCADOS,90,APH,H,12,Heat,7,JUL,38.54,33765.4,2018-07-01
813287,2585,2018,6,CA,111,Ventura,19,AVOCADOS,90,APH,UH,12,Heat,9,SEP,1.8,2275.5,2018-09-01
813288,2586,2018,6,CA,111,Ventura,19,AVOCADOS,90,APH,H,42,Freeze,12,DEC,0.57,759.7,2018-12-01
813289,2587,2018,6,CA,111,Ventura,19,AVOCADOS,90,APH,H,61,Wind/Excess Wind,7,JUL,0.9,943.2,2018-07-01
813290,2588,2018,6,CA,111,Ventura,19,AVOCADOS,90,APH,H,61,Wind/Excess Wind,5,MAY,2.35,2439.6,2018-05-01
813291,2589,2018,6,CA,111,Ventura,19,AVOCADOS,90,APH,H,61,Wind/Excess Wind,12,DEC,52.225,94166.75,2018-12-01
813292,2590,2018,6,CA,111,Ventura,19,AVOCADOS,90,APH,H,61,Wind/Excess Wind,11,NOV,2.0,362.0,2018-11-01
813293,2591,2018,6,CA,111,Ventura,19,AVOCADOS,90,APH,H,61,Wind/Excess Wind,10,OCT,40.655,81302.09,2018-10-01
813294,2592,2018,6,CA,111,Ventura,19,AVOCADOS,90,APH,UH,61,Wind/Excess Wind,12,DEC,4.2,5309.5,2018-12-01
813295,2593,2018,6,CA,111,Ventura,19,AVOCADOS,90,APH,H,61,Wind/Excess Wind,4,APR,3.5,1846.6,2018-04-01
860627,2217,2018,6,CA,65,Riverside,19,AVOCADOS,90,APH,H,12,Heat,12,DEC,13.2,3902.4,2018-12-01
860628,2218,2018,6,CA,65,Riverside,19,AVOCADOS,90,APH,H,12,Heat,6,JUN,26.125,25553.75,2018-06-01
860629,2219,2018,6,CA,65,Riverside,19,AVOCADOS,90,APH,H,12,Heat,9,SEP,11.84,5841.3,2018-09-01
860630,2220,2018,6,CA,65,Riverside,19,AVOCADOS,90,APH,H,12,Heat,7,JUL,36.9,34442.0,2018-07-01
860631,2221,2018,6,CA,65,Riverside,19,AVOCADOS,90,APH,H,42,Freeze,2,FEB,21.4,14159.4,2018-02-01
860632,2222,2018,6,CA,65,Riverside,19,AVOCADOS,90,APH,H,42,Freeze,1,JAN,5.0,9677.0,2018-01-01
860633,2223,2018,6,CA,65,Riverside,19,AVOCADOS,90,APH,UH,42,Freeze,2,FEB,5.0,2512.0,2018-02-01
860634,2224,2018,6,CA,65,Riverside,19,AVOCADOS,90,APH,H,44,Cold Wet Weather,2,FEB,26.96,12311.9,2018-02-01
860635,2225,2018,6,CA,65,Riverside,19,AVOCADOS,90,APH,H,61,Wind/Excess Wind,10,OCT,0.875,1.25,2018-10-01
860668,2258,2018,6,CA,73,San Diego,19,AVOCADOS,90,APH,H,12,Heat,7,JUL,320.68,481046.8,2018-07-01
860669,2259,2018,6,CA,73,San Diego,19,AVOCADOS,90,APH,UH,12,Heat,8,AUG,2.0,3506.0,2018-08-01
860670,2260,2018,6,CA,73,San Diego,19,AVOCADOS,90,APH,P,12,Heat,6,JUN,26.0,0.0,2018-06-01
860671,2261,2018,6,CA,73,San Diego,19,AVOCADOS,90,APH,UH,12,Heat,7,JUL,22.6,27032.4,2018-07-01
860672,2262,2018,6,CA,73,San Diego,19,AVOCADOS,90,APH,H,12,Heat,11,NOV,11.76,6349.66,2018-11-01
860673,2263,2018,6,CA,73,San Diego,19,AVOCADOS,90,APH,H,12,Heat,2,FEB,0.32,470.2,2018-02-01
860674,2264,2018,6,CA,73,San Diego,19,AVOCADOS,90,APH,H,12,Heat,8,AUG,12.5,30704.0,2018-08-01
860675,2265,2018,6,CA,73,San Diego,19,AVOCADOS,90,APH,H,12,Heat,12,DEC,9.35,7870.5,2018-12-01
860676,2266,2018,6,CA,73,San Diego,19,AVOCADOS,90,APH,H,12,Heat,10,OCT,5.74,3925.34,2018-10-01
860677,2267,2018,6,CA,73,San Diego,19,AVOCADOS,90,APH,H,12,Heat,6,JUN,212.4,113389.0,2018-06-01
860678,2268,2018,6,CA,73,San Diego,19,AVOCADOS,90,APH,H,12,Heat,9,SEP,10.3,9226.1,2018-09-01
860679,2269,2018,6,CA,73,San Diego,19,AVOCADOS,90,APH,UH,12,Heat,2,FEB,4.0,2220.0,2018-02-01
860680,2270,2018,6,CA,73,San Diego,19,AVOCADOS,90,APH,H,41,Frost,2,FEB,9.28,7429.2,2018-02-01
860681,2271,2018,6,CA,73,San Diego,19,AVOCADOS,90,APH,H,42,Freeze,2,FEB,13.0,18957.4,2018-02-01
860682,2272,2018,6,CA,73,San Diego,19,AVOCADOS,90,APH,H,42,Freeze,12,DEC,20.0,15494.0,2018-12-01
860683,2273,2018,6,CA,73,San Diego,19,AVOCADOS,90,APH,UH,42,Freeze,2,FEB,3.5,6456.0,2018-02-01
860684,2274,2018,6,CA,73,San Diego,19,AVOCADOS,90,APH,H,44,Cold Wet Weather,2,FEB,1.5,1500.9,2018-02-01
860685,2275,2018,6,CA,73,San Diego,19,AVOCADOS,90,APH,H,61,Wind/Excess Wind,4,APR,13.92,11143.8,2018-04-01
860686,2276,2018,6,CA,73,San Diego,19,AVOCADOS,90,APH,H,61,Wind/Excess Wind,11,NOV,5.0,3120.0,2018-11-01
860687,2277,2018,6,CA,73,San Diego,19,AVOCADOS,90,APH,H,61,Wind/Excess Wind,8,AUG,12.5,30704.0,2018-08-01
860688,2278,2018,6,CA,73,San Diego,19,AVOCADOS,90,APH,H,61,Wind/Excess Wind,12,DEC,18.85,6877.1,2018-12-01
860689,2279,2018,6,CA,73,San Diego,19,AVOCADOS,90,APH,UH,61,Wind/Excess Wind,12,DEC,4.4,12101.6,2018-12-01
860740,2330,2018,6,CA,79,San Luis Obispo,19,AVOCADOS,90,APH,UH,12,Heat,9,SEP,3.0,1184.0,2018-09-01
860741,2331,2018,6,CA,79,San Luis Obispo,19,AVOCADOS,90,APH,H,31,Excess Moisture/Precipitation/Rain,5,MAY,4.8,8766.6,2018-05-01
860742,2332,2018,6,CA,79,San Luis Obispo,19,AVOCADOS,90,APH,H,31,Excess Moisture/Precipitation/Rain,1,JAN,3.2,5844.4,2018-01-01
860743,2333,2018,6,CA,79,San Luis Obispo,19,AVOCADOS,90,APH,UH,44,Cold Wet Weather,4,APR,14.4,2369.0,2018-04-01
860756,2346,2018,6,CA,83,Santa Barbara,19,AVOCADOS,90,APH,H,12,Heat,7,JUL,120.305,95192.75,2018-07-01
860757,2347,2018,6,CA,83,Santa Barbara,19,AVOCADOS,90,APH,H,12,Heat,6,JUN,8.03,1904.6,2018-06-01
860758,2348,2018,6,CA,83,Santa Barbara,19,AVOCADOS,90,APH,UH,12,Heat,7,JUL,3.3,1327.8,2018-07-01
860760,2350,2018,6,CA,83,Santa Barbara,19,AVOCADOS,90,APH,H,42,Freeze,2,FEB,120.27,99040.8,2018-02-01
860761,2351,2018,6,CA,83,Santa Barbara,19,AVOCADOS,90,APH,H,51,Flood,1,JAN,40.08,7482.0,2018-01-01
860762,2352,2018,6,CA,83,Santa Barbara,19,AVOCADOS,90,APH,H,61,Wind/Excess Wind,4,APR,2.5,349.5,2018-04-01
860763,2353,2018,6,CA,83,Santa Barbara,19,AVOCADOS,90,APH,H,61,Wind/Excess Wind,12,DEC,1.59,2568.3,2018-12-01
860978,2568,2018,6,CA,111,Ventura,19,AVOCADOS,90,APH,H,12,Heat,6,JUN,57.72,110529.95,2018-06-01
860979,2569,2018,6,CA,111,Ventura,19,AVOCADOS,90,APH,H,12,Heat,8,AUG,2.32,585.2,2018-08-01
860980,2570,2018,6,CA,111,Ventura,19,AVOCADOS,90,APH,H,12,Heat,11,NOV,4.0,3334.0,2018-11-01
860981,2571,2018,6,CA,111,Ventura,19,AVOCADOS,90,APH,H,12,Heat,12,DEC,0.5,62.4,2018-12-01
860982,2572,2018,6,CA,111,Ventura,19,AVOCADOS,90,APH,H,12,Heat,9,SEP,45.13,118770.65,2018-09-01
860983,2573,2018,6,CA,111,Ventura,19,AVOCADOS,90,APH,H,12,Heat,10,OCT,31.13,119557.8,2018-10-01
860984,2574,2018,6,CA,111,Ventura,19,AVOCADOS,90,APH,H,12,Heat,4,APR,29.95,9234.06,2018-04-01
860985,2575,2018,6,CA,111,Ventura,19,AVOCADOS,90,APH,H,12,Heat,7,JUL,38.54,33765.4,2018-07-01
860986,2576,2018,6,CA,111,Ventura,19,AVOCADOS,90,APH,UH,12,Heat,9,SEP,1.8,2275.5,2018-09-01
860987,2577,2018,6,CA,111,Ventura,19,AVOCADOS,90,APH,H,42,Freeze,12,DEC,0.57,759.7,2018-12-01
860988,2578,2018,6,CA,111,Ventura,19,AVOCADOS,90,APH,H,61,Wind/Excess Wind,7,JUL,0.9,943.2,2018-07-01
860989,2579,2018,6,CA,111,Ventura,19,AVOCADOS,90,APH,H,61,Wind/Excess Wind,5,MAY,2.35,2439.6,2018-05-01
860990,2580,2018,6,CA,111,Ventura,19,AVOCADOS,90,APH,H,61,Wind/Excess Wind,12,DEC,52.225,94166.75,2018-12-01
860991,2581,2018,6,CA,111,Ventura,19,AVOCADOS,90,APH,H,61,Wind/Excess Wind,11,NOV,2.0,362.0,2018-11-01
860992,2582,2018,6,CA,111,Ventura,19,AVOCADOS,90,APH,H,61,Wind/Excess Wind,10,OCT,40.655,81302.09,2018-10-01
860993,2583,2018,6,CA,111,Ventura,19,AVOCADOS,90,APH,UH,61,Wind/Excess Wind,12,DEC,4.2,5309.5,2018-12-01
860994,2584,2018,6,CA,111,Ventura,19,AVOCADOS,90,APH,H,61,Wind/Excess Wind,4,APR,3.5,1846.6,2018-04-01
908330,2221,2018,6,CA,65,Riverside,19,AVOCADOS,90,APH,H,12,Heat,12,DEC,13.2,3902.4,2018-12-01
908331,2222,2018,6,CA,65,Riverside,19,AVOCADOS,90,APH,H,12,Heat,6,JUN,26.125,25553.75,2018-06-01
908332,2223,2018,6,CA,65,Riverside,19,AVOCADOS,90,APH,H,12,Heat,9,SEP,11.84,5841.3,2018-09-01
908333,2224,2018,6,CA,65,Riverside,19,AVOCADOS,90,APH,H,12,Heat,7,JUL,36.9,34442.0,2018-07-01
908334,2225,2018,6,CA,65,Riverside,19,AVOCADOS,90,APH,H,42,Freeze,2,FEB,21.4,14159.4,2018-02-01
908335,2226,2018,6,CA,65,Riverside,19,AVOCADOS,90,APH,H,42,Freeze,1,JAN,5.0,9677.0,2018-01-01
908336,2227,2018,6,CA,65,Riverside,19,AVOCADOS,90,APH,UH,42,Freeze,2,FEB,5.0,2512.0,2018-02-01
908337,2228,2018,6,CA,65,Riverside,19,AVOCADOS,90,APH,H,44,Cold Wet Weather,2,FEB,26.96,12311.9,2018-02-01
908338,2229,2018,6,CA,65,Riverside,19,AVOCADOS,90,APH,H,61,Wind/Excess Wind,10,OCT,0.875,1.25,2018-10-01
908371,2262,2018,6,CA,73,San Diego,19,AVOCADOS,90,APH,H,12,Heat,7,JUL,320.68,481046.8,2018-07-01
908372,2263,2018,6,CA,73,San Diego,19,AVOCADOS,90,APH,UH,12,Heat,8,AUG,2.0,3506.0,2018-08-01
908373,2264,2018,6,CA,73,San Diego,19,AVOCADOS,90,APH,P,12,Heat,6,JUN,26.0,0.0,2018-06-01
908374,2265,2018,6,CA,73,San Diego,19,AVOCADOS,90,APH,UH,12,Heat,7,JUL,22.6,27032.4,2018-07-01
908375,2266,2018,6,CA,73,San Diego,19,AVOCADOS,90,APH,H,12,Heat,11,NOV,11.76,6349.66,2018-11-01
908376,2267,2018,6,CA,73,San Diego,19,AVOCADOS,90,APH,H,12,Heat,2,FEB,0.32,470.2,2018-02-01
908377,2268,2018,6,CA,73,San Diego,19,AVOCADOS,90,APH,H,12,Heat,8,AUG,12.5,30704.0,2018-08-01
908378,2269,2018,6,CA,73,San Diego,19,AVOCADOS,90,APH,H,12,Heat,12,DEC,9.35,7870.5,2018-12-01
908379,2270,2018,6,CA,73,San Diego,19,AVOCADOS,90,APH,H,12,Heat,10,OCT,5.74,3925.34,2018-10-01
908380,2271,2018,6,CA,73,San Diego,19,AVOCADOS,90,APH,H,12,Heat,6,JUN,212.4,113389.0,2018-06-01
908381,2272,2018,6,CA,73,San Diego,19,AVOCADOS,90,APH,H,12,Heat,9,SEP,10.3,9226.1,2018-09-01
908382,2273,2018,6,CA,73,San Diego,19,AVOCADOS,90,APH,UH,12,Heat,2,FEB,4.0,2220.0,2018-02-01
908383,2274,2018,6,CA,73,San Diego,19,AVOCADOS,90,APH,H,41,Frost,2,FEB,9.28,7429.2,2018-02-01
908384,2275,2018,6,CA,73,San Diego,19,AVOCADOS,90,APH,H,42,Freeze,2,FEB,13.0,18957.4,2018-02-01
908385,2276,2018,6,CA,73,San Diego,19,AVOCADOS,90,APH,H,42,Freeze,12,DEC,20.0,15494.0,2018-12-01
908386,2277,2018,6,CA,73,San Diego,19,AVOCADOS,90,APH,UH,42,Freeze,2,FEB,3.5,6456.0,2018-02-01
908387,2278,2018,6,CA,73,San Diego,19,AVOCADOS,90,APH,H,44,Cold Wet Weather,2,FEB,1.5,1500.9,2018-02-01
908388,2279,2018,6,CA,73,San Diego,19,AVOCADOS,90,APH,H,61,Wind/Excess Wind,4,APR,13.92,11143.8,2018-04-01
908389,2280,2018,6,CA,73,San Diego,19,AVOCADOS,90,APH,H,61,Wind/Excess Wind,11,NOV,5.0,3120.0,2018-11-01
908390,2281,2018,6,CA,73,San Diego,19,AVOCADOS,90,APH,H,61,Wind/Excess Wind,8,AUG,12.5,30704.0,2018-08-01
908391,2282,2018,6,CA,73,San Diego,19,AVOCADOS,90,APH,H,61,Wind/Excess Wind,12,DEC,18.85,6877.1,2018-12-01
908392,2283,2018,6,CA,73,San Diego,19,AVOCADOS,90,APH,UH,61,Wind/Excess Wind,12,DEC,4.4,12101.6,2018-12-01
908443,2334,2018,6,CA,79,San Luis Obispo,19,AVOCADOS,90,APH,UH,12,Heat,9,SEP,3.0,1184.0,2018-09-01
908444,2335,2018,6,CA,79,San Luis Obispo,19,AVOCADOS,90,APH,H,31,Excess Moisture/Precipitation/Rain,5,MAY,4.8,8766.6,2018-05-01
908445,2336,2018,6,CA,79,San Luis Obispo,19,AVOCADOS,90,APH,H,31,Excess Moisture/Precipitation/Rain,1,JAN,3.2,5844.4,2018-01-01
908446,2337,2018,6,CA,79,San Luis Obispo,19,AVOCADOS,90,APH,UH,44,Cold Wet Weather,4,APR,14.4,2369.0,2018-04-01
908459,2350,2018,6,CA,83,Santa Barbara,19,AVOCADOS,90,APH,H,12,Heat,7,JUL,120.305,95192.75,2018-07-01
908460,2351,2018,6,CA,83,Santa Barbara,19,AVOCADOS,90,APH,H,12,Heat,6,JUN,8.03,1904.6,2018-06-01
908461,2352,2018,6,CA,83,Santa Barbara,19,AVOCADOS,90,APH,UH,12,Heat,7,JUL,3.3,1327.8,2018-07-01
908463,2354,2018,6,CA,83,Santa Barbara,19,AVOCADOS,90,APH,H,42,Freeze,2,FEB,120.27,99040.8,2018-02-01
908464,2355,2018,6,CA,83,Santa Barbara,19,AVOCADOS,90,APH,H,51,Flood,1,JAN,40.08,7482.0,2018-01-01
908465,2356,2018,6,CA,83,Santa Barbara,19,AVOCADOS,90,APH,H,61,Wind/Excess Wind,4,APR,2.5,349.5,2018-04-01
908466,2357,2018,6,CA,83,Santa Barbara,19,AVOCADOS,90,APH,H,61,Wind/Excess Wind,12,DEC,1.59,2568.3,2018-12-01
908681,2572,2018,6,CA,111,Ventura,19,AVOCADOS,90,APH,H,12,Heat,6,JUN,57.72,110529.95,2018-06-01
908682,2573,2018,6,CA,111,Ventura,19,AVOCADOS,90,APH,H,12,Heat,8,AUG,2.32,585.2,2018-08-01
908683,2574,2018,6,CA,111,Ventura,19,AVOCADOS,90,APH,H,12,Heat,11,NOV,4.0,3334.0,2018-11-01
908684,2575,2018,6,CA,111,Ventura,19,AVOCADOS,90,APH,H,12,Heat,12,DEC,0.5,62.4,2018-12-01
908685,2576,2018,6,CA,111,Ventura,19,AVOCADOS,90,APH,H,12,Heat,9,SEP,45.13,118770.65,2018-09-01
908686,2577,2018,6,CA,111,Ventura,19,AVOCADOS,90,APH,H,12,Heat,10,OCT,31.13,119557.8,2018-10-01
908687,2578,2018,6,CA,111,Ventura,19,AVOCADOS,90,APH,H,12,Heat,4,APR,29.95,9234.06,2018-04-01
908688,2579,2018,6,CA,111,Ventura,19,AVOCADOS,90,APH,H,12,Heat,7,JUL,38.54,33765.4,2018-07-01
908689,2580,2018,6,CA,111,Ventura,19,AVOCADOS,90,APH,UH,12,Heat,9,SEP,1.8,2275.5,2018-09-01
908690,2581,2018,6,CA,111,Ventura,19,AVOCADOS,90,APH,H,42,Freeze,12,DEC,0.57,759.7,2018-12-01
908691,2582,2018,6,CA,111,Ventura,19,AVOCADOS,90,APH,H,61,Wind/Excess Wind,7,JUL,0.9,943.2,2018-07-01
908692,2583,2018,6,CA,111,Ventura,19,AVOCADOS,90,APH,H,61,Wind/Excess Wind,5,MAY,2.35,2439.6,2018-05-01
908693,2584,2018,6,CA,111,Ventura,19,AVOCADOS,90,APH,H,61,Wind/Excess Wind,12,DEC,52.225,94166.75,2018-12-01
908694,2585,2018,6,CA,111,Ventura,19,AVOCADOS,90,APH,H,61,Wind/Excess Wind,11,NOV,2.0,362.0,2018-11-01
908695,2586,2018,6,CA,111,Ventura,19,AVOCADOS,90,APH,H,61,Wind/Excess Wind,10,OCT,40.655,81302.09,2018-10-01
908696,2587,2018,6,CA,111,Ventura,19,AVOCADOS,90,APH,UH,61,Wind/Excess Wind,12,DEC,4.2,5309.5,2018-12-01
908697,2588,2018,6,CA,111,Ventura,19,AVOCADOS,90,APH,H,61,Wind/Excess Wind,4,APR,3.5,1846.6,2018-04-01
956032,2220,2018,6,CA,65,Riverside,19,AVOCADOS,90,APH,H,12,Heat,12,DEC,13.2,3902.4,2018-12-01
956033,2221,2018,6,CA,65,Riverside,19,AVOCADOS,90,APH,H,12,Heat,6,JUN,26.125,25553.75,2018-06-01
956034,2222,2018,6,CA,65,Riverside,19,AVOCADOS,90,APH,H,12,Heat,9,SEP,11.84,5841.3,2018-09-01
956035,2223,2018,6,CA,65,Riverside,19,AVOCADOS,90,APH,H,12,Heat,7,JUL,36.9,34442.0,2018-07-01
956036,2224,2018,6,CA,65,Riverside,19,AVOCADOS,90,APH,H,42,Freeze,2,FEB,21.4,14159.4,2018-02-01
956037,2225,2018,6,CA,65,Riverside,19,AVOCADOS,90,APH,H,42,Freeze,1,JAN,5.0,9677.0,2018-01-01
956038,2226,2018,6,CA,65,Riverside,19,AVOCADOS,90,APH,UH,42,Freeze,2,FEB,5.0,2512.0,2018-02-01
956039,2227,2018,6,CA,65,Riverside,19,AVOCADOS,90,APH,H,44,Cold Wet Weather,2,FEB,26.96,12311.9,2018-02-01
956040,2228,2018,6,CA,65,Riverside,19,AVOCADOS,90,APH,H,61,Wind/Excess Wind,10,OCT,0.875,1.25,2018-10-01
956073,2261,2018,6,CA,73,San Diego,19,AVOCADOS,90,APH,H,12,Heat,7,JUL,320.68,481046.8,2018-07-01
956074,2262,2018,6,CA,73,San Diego,19,AVOCADOS,90,APH,UH,12,Heat,8,AUG,2.0,3506.0,2018-08-01
956075,2263,2018,6,CA,73,San Diego,19,AVOCADOS,90,APH,P,12,Heat,6,JUN,26.0,0.0,2018-06-01
956076,2264,2018,6,CA,73,San Diego,19,AVOCADOS,90,APH,UH,12,Heat,7,JUL,22.6,27032.4,2018-07-01
956077,2265,2018,6,CA,73,San Diego,19,AVOCADOS,90,APH,H,12,Heat,11,NOV,11.76,6349.66,2018-11-01
956078,2266,2018,6,CA,73,San Diego,19,AVOCADOS,90,APH,H,12,Heat,2,FEB,0.32,470.2,2018-02-01
956079,2267,2018,6,CA,73,San Diego,19,AVOCADOS,90,APH,H,12,Heat,8,AUG,12.5,30704.0,2018-08-01
956080,2268,2018,6,CA,73,San Diego,19,AVOCADOS,90,APH,H,12,Heat,12,DEC,9.35,7870.5,2018-12-01
956081,2269,2018,6,CA,73,San Diego,19,AVOCADOS,90,APH,H,12,Heat,10,OCT,5.74,3925.34,2018-10-01
956082,2270,2018,6,CA,73,San Diego,19,AVOCADOS,90,APH,H,12,Heat,6,JUN,212.4,113389.0,2018-06-01
956083,2271,2018,6,CA,73,San Diego,19,AVOCADOS,90,APH,H,12,Heat,9,SEP,10.3,9226.1,2018-09-01
956084,2272,2018,6,CA,73,San Diego,19,AVOCADOS,90,APH,UH,12,Heat,2,FEB,4.0,2220.0,2018-02-01
956085,2273,2018,6,CA,73,San Diego,19,AVOCADOS,90,APH,H,41,Frost,2,FEB,9.28,7429.2,2018-02-01
956086,2274,2018,6,CA,73,San Diego,19,AVOCADOS,90,APH,H,42,Freeze,2,FEB,13.0,18957.4,2018-02-01
956087,2275,2018,6,CA,73,San Diego,19,AVOCADOS,90,APH,H,42,Freeze,12,DEC,20.0,15494.0,2018-12-01
956088,2276,2018,6,CA,73,San Diego,19,AVOCADOS,90,APH,UH,42,Freeze,2,FEB,3.5,6456.0,2018-02-01
956089,2277,2018,6,CA,73,San Diego,19,AVOCADOS,90,APH,H,44,Cold Wet Weather,2,FEB,1.5,1500.9,2018-02-01
956090,2278,2018,6,CA,73,San Diego,19,AVOCADOS,90,APH,H,61,Wind/Excess Wind,4,APR,13.92,11143.8,2018-04-01
956091,2279,2018,6,CA,73,San Diego,19,AVOCADOS,90,APH,H,61,Wind/Excess Wind,11,NOV,5.0,3120.0,2018-11-01
956092,2280,2018,6,CA,73,San Diego,19,AVOCADOS,90,APH,H,61,Wind/Excess Wind,8,AUG,12.5,30704.0,2018-08-01
956093,2281,2018,6,CA,73,San Diego,19,AVOCADOS,90,APH,H,61,Wind/Excess Wind,12,DEC,18.85,6877.1,2018-12-01
956094,2282,2018,6,CA,73,San Diego,19,AVOCADOS,90,APH,UH,61,Wind/Excess Wind,12,DEC,4.4,12101.6,2018-12-01
956145,2333,2018,6,CA,79,San Luis Obispo,19,AVOCADOS,90,APH,UH,12,Heat,9,SEP,3.0,1184.0,2018-09-01
956146,2334,2018,6,CA,79,San Luis Obispo,19,AVOCADOS,90,APH,H,31,Excess Moisture/Precipitation/Rain,5,MAY,4.8,8766.6,2018-05-01
956147,2335,2018,6,CA,79,San Luis Obispo,19,AVOCADOS,90,APH,H,31,Excess Moisture/Precipitation/Rain,1,JAN,3.2,5844.4,2018-01-01
956148,2336,2018,6,CA,79,San Luis Obispo,19,AVOCADOS,90,APH,UH,44,Cold Wet Weather,4,APR,14.4,2369.0,2018-04-01
956161,2349,2018,6,CA,83,Santa Barbara,19,AVOCADOS,90,APH,H,12,Heat,7,JUL,120.305,95192.75,2018-07-01
956162,2350,2018,6,CA,83,Santa Barbara,19,AVOCADOS,90,APH,H,12,Heat,6,JUN,8.03,1904.6,2018-06-01
956163,2351,2018,6,CA,83,Santa Barbara,19,AVOCADOS,90,APH,UH,12,Heat,7,JUL,3.3,1327.8,2018-07-01
956165,2353,2018,6,CA,83,Santa Barbara,19,AVOCADOS,90,APH,H,42,Freeze,2,FEB,120.27,99040.8,2018-02-01
956166,2354,2018,6,CA,83,Santa Barbara,19,AVOCADOS,90,APH,H,51,Flood,1,JAN,40.08,7482.0,2018-01-01
956167,2355,2018,6,CA,83,Santa Barbara,19,AVOCADOS,90,APH,H,61,Wind/Excess Wind,4,APR,2.5,349.5,2018-04-01
956168,2356,2018,6,CA,83,Santa Barbara,19,AVOCADOS,90,APH,H,61,Wind/Excess Wind,12,DEC,1.59,2568.3,2018-12-01
956383,2571,2018,6,CA,111,Ventura,19,AVOCADOS,90,APH,H,12,Heat,6,JUN,57.72,110529.95,2018-06-01
956384,2572,2018,6,CA,111,Ventura,19,AVOCADOS,90,APH,H,12,Heat,8,AUG,2.32,585.2,2018-08-01
956385,2573,2018,6,CA,111,Ventura,19,AVOCADOS,90,APH,H,12,Heat,11,NOV,4.0,3334.0,2018-11-01
956386,2574,2018,6,CA,111,Ventura,19,AVOCADOS,90,APH,H,12,Heat,12,DEC,0.5,62.4,2018-12-01
956387,2575,2018,6,CA,111,Ventura,19,AVOCADOS,90,APH,H,12,Heat,9,SEP,45.13,118770.65,2018-09-01
956388,2576,2018,6,CA,111,Ventura,19,AVOCADOS,90,APH,H,12,Heat,10,OCT,31.13,119557.8,2018-10-01
956389,2577,2018,6,CA,111,Ventura,19,AVOCADOS,90,APH,H,12,Heat,4,APR,29.95,9234.06,2018-04-01
956390,2578,2018,6,CA,111,Ventura,19,AVOCADOS,90,APH,H,12,Heat,7,JUL,38.54,33765.4,2018-07-01
956391,2579,2018,6,CA,111,Ventura,19,AVOCADOS,90,APH,UH,12,Heat,9,SEP,1.8,2275.5,2018-09-01
956392,2580,2018,6,CA,111,Ventura,19,AVOCADOS,90,APH,H,42,Freeze,12,DEC,0.57,759.7,2018-12-01
956393,2581,2018,6,CA,111,Ventura,19,AVOCADOS,90,APH,H,61,Wind/Excess Wind,7,JUL,0.9,943.2,2018-07-01
956394,2582,2018,6,CA,111,Ventura,19,AVOCADOS,90,APH,H,61,Wind/Excess Wind,5,MAY,2.35,2439.6,2018-05-01
956395,2583,2018,6,CA,111,Ventura,19,AVOCADOS,90,APH,H,61,Wind/Excess Wind,12,DEC,52.225,94166.75,2018-12-01
956396,2584,2018,6,CA,111,Ventura,19,AVOCADOS,90,APH,H,61,Wind/Excess Wind,11,NOV,2.0,362.0,2018-11-01
956397,2585,2018,6,CA,111,Ventura,19,AVOCADOS,90,APH,H,61,Wind/Excess Wind,10,OCT,40.655,81302.09,2018-10-01
956398,2586,2018,6,CA,111,Ventura,19,AVOCADOS,90,APH,UH,61,Wind/Excess Wind,12,DEC,4.2,5309.5,2018-12-01
956399,2587,2018,6,CA,111,Ventura,19,AVOCADOS,90,APH,H,61,Wind/Excess Wind,4,APR,3.5,1846.6,2018-04-01
1003732,2218,2018,6,CA,65,Riverside,19,AVOCADOS,90,APH,H,12,Heat,12,DEC,13.2,3902.4,2018-12-01
1003733,2219,2018,6,CA,65,Riverside,19,AVOCADOS,90,APH,H,12,Heat,6,JUN,26.125,25553.75,2018-06-01
1003734,2220,2018,6,CA,65,Riverside,19,AVOCADOS,90,APH,H,12,Heat,9,SEP,11.84,5841.3,2018-09-01
1003735,2221,2018,6,CA,65,Riverside,19,AVOCADOS,90,APH,H,12,Heat,7,JUL,36.9,34442.0,2018-07-01
1003736,2222,2018,6,CA,65,Riverside,19,AVOCADOS,90,APH,H,42,Freeze,2,FEB,21.4,14159.4,2018-02-01
1003737,2223,2018,6,CA,65,Riverside,19,AVOCADOS,90,APH,H,42,Freeze,1,JAN,5.0,9677.0,2018-01-01
1003738,2224,2018,6,CA,65,Riverside,19,AVOCADOS,90,APH,UH,42,Freeze,2,FEB,5.0,2512.0,2018-02-01
1003739,2225,2018,6,CA,65,Riverside,19,AVOCADOS,90,APH,H,44,Cold Wet Weather,2,FEB,26.96,12311.9,2018-02-01
1003740,2226,2018,6,CA,65,Riverside,19,AVOCADOS,90,APH,H,61,Wind/Excess Wind,10,OCT,0.875,1.25,2018-10-01
1003773,2259,2018,6,CA,73,San Diego,19,AVOCADOS,90,APH,H,12,Heat,7,JUL,320.68,481046.8,2018-07-01
1003774,2260,2018,6,CA,73,San Diego,19,AVOCADOS,90,APH,UH,12,Heat,8,AUG,2.0,3506.0,2018-08-01
1003775,2261,2018,6,CA,73,San Diego,19,AVOCADOS,90,APH,P,12,Heat,6,JUN,26.0,0.0,2018-06-01
1003776,2262,2018,6,CA,73,San Diego,19,AVOCADOS,90,APH,UH,12,Heat,7,JUL,22.6,27032.4,2018-07-01
1003777,2263,2018,6,CA,73,San Diego,19,AVOCADOS,90,APH,H,12,Heat,11,NOV,11.76,6349.66,2018-11-01
1003778,2264,2018,6,CA,73,San Diego,19,AVOCADOS,90,APH,H,12,Heat,2,FEB,0.32,470.2,2018-02-01
1003779,2265,2018,6,CA,73,San Diego,19,AVOCADOS,90,APH,H,12,Heat,8,AUG,12.5,30704.0,2018-08-01
1003780,2266,2018,6,CA,73,San Diego,19,AVOCADOS,90,APH,H,12,Heat,12,DEC,9.35,7870.5,2018-12-01
1003781,2267,2018,6,CA,73,San Diego,19,AVOCADOS,90,APH,H,12,Heat,10,OCT,5.74,3925.34,2018-10-01
1003782,2268,2018,6,CA,73,San Diego,19,AVOCADOS,90,APH,H,12,Heat,6,JUN,212.4,113389.0,2018-06-01
1003783,2269,2018,6,CA,73,San Diego,19,AVOCADOS,90,APH,H,12,Heat,9,SEP,10.3,9226.1,2018-09-01
1003784,2270,2018,6,CA,73,San Diego,19,AVOCADOS,90,APH,UH,12,Heat,2,FEB,4.0,2220.0,2018-02-01
1003785,2271,2018,6,CA,73,San Diego,19,AVOCADOS,90,APH,H,41,Frost,2,FEB,9.28,7429.2,2018-02-01
1003786,2272,2018,6,CA,73,San Diego,19,AVOCADOS,90,APH,H,42,Freeze,2,FEB,13.0,18957.4,2018-02-01
1003787,2273,2018,6,CA,73,San Diego,19,AVOCADOS,90,APH,H,42,Freeze,12,DEC,20.0,15494.0,2018-12-01
1003788,2274,2018,6,CA,73,San Diego,19,AVOCADOS,90,APH,UH,42,Freeze,2,FEB,3.5,6456.0,2018-02-01
1003789,2275,2018,6,CA,73,San Diego,19,AVOCADOS,90,APH,H,44,Cold Wet Weather,2,FEB,1.5,1500.9,2018-02-01
1003790,2276,2018,6,CA,73,San Diego,19,AVOCADOS,90,APH,H,61,Wind/Excess Wind,4,APR,13.92,11143.8,2018-04-01
1003791,2277,2018,6,CA,73,San Diego,19,AVOCADOS,90,APH,H,61,Wind/Excess Wind,11,NOV,5.0,3120.0,2018-11-01
1003792,2278,2018,6,CA,73,San Diego,19,AVOCADOS,90,APH,H,61,Wind/Excess Wind,8,AUG,12.5,30704.0,2018-08-01
1003793,2279,2018,6,CA,73,San Diego,19,AVOCADOS,90,APH,H,61,Wind/Excess Wind,12,DEC,18.85,6877.1,2018-12-01
1003794,2280,2018,6,CA,73,San Diego,19,AVOCADOS,90,APH,UH,61,Wind/Excess Wind,12,DEC,4.4,12101.6,2018-12-01
1003845,2331,2018,6,CA,79,San Luis Obispo,19,AVOCADOS,90,APH,UH,12,Heat,9,SEP,3.0,1184.0,2018-09-01
1003846,2332,2018,6,CA,79,San Luis Obispo,19,AVOCADOS,90,APH,H,31,Excess Moisture/Precipitation/Rain,5,MAY,4.8,8766.6,2018-05-01
1003847,2333,2018,6,CA,79,San Luis Obispo,19,AVOCADOS,90,APH,H,31,Excess Moisture/Precipitation/Rain,1,JAN,3.2,5844.4,2018-01-01
1003848,2334,2018,6,CA,79,San Luis Obispo,19,AVOCADOS,90,APH,UH,44,Cold Wet Weather,4,APR,14.4,2369.0,2018-04-01
1003861,2347,2018,6,CA,83,Santa Barbara,19,AVOCADOS,90,APH,H,12,Heat,7,JUL,120.305,95192.75,2018-07-01
1003862,2348,2018,6,CA,83,Santa Barbara,19,AVOCADOS,90,APH,H,12,Heat,6,JUN,8.03,1904.6,2018-06-01
1003863,2349,2018,6,CA,83,Santa Barbara,19,AVOCADOS,90,APH,UH,12,Heat,7,JUL,3.3,1327.8,2018-07-01
1003865,2351,2018,6,CA,83,Santa Barbara,19,AVOCADOS,90,APH,H,42,Freeze,2,FEB,120.27,99040.8,2018-02-01
1003866,2352,2018,6,CA,83,Santa Barbara,19,AVOCADOS,90,APH,H,51,Flood,1,JAN,40.08,7482.0,2018-01-01
1003867,2353,2018,6,CA,83,Santa Barbara,19,AVOCADOS,90,APH,H,61,Wind/Excess Wind,4,APR,2.5,349.5,2018-04-01
1003868,2354,2018,6,CA,83,Santa Barbara,19,AVOCADOS,90,APH,H,61,Wind/Excess Wind,12,DEC,1.59,2568.3,2018-12-01
1004083,2569,2018,6,CA,111,Ventura,19,AVOCADOS,90,APH,H,12,Heat,6,JUN,57.72,110529.95,2018-06-01
1004084,2570,2018,6,CA,111,Ventura,19,AVOCADOS,90,APH,H,12,Heat,8,AUG,2.32,585.2,2018-08-01
1004085,2571,2018,6,CA,111,Ventura,19,AVOCADOS,90,APH,H,12,Heat,11,NOV,4.0,3334.0,2018-11-01
1004086,2572,2018,6,CA,111,Ventura,19,AVOCADOS,90,APH,H,12,Heat,12,DEC,0.5,62.4,2018-12-01
1004087,2573,2018,6,CA,111,Ventura,19,AVOCADOS,90,APH,H,12,Heat,9,SEP,45.13,118770.65,2018-09-01
1004088,2574,2018,6,CA,111,Ventura,19,AVOCADOS,90,APH,H,12,Heat,10,OCT,31.13,119557.8,2018-10-01
1004089,2575,2018,6,CA,111,Ventura,19,AVOCADOS,90,APH,H,12,Heat,4,APR,29.95,9234.06,2018-04-01
1004090,2576,2018,6,CA,111,Ventura,19,AVOCADOS,90,APH,H,12,Heat,7,JUL,38.54,33765.4,2018-07-01
1004091,2577,2018,6,CA,111,Ventura,19,AVOCADOS,90,APH,UH,12,Heat,9,SEP,1.8,2275.5,2018-09-01
1004092,2578,2018,6,CA,111,Ventura,19,AVOCADOS,90,APH,H,42,Freeze,12,DEC,0.57,759.7,2018-12-01
1004093,2579,2018,6,CA,111,Ventura,19,AVOCADOS,90,APH,H,61,Wind/Excess Wind,7,JUL,0.9,943.2,2018-07-01
1004094,2580,2018,6,CA,111,Ventura,19,AVOCADOS,90,APH,H,61,Wind/Excess Wind,5,MAY,2.35,2439.6,2018-05-01
1004095,2581,2018,6,CA,111,Ventura,19,AVOCADOS,90,APH,H,61,Wind/Excess Wind,12,DEC,52.225,94166.75,2018-12-01
1004096,2582,2018,6,CA,111,Ventura,19,AVOCADOS,90,APH,H,61,Wind/Excess Wind,11,NOV,2.0,362.0,2018-11-01
1004097,2583,2018,6,CA,111,Ventura,19,AVOCADOS,90,APH,H,61,Wind/Excess Wind,10,OCT,40.655,81302.09,2018-10-01
1004098,2584,2018,6,CA,111,Ventura,19,AVOCADOS,90,APH,UH,61,Wind/Excess Wind,12,DEC,4.2,5309.5,2018-12-01
1004099,2585,2018,6,CA,111,Ventura,19,AVOCADOS,90,APH,H,61,Wind/Excess Wind,4,APR,3.5,1846.6,2018-04-01
1051433,2219,2018,6,CA,65,Riverside,19,AVOCADOS,90,APH,H,12,Heat,12,DEC,13.2,3902.4,2018-12-01
1051434,2220,2018,6,CA,65,Riverside,19,AVOCADOS,90,APH,H,12,Heat,6,JUN,26.125,25553.75,2018-06-01
1051435,2221,2018,6,CA,65,Riverside,19,AVOCADOS,90,APH,H,12,Heat,9,SEP,11.84,5841.3,2018-09-01
1051436,2222,2018,6,CA,65,Riverside,19,AVOCADOS,90,APH,H,12,Heat,7,JUL,36.9,34442.0,2018-07-01
1051437,2223,2018,6,CA,65,Riverside,19,AVOCADOS,90,APH,H,42,Freeze,2,FEB,21.4,14159.4,2018-02-01
1051438,2224,2018,6,CA,65,Riverside,19,AVOCADOS,90,APH,H,42,Freeze,1,JAN,5.0,9677.0,2018-01-01
1051439,2225,2018,6,CA,65,Riverside,19,AVOCADOS,90,APH,UH,42,Freeze,2,FEB,5.0,2512.0,2018-02-01
1051440,2226,2018,6,CA,65,Riverside,19,AVOCADOS,90,APH,H,44,Cold Wet Weather,2,FEB,26.96,12311.9,2018-02-01
1051441,2227,2018,6,CA,65,Riverside,19,AVOCADOS,90,APH,H,61,Wind/Excess Wind,10,OCT,0.875,1.25,2018-10-01
1051474,2260,2018,6,CA,73,San Diego,19,AVOCADOS,90,APH,H,12,Heat,7,JUL,320.68,481046.8,2018-07-01
1051475,2261,2018,6,CA,73,San Diego,19,AVOCADOS,90,APH,UH,12,Heat,8,AUG,2.0,3506.0,2018-08-01
1051476,2262,2018,6,CA,73,San Diego,19,AVOCADOS,90,APH,P,12,Heat,6,JUN,26.0,0.0,2018-06-01
1051477,2263,2018,6,CA,73,San Diego,19,AVOCADOS,90,APH,UH,12,Heat,7,JUL,22.6,27032.4,2018-07-01
1051478,2264,2018,6,CA,73,San Diego,19,AVOCADOS,90,APH,H,12,Heat,11,NOV,11.76,6349.66,2018-11-01
1051479,2265,2018,6,CA,73,San Diego,19,AVOCADOS,90,APH,H,12,Heat,2,FEB,0.32,470.2,2018-02-01
1051480,2266,2018,6,CA,73,San Diego,19,AVOCADOS,90,APH,H,12,Heat,8,AUG,12.5,30704.0,2018-08-01
1051481,2267,2018,6,CA,73,San Diego,19,AVOCADOS,90,APH,H,12,Heat,12,DEC,9.35,7870.5,2018-12-01
1051482,2268,2018,6,CA,73,San Diego,19,AVOCADOS,90,APH,H,12,Heat,10,OCT,5.74,3925.34,2018-10-01
1051483,2269,2018,6,CA,73,San Diego,19,AVOCADOS,90,APH,H,12,Heat,6,JUN,212.4,113389.0,2018-06-01
1051484,2270,2018,6,CA,73,San Diego,19,AVOCADOS,90,APH,H,12,Heat,9,SEP,10.3,9226.1,2018-09-01
1051485,2271,2018,6,CA,73,San Diego,19,AVOCADOS,90,APH,UH,12,Heat,2,FEB,4.0,2220.0,2018-02-01
1051486,2272,2018,6,CA,73,San Diego,19,AVOCADOS,90,APH,H,41,Frost,2,FEB,9.28,7429.2,2018-02-01
1051487,2273,2018,6,CA,73,San Diego,19,AVOCADOS,90,APH,H,42,Freeze,2,FEB,13.0,18957.4,2018-02-01
1051488,2274,2018,6,CA,73,San Diego,19,AVOCADOS,90,APH,H,42,Freeze,12,DEC,20.0,15494.0,2018-12-01
1051489,2275,2018,6,CA,73,San Diego,19,AVOCADOS,90,APH,UH,42,Freeze,2,FEB,3.5,6456.0,2018-02-01
1051490,2276,2018,6,CA,73,San Diego,19,AVOCADOS,90,APH,H,44,Cold Wet Weather,2,FEB,1.5,1500.9,2018-02-01
1051491,2277,2018,6,CA,73,San Diego,19,AVOCADOS,90,APH,H,61,Wind/Excess Wind,4,APR,13.92,11143.8,2018-04-01
1051492,2278,2018,6,CA,73,San Diego,19,AVOCADOS,90,APH,H,61,Wind/Excess Wind,11,NOV,5.0,3120.0,2018-11-01
1051493,2279,2018,6,CA,73,San Diego,19,AVOCADOS,90,APH,H,61,Wind/Excess Wind,8,AUG,12.5,30704.0,2018-08-01
1051494,2280,2018,6,CA,73,San Diego,19,AVOCADOS,90,APH,H,61,Wind/Excess Wind,12,DEC,18.85,6877.1,2018-12-01
1051495,2281,2018,6,CA,73,San Diego,19,AVOCADOS,90,APH,UH,61,Wind/Excess Wind,12,DEC,4.4,12101.6,2018-12-01
1051546,2332,2018,6,CA,79,San Luis Obispo,19,AVOCADOS,90,APH,UH,12,Heat,9,SEP,3.0,1184.0,2018-09-01
1051547,2333,2018,6,CA,79,San Luis Obispo,19,AVOCADOS,90,APH,H,31,Excess Moisture/Precipitation/Rain,5,MAY,4.8,8766.6,2018-05-01
1051548,2334,2018,6,CA,79,San Luis Obispo,19,AVOCADOS,90,APH,H,31,Excess Moisture/Precipitation/Rain,1,JAN,3.2,5844.4,2018-01-01
1051549,2335,2018,6,CA,79,San Luis Obispo,19,AVOCADOS,90,APH,UH,44,Cold Wet Weather,4,APR,14.4,2369.0,2018-04-01
1051562,2348,2018,6,CA,83,Santa Barbara,19,AVOCADOS,90,APH,H,12,Heat,7,JUL,120.305,95192.75,2018-07-01
1051563,2349,2018,6,CA,83,Santa Barbara,19,AVOCADOS,90,APH,H,12,Heat,6,JUN,8.03,1904.6,2018-06-01
1051564,2350,2018,6,CA,83,Santa Barbara,19,AVOCADOS,90,APH,UH,12,Heat,7,JUL,3.3,1327.8,2018-07-01
1051566,2352,2018,6,CA,83,Santa Barbara,19,AVOCADOS,90,APH,H,42,Freeze,2,FEB,120.27,99040.8,2018-02-01
1051567,2353,2018,6,CA,83,Santa Barbara,19,AVOCADOS,90,APH,H,51,Flood,1,JAN,40.08,7482.0,2018-01-01
1051568,2354,2018,6,CA,83,Santa Barbara,19,AVOCADOS,90,APH,H,61,Wind/Excess Wind,4,APR,2.5,349.5,2018-04-01
1051569,2355,2018,6,CA,83,Santa Barbara,19,AVOCADOS,90,APH,H,61,Wind/Excess Wind,12,DEC,1.59,2568.3,2018-12-01
1051784,2570,2018,6,CA,111,Ventura,19,AVOCADOS,90,APH,H,12,Heat,6,JUN,57.72,110529.95,2018-06-01
1051785,2571,2018,6,CA,111,Ventura,19,AVOCADOS,90,APH,H,12,Heat,8,AUG,2.32,585.2,2018-08-01
1051786,2572,2018,6,CA,111,Ventura,19,AVOCADOS,90,APH,H,12,Heat,11,NOV,4.0,3334.0,2018-11-01
1051787,2573,2018,6,CA,111,Ventura,19,AVOCADOS,90,APH,H,12,Heat,12,DEC,0.5,62.4,2018-12-01
1051788,2574,2018,6,CA,111,Ventura,19,AVOCADOS,90,APH,H,12,Heat,9,SEP,45.13,118770.65,2018-09-01
1051789,2575,2018,6,CA,111,Ventura,19,AVOCADOS,90,APH,H,12,Heat,10,OCT,31.13,119557.8,2018-10-01
1051790,2576,2018,6,CA,111,Ventura,19,AVOCADOS,90,APH,H,12,Heat,4,APR,29.95,9234.06,2018-04-01
1051791,2577,2018,6,CA,111,Ventura,19,AVOCADOS,90,APH,H,12,Heat,7,JUL,38.54,33765.4,2018-07-01
1051792,2578,2018,6,CA,111,Ventura,19,AVOCADOS,90,APH,UH,12,Heat,9,SEP,1.8,2275.5,2018-09-01
1051793,2579,2018,6,CA,111,Ventura,19,AVOCADOS,90,APH,H,42,Freeze,12,DEC,0.57,759.7,2018-12-01
1051794,2580,2018,6,CA,111,Ventura,19,AVOCADOS,90,APH,H,61,Wind/Excess Wind,7,JUL,0.9,943.2,2018-07-01
1051795,2581,2018,6,CA,111,Ventura,19,AVOCADOS,90,APH,H,61,Wind/Excess Wind,5,MAY,2.35,2439.6,2018-05-01
1051796,2582,2018,6,CA,111,Ventura,19,AVOCADOS,90,APH,H,61,Wind/Excess Wind,12,DEC,52.225,94166.75,2018-12-01
1051797,2583,2018,6,CA,111,Ventura,19,AVOCADOS,90,APH,H,61,Wind/Excess Wind,11,NOV,2.0,362.0,2018-11-01
1051798,2584,2018,6,CA,111,Ventura,19,AVOCADOS,90,APH,H,61,Wind/Excess Wind,10,OCT,40.655,81302.09,2018-10-01
1051799,2585,2018,6,CA,111,Ventura,19,AVOCADOS,90,APH,UH,61,Wind/Excess Wind,12,DEC,4.2,5309.5,2018-12-01
1051800,2586,2018,6,CA,111,Ventura,19,AVOCADOS,90,APH,H,61,Wind/Excess Wind,4,APR,3.5,1846.6,2018-04-01
1099138,2223,2018,6,CA,65,Riverside,19,AVOCADOS,90,APH,H,12,Heat,12,DEC,13.2,3902.4,2018-12-01
1099139,2224,2018,6,CA,65,Riverside,19,AVOCADOS,90,APH,H,12,Heat,6,JUN,26.125,25553.75,2018-06-01
1099140,2225,2018,6,CA,65,Riverside,19,AVOCADOS,90,APH,H,12,Heat,9,SEP,11.84,5841.3,2018-09-01
1099141,2226,2018,6,CA,65,Riverside,19,AVOCADOS,90,APH,H,12,Heat,7,JUL,36.9,34442.0,2018-07-01
1099142,2227,2018,6,CA,65,Riverside,19,AVOCADOS,90,APH,H,42,Freeze,2,FEB,21.4,14159.4,2018-02-01
1099143,2228,2018,6,CA,65,Riverside,19,AVOCADOS,90,APH,H,42,Freeze,1,JAN,5.0,9677.0,2018-01-01
1099144,2229,2018,6,CA,65,Riverside,19,AVOCADOS,90,APH,UH,42,Freeze,2,FEB,5.0,2512.0,2018-02-01
1099145,2230,2018,6,CA,65,Riverside,19,AVOCADOS,90,APH,H,44,Cold Wet Weather,2,FEB,26.96,12311.9,2018-02-01
1099146,2231,2018,6,CA,65,Riverside,19,AVOCADOS,90,APH,H,61,Wind/Excess Wind,10,OCT,0.875,1.25,2018-10-01
1099179,2264,2018,6,CA,73,San Diego,19,AVOCADOS,90,APH,H,12,Heat,7,JUL,320.68,481046.8,2018-07-01
1099180,2265,2018,6,CA,73,San Diego,19,AVOCADOS,90,APH,UH,12,Heat,8,AUG,2.0,3506.0,2018-08-01
1099181,2266,2018,6,CA,73,San Diego,19,AVOCADOS,90,APH,P,12,Heat,6,JUN,26.0,0.0,2018-06-01
1099182,2267,2018,6,CA,73,San Diego,19,AVOCADOS,90,APH,UH,12,Heat,7,JUL,22.6,27032.4,2018-07-01
1099183,2268,2018,6,CA,73,San Diego,19,AVOCADOS,90,APH,H,12,Heat,11,NOV,11.76,6349.66,2018-11-01
1099184,2269,2018,6,CA,73,San Diego,19,AVOCADOS,90,APH,H,12,Heat,2,FEB,0.32,470.2,2018-02-01
1099185,2270,2018,6,CA,73,San Diego,19,AVOCADOS,90,APH,H,12,Heat,8,AUG,12.5,30704.0,2018-08-01
1099186,2271,2018,6,CA,73,San Diego,19,AVOCADOS,90,APH,H,12,Heat,12,DEC,9.35,7870.5,2018-12-01
1099187,2272,2018,6,CA,73,San Diego,19,AVOCADOS,90,APH,H,12,Heat,10,OCT,5.74,3925.34,2018-10-01
1099188,2273,2018,6,CA,73,San Diego,19,AVOCADOS,90,APH,H,12,Heat,6,JUN,212.4,113389.0,2018-06-01
1099189,2274,2018,6,CA,73,San Diego,19,AVOCADOS,90,APH,H,12,Heat,9,SEP,10.3,9226.1,2018-09-01
1099190,2275,2018,6,CA,73,San Diego,19,AVOCADOS,90,APH,UH,12,Heat,2,FEB,4.0,2220.0,2018-02-01
1099191,2276,2018,6,CA,73,San Diego,19,AVOCADOS,90,APH,H,41,Frost,2,FEB,9.28,7429.2,2018-02-01
1099192,2277,2018,6,CA,73,San Diego,19,AVOCADOS,90,APH,H,42,Freeze,2,FEB,13.0,18957.4,2018-02-01
1099193,2278,2018,6,CA,73,San Diego,19,AVOCADOS,90,APH,H,42,Freeze,12,DEC,20.0,15494.0,2018-12-01
1099194,2279,2018,6,CA,73,San Diego,19,AVOCADOS,90,APH,UH,42,Freeze,2,FEB,3.5,6456.0,2018-02-01
1099195,2280,2018,6,CA,73,San Diego,19,AVOCADOS,90,APH,H,44,Cold Wet Weather,2,FEB,1.5,1500.9,2018-02-01
1099196,2281,2018,6,CA,73,San Diego,19,AVOCADOS,90,APH,H,61,Wind/Excess Wind,4,APR,13.92,11143.8,2018-04-01
1099197,2282,2018,6,CA,73,San Diego,19,AVOCADOS,90,APH,H,61,Wind/Excess Wind,11,NOV,5.0,3120.0,2018-11-01
1099198,2283,2018,6,CA,73,San Diego,19,AVOCADOS,90,APH,H,61,Wind/Excess Wind,8,AUG,12.5,30704.0,2018-08-01
1099199,2284,2018,6,CA,73,San Diego,19,AVOCADOS,90,APH,H,61,Wind/Excess Wind,12,DEC,18.85,6877.1,2018-12-01
1099200,2285,2018,6,CA,73,San Diego,19,AVOCADOS,90,APH,UH,61,Wind/Excess Wind,12,DEC,4.4,12101.6,2018-12-01
1099251,2336,2018,6,CA,79,San Luis Obispo,19,AVOCADOS,90,APH,UH,12,Heat,9,SEP,3.0,1184.0,2018-09-01
1099252,2337,2018,6,CA,79,San Luis Obispo,19,AVOCADOS,90,APH,H,31,Excess Moisture/Precipitation/Rain,5,MAY,4.8,8766.6,2018-05-01
1099253,2338,2018,6,CA,79,San Luis Obispo,19,AVOCADOS,90,APH,H,31,Excess Moisture/Precipitation/Rain,1,JAN,3.2,5844.4,2018-01-01
1099254,2339,2018,6,CA,79,San Luis Obispo,19,AVOCADOS,90,APH,UH,44,Cold Wet Weather,4,APR,14.4,2369.0,2018-04-01
1099267,2352,2018,6,CA,83,Santa Barbara,19,AVOCADOS,90,APH,H,12,Heat,7,JUL,120.305,95192.75,2018-07-01
1099268,2353,2018,6,CA,83,Santa Barbara,19,AVOCADOS,90,APH,H,12,Heat,6,JUN,8.03,1904.6,2018-06-01
1099269,2354,2018,6,CA,83,Santa Barbara,19,AVOCADOS,90,APH,UH,12,Heat,7,JUL,3.3,1327.8,2018-07-01
1099271,2356,2018,6,CA,83,Santa Barbara,19,AVOCADOS,90,APH,H,42,Freeze,2,FEB,120.27,99040.8,2018-02-01
1099272,2357,2018,6,CA,83,Santa Barbara,19,AVOCADOS,90,APH,H,51,Flood,1,JAN,40.08,7482.0,2018-01-01
1099273,2358,2018,6,CA,83,Santa Barbara,19,AVOCADOS,90,APH,H,61,Wind/Excess Wind,4,APR,2.5,349.5,2018-04-01
1099274,2359,2018,6,CA,83,Santa Barbara,19,AVOCADOS,90,APH,H,61,Wind/Excess Wind,12,DEC,1.59,2568.3,2018-12-01
1099489,2574,2018,6,CA,111,Ventura,19,AVOCADOS,90,APH,H,12,Heat,6,JUN,57.72,110529.95,2018-06-01
1099490,2575,2018,6,CA,111,Ventura,19,AVOCADOS,90,APH,H,12,Heat,8,AUG,2.32,585.2,2018-08-01
1099491,2576,2018,6,CA,111,Ventura,19,AVOCADOS,90,APH,H,12,Heat,11,NOV,4.0,3334.0,2018-11-01
1099492,2577,2018,6,CA,111,Ventura,19,AVOCADOS,90,APH,H,12,Heat,12,DEC,0.5,62.4,2018-12-01
1099493,2578,2018,6,CA,111,Ventura,19,AVOCADOS,90,APH,H,12,Heat,9,SEP,45.13,118770.65,2018-09-01
1099494,2579,2018,6,CA,111,Ventura,19,AVOCADOS,90,APH,H,12,Heat,10,OCT,31.13,119557.8,2018-10-01
1099495,2580,2018,6,CA,111,Ventura,19,AVOCADOS,90,APH,H,12,Heat,4,APR,29.95,9234.06,2018-04-01
1099496,2581,2018,6,CA,111,Ventura,19,AVOCADOS,90,APH,H,12,Heat,7,JUL,38.54,33765.4,2018-07-01
1099497,2582,2018,6,CA,111,Ventura,19,AVOCADOS,90,APH,UH,12,Heat,9,SEP,1.8,2275.5,2018-09-01
1099498,2583,2018,6,CA,111,Ventura,19,AVOCADOS,90,APH,H,42,Freeze,12,DEC,0.57,759.7,2018-12-01
1099499,2584,2018,6,CA,111,Ventura,19,AVOCADOS,90,APH,H,61,Wind/Excess Wind,7,JUL,0.9,943.2,2018-07-01
1099500,2585,2018,6,CA,111,Ventura,19,AVOCADOS,90,APH,H,61,Wind/Excess Wind,5,MAY,2.35,2439.6,2018-05-01
1099501,2586,2018,6,CA,111,Ventura,19,AVOCADOS,90,APH,H,61,Wind/Excess Wind,12,DEC,52.225,94166.75,2018-12-01
1099502,2587,2018,6,CA,111,Ventura,19,AVOCADOS,90,APH,H,61,Wind/Excess Wind,11,NOV,2.0,362.0,2018-11-01
1099503,2588,2018,6,CA,111,Ventura,19,AVOCADOS,90,APH,H,61,Wind/Excess Wind,10,OCT,40.655,81302.09,2018-10-01
1099504,2589,2018,6,CA,111,Ventura,19,AVOCADOS,90,APH,UH,61,Wind/Excess Wind,12,DEC,4.2,5309.5,2018-12-01
1099505,2590,2018,6,CA,111,Ventura,19,AVOCADOS,90,APH,H,61,Wind/Excess Wind,4,APR,3.5,1846.6,2018-04-01
1146842,2222,2018,6,CA,65,Riverside,19,AVOCADOS,90,APH,H,12,Heat,12,DEC,13.2,3902.4,2018-12-01
1146843,2223,2018,6,CA,65,Riverside,19,AVOCADOS,90,APH,H,12,Heat,6,JUN,26.125,25553.75,2018-06-01
1146844,2224,2018,6,CA,65,Riverside,19,AVOCADOS,90,APH,H,12,Heat,9,SEP,11.84,5841.3,2018-09-01
1146845,2225,2018,6,CA,65,Riverside,19,AVOCADOS,90,APH,H,12,Heat,7,JUL,36.9,34442.0,2018-07-01
1146846,2226,2018,6,CA,65,Riverside,19,AVOCADOS,90,APH,H,42,Freeze,2,FEB,21.4,14159.4,2018-02-01
1146847,2227,2018,6,CA,65,Riverside,19,AVOCADOS,90,APH,H,42,Freeze,1,JAN,5.0,9677.0,2018-01-01
1146848,2228,2018,6,CA,65,Riverside,19,AVOCADOS,90,APH,UH,42,Freeze,2,FEB,5.0,2512.0,2018-02-01
1146849,2229,2018,6,CA,65,Riverside,19,AVOCADOS,90,APH,H,44,Cold Wet Weather,2,FEB,26.96,12311.9,2018-02-01
1146850,2230,2018,6,CA,65,Riverside,19,AVOCADOS,90,APH,H,61,Wind/Excess Wind,10,OCT,0.875,1.25,2018-10-01
1146883,2263,2018,6,CA,73,San Diego,19,AVOCADOS,90,APH,H,12,Heat,7,JUL,320.68,481046.8,2018-07-01
1146884,2264,2018,6,CA,73,San Diego,19,AVOCADOS,90,APH,UH,12,Heat,8,AUG,2.0,3506.0,2018-08-01
1146885,2265,2018,6,CA,73,San Diego,19,AVOCADOS,90,APH,P,12,Heat,6,JUN,26.0,0.0,2018-06-01
1146886,2266,2018,6,CA,73,San Diego,19,AVOCADOS,90,APH,UH,12,Heat,7,JUL,22.6,27032.4,2018-07-01
1146887,2267,2018,6,CA,73,San Diego,19,AVOCADOS,90,APH,H,12,Heat,11,NOV,11.76,6349.66,2018-11-01
1146888,2268,2018,6,CA,73,San Diego,19,AVOCADOS,90,APH,H,12,Heat,2,FEB,0.32,470.2,2018-02-01
1146889,2269,2018,6,CA,73,San Diego,19,AVOCADOS,90,APH,H,12,Heat,8,AUG,12.5,30704.0,2018-08-01
1146890,2270,2018,6,CA,73,San Diego,19,AVOCADOS,90,APH,H,12,Heat,12,DEC,9.35,7870.5,2018-12-01
1146891,2271,2018,6,CA,73,San Diego,19,AVOCADOS,90,APH,H,12,Heat,10,OCT,5.74,3925.34,2018-10-01
1146892,2272,2018,6,CA,73,San Diego,19,AVOCADOS,90,APH,H,12,Heat,6,JUN,212.4,113389.0,2018-06-01
1146893,2273,2018,6,CA,73,San Diego,19,AVOCADOS,90,APH,H,12,Heat,9,SEP,10.3,9226.1,2018-09-01
1146894,2274,2018,6,CA,73,San Diego,19,AVOCADOS,90,APH,UH,12,Heat,2,FEB,4.0,2220.0,2018-02-01
1146895,2275,2018,6,CA,73,San Diego,19,AVOCADOS,90,APH,H,41,Frost,2,FEB,9.28,7429.2,2018-02-01
1146896,2276,2018,6,CA,73,San Diego,19,AVOCADOS,90,APH,H,42,Freeze,2,FEB,13.0,18957.4,2018-02-01
1146897,2277,2018,6,CA,73,San Diego,19,AVOCADOS,90,APH,H,42,Freeze,12,DEC,20.0,15494.0,2018-12-01
1146898,2278,2018,6,CA,73,San Diego,19,AVOCADOS,90,APH,UH,42,Freeze,2,FEB,3.5,6456.0,2018-02-01
1146899,2279,2018,6,CA,73,San Diego,19,AVOCADOS,90,APH,H,44,Cold Wet Weather,2,FEB,1.5,1500.9,2018-02-01
1146900,2280,2018,6,CA,73,San Diego,19,AVOCADOS,90,APH,H,61,Wind/Excess Wind,4,APR,13.92,11143.8,2018-04-01
1146901,2281,2018,6,CA,73,San Diego,19,AVOCADOS,90,APH,H,61,Wind/Excess Wind,11,NOV,5.0,3120.0,2018-11-01
1146902,2282,2018,6,CA,73,San Diego,19,AVOCADOS,90,APH,H,61,Wind/Excess Wind,8,AUG,12.5,30704.0,2018-08-01
1146903,2283,2018,6,CA,73,San Diego,19,AVOCADOS,90,APH,H,61,Wind/Excess Wind,12,DEC,18.85,6877.1,2018-12-01
1146904,2284,2018,6,CA,73,San Diego,19,AVOCADOS,90,APH,UH,61,Wind/Excess Wind,12,DEC,4.4,12101.6,2018-12-01
1146955,2335,2018,6,CA,79,San Luis Obispo,19,AVOCADOS,90,APH,UH,12,Heat,9,SEP,3.0,1184.0,2018-09-01
1146956,2336,2018,6,CA,79,San Luis Obispo,19,AVOCADOS,90,APH,H,31,Excess Moisture/Precipitation/Rain,5,MAY,4.8,8766.6,2018-05-01
1146957,2337,2018,6,CA,79,San Luis Obispo,19,AVOCADOS,90,APH,H,31,Excess Moisture/Precipitation/Rain,1,JAN,3.2,5844.4,2018-01-01
1146958,2338,2018,6,CA,79,San Luis Obispo,19,AVOCADOS,90,APH,UH,44,Cold Wet Weather,4,APR,14.4,2369.0,2018-04-01
1146971,2351,2018,6,CA,83,Santa Barbara,19,AVOCADOS,90,APH,H,12,Heat,7,JUL,120.305,95192.75,2018-07-01
1146972,2352,2018,6,CA,83,Santa Barbara,19,AVOCADOS,90,APH,H,12,Heat,6,JUN,8.03,1904.6,2018-06-01
1146973,2353,2018,6,CA,83,Santa Barbara,19,AVOCADOS,90,APH,UH,12,Heat,7,JUL,3.3,1327.8,2018-07-01
1146975,2355,2018,6,CA,83,Santa Barbara,19,AVOCADOS,90,APH,H,42,Freeze,2,FEB,120.27,99040.8,2018-02-01
1146976,2356,2018,6,CA,83,Santa Barbara,19,AVOCADOS,90,APH,H,51,Flood,1,JAN,40.08,7482.0,2018-01-01
1146977,2357,2018,6,CA,83,Santa Barbara,19,AVOCADOS,90,APH,H,61,Wind/Excess Wind,4,APR,2.5,349.5,2018-04-01
1146978,2358,2018,6,CA,83,Santa Barbara,19,AVOCADOS,90,APH,H,61,Wind/Excess Wind,12,DEC,1.59,2568.3,2018-12-01
1147193,2573,2018,6,CA,111,Ventura,19,AVOCADOS,90,APH,H,12,Heat,6,JUN,57.72,110529.95,2018-06-01
1147194,2574,2018,6,CA,111,Ventura,19,AVOCADOS,90,APH,H,12,Heat,8,AUG,2.32,585.2,2018-08-01
1147195,2575,2018,6,CA,111,Ventura,19,AVOCADOS,90,APH,H,12,Heat,11,NOV,4.0,3334.0,2018-11-01
1147196,2576,2018,6,CA,111,Ventura,19,AVOCADOS,90,APH,H,12,Heat,12,DEC,0.5,62.4,2018-12-01
1147197,2577,2018,6,CA,111,Ventura,19,AVOCADOS,90,APH,H,12,Heat,9,SEP,45.13,118770.65,2018-09-01
1147198,2578,2018,6,CA,111,Ventura,19,AVOCADOS,90,APH,H,12,Heat,10,OCT,31.13,119557.8,2018-10-01
1147199,2579,2018,6,CA,111,Ventura,19,AVOCADOS,90,APH,H,12,Heat,4,APR,29.95,9234.06,2018-04-01
1147200,2580,2018,6,CA,111,Ventura,19,AVOCADOS,90,APH,H,12,Heat,7,JUL,38.54,33765.4,2018-07-01
1147201,2581,2018,6,CA,111,Ventura,19,AVOCADOS,90,APH,UH,12,Heat,9,SEP,1.8,2275.5,2018-09-01
1147202,2582,2018,6,CA,111,Ventura,19,AVOCADOS,90,APH,H,42,Freeze,12,DEC,0.57,759.7,2018-12-01
1147203,2583,2018,6,CA,111,Ventura,19,AVOCADOS,90,APH,H,61,Wind/Excess Wind,7,JUL,0.9,943.2,2018-07-01
1147204,2584,2018,6,CA,111,Ventura,19,AVOCADOS,90,APH,H,61,Wind/Excess Wind,5,MAY,2.35,2439.6,2018-05-01
1147205,2585,2018,6,CA,111,Ventura,19,AVOCADOS,90,APH,H,61,Wind/Excess Wind,12,DEC,52.225,94166.75,2018-12-01
1147206,2586,2018,6,CA,111,Ventura,19,AVOCADOS,90,APH,H,61,Wind/Excess Wind,11,NOV,2.0,362.0,2018-11-01
1147207,2587,2018,6,CA,111,Ventura,19,AVOCADOS,90,APH,H,61,Wind/Excess Wind,10,OCT,40.655,81302.09,2018-10-01
1147208,2588,2018,6,CA,111,Ventura,19,AVOCADOS,90,APH,UH,61,Wind/Excess Wind,12,DEC,4.2,5309.5,2018-12-01
1147209,2589,2018,6,CA,111,Ventura,19,AVOCADOS,90,APH,H,61,Wind/Excess Wind,4,APR,3.5,1846.6,2018-04-01
1194548,2224,2018,6,CA,65,Riverside,19,AVOCADOS,90,APH,H,12,Heat,12,DEC,13.2,3902.4,2018-12-01
1194549,2225,2018,6,CA,65,Riverside,19,AVOCADOS,90,APH,H,12,Heat,6,JUN,26.125,25553.75,2018-06-01
1194550,2226,2018,6,CA,65,Riverside,19,AVOCADOS,90,APH,H,12,Heat,9,SEP,11.84,5841.3,2018-09-01
1194551,2227,2018,6,CA,65,Riverside,19,AVOCADOS,90,APH,H,12,Heat,7,JUL,36.9,34442.0,2018-07-01
1194552,2228,2018,6,CA,65,Riverside,19,AVOCADOS,90,APH,H,42,Freeze,2,FEB,21.4,14159.4,2018-02-01
1194553,2229,2018,6,CA,65,Riverside,19,AVOCADOS,90,APH,H,42,Freeze,1,JAN,5.0,9677.0,2018-01-01
1194554,2230,2018,6,CA,65,Riverside,19,AVOCADOS,90,APH,UH,42,Freeze,2,FEB,5.0,2512.0,2018-02-01
1194555,2231,2018,6,CA,65,Riverside,19,AVOCADOS,90,APH,H,44,Cold Wet Weather,2,FEB,26.96,12311.9,2018-02-01
1194556,2232,2018,6,CA,65,Riverside,19,AVOCADOS,90,APH,H,61,Wind/Excess Wind,10,OCT,0.875,1.25,2018-10-01
1194589,2265,2018,6,CA,73,San Diego,19,AVOCADOS,90,APH,H,12,Heat,7,JUL,320.68,481046.8,2018-07-01
1194590,2266,2018,6,CA,73,San Diego,19,AVOCADOS,90,APH,UH,12,Heat,8,AUG,2.0,3506.0,2018-08-01
1194591,2267,2018,6,CA,73,San Diego,19,AVOCADOS,90,APH,P,12,Heat,6,JUN,26.0,0.0,2018-06-01
1194592,2268,2018,6,CA,73,San Diego,19,AVOCADOS,90,APH,UH,12,Heat,7,JUL,22.6,27032.4,2018-07-01
1194593,2269,2018,6,CA,73,San Diego,19,AVOCADOS,90,APH,H,12,Heat,11,NOV,11.76,6349.66,2018-11-01
1194594,2270,2018,6,CA,73,San Diego,19,AVOCADOS,90,APH,H,12,Heat,2,FEB,0.32,470.2,2018-02-01
1194595,2271,2018,6,CA,73,San Diego,19,AVOCADOS,90,APH,H,12,Heat,8,AUG,12.5,30704.0,2018-08-01
1194596,2272,2018,6,CA,73,San Diego,19,AVOCADOS,90,APH,H,12,Heat,12,DEC,9.35,7870.5,2018-12-01
1194597,2273,2018,6,CA,73,San Diego,19,AVOCADOS,90,APH,H,12,Heat,10,OCT,5.74,3925.34,2018-10-01
1194598,2274,2018,6,CA,73,San Diego,19,AVOCADOS,90,APH,H,12,Heat,6,JUN,212.4,113389.0,2018-06-01
1194599,2275,2018,6,CA,73,San Diego,19,AVOCADOS,90,APH,H,12,Heat,9,SEP,10.3,9226.1,2018-09-01
1194600,2276,2018,6,CA,73,San Diego,19,AVOCADOS,90,APH,UH,12,Heat,2,FEB,4.0,2220.0,2018-02-01
1194601,2277,2018,6,CA,73,San Diego,19,AVOCADOS,90,APH,H,41,Frost,2,FEB,9.28,7429.2,2018-02-01
1194602,2278,2018,6,CA,73,San Diego,19,AVOCADOS,90,APH,H,42,Freeze,2,FEB,13.0,18957.4,2018-02-01
1194603,2279,2018,6,CA,73,San Diego,19,AVOCADOS,90,APH,H,42,Freeze,12,DEC,20.0,15494.0,2018-12-01
1194604,2280,2018,6,CA,73,San Diego,19,AVOCADOS,90,APH,UH,42,Freeze,2,FEB,3.5,6456.0,2018-02-01
1194605,2281,2018,6,CA,73,San Diego,19,AVOCADOS,90,APH,H,44,Cold Wet Weather,2,FEB,1.5,1500.9,2018-02-01
1194606,2282,2018,6,CA,73,San Diego,19,AVOCADOS,90,APH,H,61,Wind/Excess Wind,4,APR,13.92,11143.8,2018-04-01
1194607,2283,2018,6,CA,73,San Diego,19,AVOCADOS,90,APH,H,61,Wind/Excess Wind,11,NOV,5.0,3120.0,2018-11-01
1194608,2284,2018,6,CA,73,San Diego,19,AVOCADOS,90,APH,H,61,Wind/Excess Wind,8,AUG,12.5,30704.0,2018-08-01
1194609,2285,2018,6,CA,73,San Diego,19,AVOCADOS,90,APH,H,61,Wind/Excess Wind,12,DEC,18.85,6877.1,2018-12-01
1194610,2286,2018,6,CA,73,San Diego,19,AVOCADOS,90,APH,UH,61,Wind/Excess Wind,12,DEC,4.4,12101.6,2018-12-01
1194661,2337,2018,6,CA,79,San Luis Obispo,19,AVOCADOS,90,APH,UH,12,Heat,9,SEP,3.0,1184.0,2018-09-01
1194662,2338,2018,6,CA,79,San Luis Obispo,19,AVOCADOS,90,APH,H,31,Excess Moisture/Precipitation/Rain,5,MAY,4.8,8766.6,2018-05-01
1194663,2339,2018,6,CA,79,San Luis Obispo,19,AVOCADOS,90,APH,H,31,Excess Moisture/Precipitation/Rain,1,JAN,3.2,5844.4,2018-01-01
1194664,2340,2018,6,CA,79,San Luis Obispo,19,AVOCADOS,90,APH,UH,44,Cold Wet Weather,4,APR,14.4,2369.0,2018-04-01
1194677,2353,2018,6,CA,83,Santa Barbara,19,AVOCADOS,90,APH,H,12,Heat,7,JUL,120.305,95192.75,2018-07-01
1194678,2354,2018,6,CA,83,Santa Barbara,19,AVOCADOS,90,APH,H,12,Heat,6,JUN,8.03,1904.6,2018-06-01
1194679,2355,2018,6,CA,83,Santa Barbara,19,AVOCADOS,90,APH,UH,12,Heat,7,JUL,3.3,1327.8,2018-07-01
1194681,2357,2018,6,CA,83,Santa Barbara,19,AVOCADOS,90,APH,H,42,Freeze,2,FEB,120.27,99040.8,2018-02-01
1194682,2358,2018,6,CA,83,Santa Barbara,19,AVOCADOS,90,APH,H,51,Flood,1,JAN,40.08,7482.0,2018-01-01
1194683,2359,2018,6,CA,83,Santa Barbara,19,AVOCADOS,90,APH,H,61,Wind/Excess Wind,4,APR,2.5,349.5,2018-04-01
1194684,2360,2018,6,CA,83,Santa Barbara,19,AVOCADOS,90,APH,H,61,Wind/Excess Wind,12,DEC,1.59,2568.3,2018-12-01
1194899,2575,2018,6,CA,111,Ventura,19,AVOCADOS,90,APH,H,12,Heat,6,JUN,57.72,110529.95,2018-06-01
1194900,2576,2018,6,CA,111,Ventura,19,AVOCADOS,90,APH,H,12,Heat,8,AUG,2.32,585.2,2018-08-01
1194901,2577,2018,6,CA,111,Ventura,19,AVOCADOS,90,APH,H,12,Heat,11,NOV,4.0,3334.0,2018-11-01
1194902,2578,2018,6,CA,111,Ventura,19,AVOCADOS,90,APH,H,12,Heat,12,DEC,0.5,62.4,2018-12-01
1194903,2579,2018,6,CA,111,Ventura,19,AVOCADOS,90,APH,H,12,Heat,9,SEP,45.13,118770.65,2018-09-01
1194904,2580,2018,6,CA,111,Ventura,19,AVOCADOS,90,APH,H,12,Heat,10,OCT,31.13,119557.8,2018-10-01
1194905,2581,2018,6,CA,111,Ventura,19,AVOCADOS,90,APH,H,12,Heat,4,APR,29.95,9234.06,2018-04-01
1194906,2582,2018,6,CA,111,Ventura,19,AVOCADOS,90,APH,H,12,Heat,7,JUL,38.54,33765.4,2018-07-01
1194907,2583,2018,6,CA,111,Ventura,19,AVOCADOS,90,APH,UH,12,Heat,9,SEP,1.8,2275.5,2018-09-01
1194908,2584,2018,6,CA,111,Ventura,19,AVOCADOS,90,APH,H,42,Freeze,12,DEC,0.57,759.7,2018-12-01
1194909,2585,2018,6,CA,111,Ventura,19,AVOCADOS,90,APH,H,61,Wind/Excess Wind,7,JUL,0.9,943.2,2018-07-01
1194910,2586,2018,6,CA,111,Ventura,19,AVOCADOS,90,APH,H,61,Wind/Excess Wind,5,MAY,2.35,2439.6,2018-05-01
1194911,2587,2018,6,CA,111,Ventura,19,AVOCADOS,90,APH,H,61,Wind/Excess Wind,12,DEC,52.225,94166.75,2018-12-01
1194912,2588,2018,6,CA,111,Ventura,19,AVOCADOS,90,APH,H,61,Wind/Excess Wind,11,NOV,2.0,362.0,2018-11-01
1194913,2589,2018,6,CA,111,Ventura,19,AVOCADOS,90,APH,H,61,Wind/Excess Wind,10,OCT,40.655,81302.09,2018-10-01
1194914,2590,2018,6,CA,111,Ventura,19,AVOCADOS,90,APH,UH,61,Wind/Excess Wind,12,DEC,4.2,5309.5,2018-12-01
1194915,2591,2018,6,CA,111,Ventura,19,AVOCADOS,90,APH,H,61,Wind/Excess Wind,4,APR,3.5,1846.6,2018-04-01
1242255,2225,2018,6,CA,65,Riverside,19,AVOCADOS,90,APH,H,12,Heat,12,DEC,13.2,3902.4,2018-12-01
1242256,2226,2018,6,CA,65,Riverside,19,AVOCADOS,90,APH,H,12,Heat,6,JUN,26.125,25553.75,2018-06-01
1242257,2227,2018,6,CA,65,Riverside,19,AVOCADOS,90,APH,H,12,Heat,9,SEP,11.84,5841.3,2018-09-01
1242258,2228,2018,6,CA,65,Riverside,19,AVOCADOS,90,APH,H,12,Heat,7,JUL,36.9,34442.0,2018-07-01
1242259,2229,2018,6,CA,65,Riverside,19,AVOCADOS,90,APH,H,42,Freeze,2,FEB,21.4,14159.4,2018-02-01
1242260,2230,2018,6,CA,65,Riverside,19,AVOCADOS,90,APH,H,42,Freeze,1,JAN,5.0,9677.0,2018-01-01
1242261,2231,2018,6,CA,65,Riverside,19,AVOCADOS,90,APH,UH,42,Freeze,2,FEB,5.0,2512.0,2018-02-01
1242262,2232,2018,6,CA,65,Riverside,19,AVOCADOS,90,APH,H,44,Cold Wet Weather,2,FEB,26.96,12311.9,2018-02-01
1242263,2233,2018,6,CA,65,Riverside,19,AVOCADOS,90,APH,H,61,Wind/Excess Wind,10,OCT,0.875,1.25,2018-10-01
1242296,2266,2018,6,CA,73,San Diego,19,AVOCADOS,90,APH,H,12,Heat,7,JUL,320.68,481046.8,2018-07-01
1242297,2267,2018,6,CA,73,San Diego,19,AVOCADOS,90,APH,UH,12,Heat,8,AUG,2.0,3506.0,2018-08-01
1242298,2268,2018,6,CA,73,San Diego,19,AVOCADOS,90,APH,P,12,Heat,6,JUN,26.0,0.0,2018-06-01
1242299,2269,2018,6,CA,73,San Diego,19,AVOCADOS,90,APH,UH,12,Heat,7,JUL,22.6,27032.4,2018-07-01
1242300,2270,2018,6,CA,73,San Diego,19,AVOCADOS,90,APH,H,12,Heat,11,NOV,11.76,6349.66,2018-11-01
1242301,2271,2018,6,CA,73,San Diego,19,AVOCADOS,90,APH,H,12,Heat,2,FEB,0.32,470.2,2018-02-01
1242302,2272,2018,6,CA,73,San Diego,19,AVOCADOS,90,APH,H,12,Heat,8,AUG,12.5,30704.0,2018-08-01
1242303,2273,2018,6,CA,73,San Diego,19,AVOCADOS,90,APH,H,12,Heat,12,DEC,9.35,7870.5,2018-12-01
1242304,2274,2018,6,CA,73,San Diego,19,AVOCADOS,90,APH,H,12,Heat,10,OCT,5.74,3925.34,2018-10-01
1242305,2275,2018,6,CA,73,San Diego,19,AVOCADOS,90,APH,H,12,Heat,6,JUN,212.4,113389.0,2018-06-01
1242306,2276,2018,6,CA,73,San Diego,19,AVOCADOS,90,APH,H,12,Heat,9,SEP,10.3,9226.1,2018-09-01
1242307,2277,2018,6,CA,73,San Diego,19,AVOCADOS,90,APH,UH,12,Heat,2,FEB,4.0,2220.0,2018-02-01
1242308,2278,2018,6,CA,73,San Diego,19,AVOCADOS,90,APH,H,41,Frost,2,FEB,9.28,7429.2,2018-02-01
1242309,2279,2018,6,CA,73,San Diego,19,AVOCADOS,90,APH,H,42,Freeze,2,FEB,13.0,18957.4,2018-02-01
1242310,2280,2018,6,CA,73,San Diego,19,AVOCADOS,90,APH,H,42,Freeze,12,DEC,20.0,15494.0,2018-12-01
1242311,2281,2018,6,CA,73,San Diego,19,AVOCADOS,90,APH,UH,42,Freeze,2,FEB,3.5,6456.0,2018-02-01
1242312,2282,2018,6,CA,73,San Diego,19,AVOCADOS,90,APH,H,44,Cold Wet Weather,2,FEB,1.5,1500.9,2018-02-01
1242313,2283,2018,6,CA,73,San Diego,19,AVOCADOS,90,APH,H,61,Wind/Excess Wind,4,APR,13.92,11143.8,2018-04-01
1242314,2284,2018,6,CA,73,San Diego,19,AVOCADOS,90,APH,H,61,Wind/Excess Wind,11,NOV,5.0,3120.0,2018-11-01
1242315,2285,2018,6,CA,73,San Diego,19,AVOCADOS,90,APH,H,61,Wind/Excess Wind,8,AUG,12.5,30704.0,2018-08-01
1242316,2286,2018,6,CA,73,San Diego,19,AVOCADOS,90,APH,H,61,Wind/Excess Wind,12,DEC,18.85,6877.1,2018-12-01
1242317,2287,2018,6,CA,73,San Diego,19,AVOCADOS,90,APH,UH,61,Wind/Excess Wind,12,DEC,4.4,12101.6,2018-12-01
1242368,2338,2018,6,CA,79,San Luis Obispo,19,AVOCADOS,90,APH,UH,12,Heat,9,SEP,3.0,1184.0,2018-09-01
1242369,2339,2018,6,CA,79,San Luis Obispo,19,AVOCADOS,90,APH,H,31,Excess Moisture/Precipitation/Rain,5,MAY,4.8,8766.6,2018-05-01
1242370,2340,2018,6,CA,79,San Luis Obispo,19,AVOCADOS,90,APH,H,31,Excess Moisture/Precipitation/Rain,1,JAN,3.2,5844.4,2018-01-01
1242371,2341,2018,6,CA,79,San Luis Obispo,19,AVOCADOS,90,APH,UH,44,Cold Wet Weather,4,APR,14.4,2369.0,2018-04-01
1242384,2354,2018,6,CA,83,Santa Barbara,19,AVOCADOS,90,APH,H,12,Heat,7,JUL,120.305,95192.75,2018-07-01
1242385,2355,2018,6,CA,83,Santa Barbara,19,AVOCADOS,90,APH,H,12,Heat,6,JUN,8.03,1904.6,2018-06-01
1242386,2356,2018,6,CA,83,Santa Barbara,19,AVOCADOS,90,APH,UH,12,Heat,7,JUL,3.3,1327.8,2018-07-01
1242388,2358,2018,6,CA,83,Santa Barbara,19,AVOCADOS,90,APH,H,42,Freeze,2,FEB,120.27,99040.8,2018-02-01
1242389,2359,2018,6,CA,83,Santa Barbara,19,AVOCADOS,90,APH,H,51,Flood,1,JAN,40.08,7482.0,2018-01-01
1242390,2360,2018,6,CA,83,Santa Barbara,19,AVOCADOS,90,APH,H,61,Wind/Excess Wind,4,APR,2.5,349.5,2018-04-01
1242391,2361,2018,6,CA,83,Santa Barbara,19,AVOCADOS,90,APH,H,61,Wind/Excess Wind,12,DEC,1.59,2568.3,2018-12-01
1242606,2576,2018,6,CA,111,Ventura,19,AVOCADOS,90,APH,H,12,Heat,6,JUN,57.72,110529.95,2018-06-01
1242607,2577,2018,6,CA,111,Ventura,19,AVOCADOS,90,APH,H,12,Heat,8,AUG,2.32,585.2,2018-08-01
1242608,2578,2018,6,CA,111,Ventura,19,AVOCADOS,90,APH,H,12,Heat,11,NOV,4.0,3334.0,2018-11-01
1242609,2579,2018,6,CA,111,Ventura,19,AVOCADOS,90,APH,H,12,Heat,12,DEC,0.5,62.4,2018-12-01
1242610,2580,2018,6,CA,111,Ventura,19,AVOCADOS,90,APH,H,12,Heat,9,SEP,45.13,118770.65,2018-09-01
1242611,2581,2018,6,CA,111,Ventura,19,AVOCADOS,90,APH,H,12,Heat,10,OCT,31.13,119557.8,2018-10-01
1242612,2582,2018,6,CA,111,Ventura,19,AVOCADOS,90,APH,H,12,Heat,4,APR,29.95,9234.06,2018-04-01
1242613,2583,2018,6,CA,111,Ventura,19,AVOCADOS,90,APH,H,12,Heat,7,JUL,38.54,33765.4,2018-07-01
1242614,2584,2018,6,CA,111,Ventura,19,AVOCADOS,90,APH,UH,12,Heat,9,SEP,1.8,2275.5,2018-09-01
1242615,2585,2018,6,CA,111,Ventura,19,AVOCADOS,90,APH,H,42,Freeze,12,DEC,0.57,759.7,2018-12-01
1242616,2586,2018,6,CA,111,Ventura,19,AVOCADOS,90,APH,H,61,Wind/Excess Wind,7,JUL,0.9,943.2,2018-07-01
1242617,2587,2018,6,CA,111,Ventura,19,AVOCADOS,90,APH,H,61,Wind/Excess Wind,5,MAY,2.35,2439.6,2018-05-01
1242618,2588,2018,6,CA,111,Ventura,19,AVOCADOS,90,APH,H,61,Wind/Excess Wind,12,DEC,52.225,94166.75,2018-12-01
1242619,2589,2018,6,CA,111,Ventura,19,AVOCADOS,90,APH,H,61,Wind/Excess Wind,11,NOV,2.0,362.0,2018-11-01
1242620,2590,2018,6,CA,111,Ventura,19,AVOCADOS,90,APH,H,61,Wind/Excess Wind,10,OCT,40.655,81302.09,2018-10-01
1242621,2591,2018,6,CA,111,Ventura,19,AVOCADOS,90,APH,UH,61,Wind/Excess Wind,12,DEC,4.2,5309.5,2018-12-01
1242622,2592,2018,6,CA,111,Ventura,19,AVOCADOS,90,APH,H,61,Wind/Excess Wind,4,APR,3.5,1846.6,2018-04-01
1289935,2198,2018,6,CA,65,Riverside,19,AVOCADOS,90,APH,H,12,Heat,12,DEC,13.2,3902.4,2018-12-01
1289936,2199,2018,6,CA,65,Riverside,19,AVOCADOS,90,APH,H,12,Heat,6,JUN,26.125,25553.75,2018-06-01
1289937,2200,2018,6,CA,65,Riverside,19,AVOCADOS,90,APH,H,12,Heat,9,SEP,11.84,5841.3,2018-09-01
1289938,2201,2018,6,CA,65,Riverside,19,AVOCADOS,90,APH,H,12,Heat,7,JUL,36.9,34442.0,2018-07-01
1289939,2202,2018,6,CA,65,Riverside,19,AVOCADOS,90,APH,H,42,Freeze,2,FEB,21.4,14159.4,2018-02-01
1289940,2203,2018,6,CA,65,Riverside,19,AVOCADOS,90,APH,H,42,Freeze,1,JAN,5.0,9677.0,2018-01-01
1289941,2204,2018,6,CA,65,Riverside,19,AVOCADOS,90,APH,UH,42,Freeze,2,FEB,5.0,2512.0,2018-02-01
1289942,2205,2018,6,CA,65,Riverside,19,AVOCADOS,90,APH,H,44,Cold Wet Weather,2,FEB,26.96,12311.9,2018-02-01
1289943,2206,2018,6,CA,65,Riverside,19,AVOCADOS,90,APH,H,61,Wind/Excess Wind,10,OCT,0.875,1.25,2018-10-01
1289976,2239,2018,6,CA,73,San Diego,19,AVOCADOS,90,APH,H,12,Heat,7,JUL,320.68,481046.8,2018-07-01
1289977,2240,2018,6,CA,73,San Diego,19,AVOCADOS,90,APH,UH,12,Heat,8,AUG,2.0,3506.0,2018-08-01
1289978,2241,2018,6,CA,73,San Diego,19,AVOCADOS,90,APH,P,12,Heat,6,JUN,26.0,0.0,2018-06-01
1289979,2242,2018,6,CA,73,San Diego,19,AVOCADOS,90,APH,UH,12,Heat,7,JUL,22.6,27032.4,2018-07-01
1289980,2243,2018,6,CA,73,San Diego,19,AVOCADOS,90,APH,H,12,Heat,11,NOV,11.76,6349.66,2018-11-01
1289981,2244,2018,6,CA,73,San Diego,19,AVOCADOS,90,APH,H,12,Heat,2,FEB,0.32,470.2,2018-02-01
1289982,2245,2018,6,CA,73,San Diego,19,AVOCADOS,90,APH,H,12,Heat,8,AUG,12.5,30704.0,2018-08-01
1289983,2246,2018,6,CA,73,San Diego,19,AVOCADOS,90,APH,H,12,Heat,12,DEC,9.35,7870.5,2018-12-01
1289984,2247,2018,6,CA,73,San Diego,19,AVOCADOS,90,APH,H,12,Heat,10,OCT,5.74,3925.34,2018-10-01
1289985,2248,2018,6,CA,73,San Diego,19,AVOCADOS,90,APH,H,12,Heat,6,JUN,212.4,113389.0,2018-06-01
1289986,2249,2018,6,CA,73,San Diego,19,AVOCADOS,90,APH,H,12,Heat,9,SEP,10.3,9226.1,2018-09-01
1289987,2250,2018,6,CA,73,San Diego,19,AVOCADOS,90,APH,UH,12,Heat,2,FEB,4.0,2220.0,2018-02-01
1289988,2251,2018,6,CA,73,San Diego,19,AVOCADOS,90,APH,H,41,Frost,2,FEB,9.28,7429.2,2018-02-01
1289989,2252,2018,6,CA,73,San Diego,19,AVOCADOS,90,APH,H,42,Freeze,2,FEB,13.0,18957.4,2018-02-01
1289990,2253,2018,6,CA,73,San Diego,19,AVOCADOS,90,APH,H,42,Freeze,12,DEC,20.0,15494.0,2018-12-01
1289991,2254,2018,6,CA,73,San Diego,19,AVOCADOS,90,APH,UH,42,Freeze,2,FEB,3.5,6456.0,2018-02-01
1289992,2255,2018,6,CA,73,San Diego,19,AVOCADOS,90,APH,H,44,Cold Wet Weather,2,FEB,1.5,1500.9,2018-02-01
1289993,2256,2018,6,CA,73,San Diego,19,AVOCADOS,90,APH,H,61,Wind/Excess Wind,4,APR,13.92,11143.8,2018-04-01
1289994,2257,2018,6,CA,73,San Diego,19,AVOCADOS,90,APH,H,61,Wind/Excess Wind,11,NOV,5.0,3120.0,2018-11-01
1289995,2258,2018,6,CA,73,San Diego,19,AVOCADOS,90,APH,H,61,Wind/Excess Wind,8,AUG,12.5,30704.0,2018-08-01
1289996,2259,2018,6,CA,73,San Diego,19,AVOCADOS,90,APH,H,61,Wind/Excess Wind,12,DEC,18.85,6877.1,2018-12-01
1289997,2260,2018,6,CA,73,San Diego,19,AVOCADOS,90,APH,UH,61,Wind/Excess Wind,12,DEC,4.4,12101.6,2018-12-01
1290048,2311,2018,6,CA,79,San Luis Obispo,19,AVOCADOS,90,APH,UH,12,Heat,9,SEP,3.0,1184.0,2018-09-01
1290049,2312,2018,6,CA,79,San Luis Obispo,19,AVOCADOS,90,APH,H,31,Excess Moisture/Precipitation/Rain,5,MAY,4.8,8766.6,2018-05-01
1290050,2313,2018,6,CA,79,San Luis Obispo,19,AVOCADOS,90,APH,H,31,Excess Moisture/Precipitation/Rain,1,JAN,3.2,5844.4,2018-01-01
1290051,2314,2018,6,CA,79,San Luis Obispo,19,AVOCADOS,90,APH,UH,44,Cold Wet Weather,4,APR,14.4,2369.0,2018-04-01
1290064,2327,2018,6,CA,83,Santa Barbara,19,AVOCADOS,90,APH,H,12,Heat,7,JUL,120.305,95192.75,2018-07-01
1290065,2328,2018,6,CA,83,Santa Barbara,19,AVOCADOS,90,APH,H,12,Heat,6,JUN,8.03,1904.6,2018-06-01
1290066,2329,2018,6,CA,83,Santa Barbara,19,AVOCADOS,90,APH,UH,12,Heat,7,JUL,3.3,1327.8,2018-07-01
1290068,2331,2018,6,CA,83,Santa Barbara,19,AVOCADOS,90,APH,H,42,Freeze,2,FEB,120.27,99040.8,2018-02-01
1290069,2332,2018,6,CA,83,Santa Barbara,19,AVOCADOS,90,APH,H,51,Flood,1,JAN,40.08,7482.0,2018-01-01
1290070,2333,2018,6,CA,83,Santa Barbara,19,AVOCADOS,90,APH,H,61,Wind/Excess Wind,4,APR,2.5,349.5,2018-04-01
1290071,2334,2018,6,CA,83,Santa Barbara,19,AVOCADOS,90,APH,H,61,Wind/Excess Wind,12,DEC,1.59,2568.3,2018-12-01
1290286,2549,2018,6,CA,111,Ventura,19,AVOCADOS,90,APH,H,12,Heat,6,JUN,57.72,110529.95,2018-06-01
1290287,2550,2018,6,CA,111,Ventura,19,AVOCADOS,90,APH,H,12,Heat,8,AUG,2.32,585.2,2018-08-01
1290288,2551,2018,6,CA,111,Ventura,19,AVOCADOS,90,APH,H,12,Heat,11,NOV,4.0,3334.0,2018-11-01
1290289,2552,2018,6,CA,111,Ventura,19,AVOCADOS,90,APH,H,12,Heat,12,DEC,0.5,62.4,2018-12-01
1290290,2553,2018,6,CA,111,Ventura,19,AVOCADOS,90,APH,H,12,Heat,9,SEP,45.13,118770.65,2018-09-01
1290291,2554,2018,6,CA,111,Ventura,19,AVOCADOS,90,APH,H,12,Heat,10,OCT,31.13,119557.8,2018-10-01
1290292,2555,2018,6,CA,111,Ventura,19,AVOCADOS,90,APH,H,12,Heat,4,APR,29.95,9234.06,2018-04-01
1290293,2556,2018,6,CA,111,Ventura,19,AVOCADOS,90,APH,H,12,Heat,7,JUL,38.54,33765.4,2018-07-01
1290294,2557,2018,6,CA,111,Ventura,19,AVOCADOS,90,APH,UH,12,Heat,9,SEP,1.8,2275.5,2018-09-01
1290295,2558,2018,6,CA,111,Ventura,19,AVOCADOS,90,APH,H,42,Freeze,12,DEC,0.57,759.7,2018-12-01
1290296,2559,2018,6,CA,111,Ventura,19,AVOCADOS,90,APH,H,61,Wind/Excess Wind,7,JUL,0.9,943.2,2018-07-01
1290297,2560,2018,6,CA,111,Ventura,19,AVOCADOS,90,APH,H,61,Wind/Excess Wind,5,MAY,2.35,2439.6,2018-05-01
1290298,2561,2018,6,CA,111,Ventura,19,AVOCADOS,90,APH,H,61,Wind/Excess Wind,12,DEC,52.225,94166.75,2018-12-01
1290299,2562,2018,6,CA,111,Ventura,19,AVOCADOS,90,APH,H,61,Wind/Excess Wind,11,NOV,2.0,362.0,2018-11-01
1290300,2563,2018,6,CA,111,Ventura,19,AVOCADOS,90,APH,H,61,Wind/Excess Wind,10,OCT,40.655,81302.09,2018-10-01
1290301,2564,2018,6,CA,111,Ventura,19,AVOCADOS,90,APH,UH,61,Wind/Excess Wind,12,DEC,4.2,5309.5,2018-12-01
1290302,2565,2018,6,CA,111,Ventura,19,AVOCADOS,90,APH,H,61,Wind/Excess Wind,4,APR,3.5,1846.6,2018-04-01
1337616,2199,2018,6,CA,65,Riverside,19,AVOCADOS,90,APH,H,12,Heat,12,DEC,13.2,3902.4,2018-12-01
1337617,2200,2018,6,CA,65,Riverside,19,AVOCADOS,90,APH,H,12,Heat,6,JUN,26.125,25553.75,2018-06-01
1337618,2201,2018,6,CA,65,Riverside,19,AVOCADOS,90,APH,H,12,Heat,9,SEP,11.84,5841.3,2018-09-01
1337619,2202,2018,6,CA,65,Riverside,19,AVOCADOS,90,APH,H,12,Heat,7,JUL,36.9,34442.0,2018-07-01
1337620,2203,2018,6,CA,65,Riverside,19,AVOCADOS,90,APH,H,42,Freeze,2,FEB,21.4,14159.4,2018-02-01
1337621,2204,2018,6,CA,65,Riverside,19,AVOCADOS,90,APH,H,42,Freeze,1,JAN,5.0,9677.0,2018-01-01
1337622,2205,2018,6,CA,65,Riverside,19,AVOCADOS,90,APH,UH,42,Freeze,2,FEB,5.0,2512.0,2018-02-01
1337623,2206,2018,6,CA,65,Riverside,19,AVOCADOS,90,APH,H,44,Cold Wet Weather,2,FEB,26.96,12311.9,2018-02-01
1337624,2207,2018,6,CA,65,Riverside,19,AVOCADOS,90,APH,H,61,Wind/Excess Wind,10,OCT,0.875,1.25,2018-10-01
1337657,2240,2018,6,CA,73,San Diego,19,AVOCADOS,90,APH,H,12,Heat,7,JUL,320.68,481046.8,2018-07-01
1337658,2241,2018,6,CA,73,San Diego,19,AVOCADOS,90,APH,UH,12,Heat,8,AUG,2.0,3506.0,2018-08-01
1337659,2242,2018,6,CA,73,San Diego,19,AVOCADOS,90,APH,P,12,Heat,6,JUN,26.0,0.0,2018-06-01
1337660,2243,2018,6,CA,73,San Diego,19,AVOCADOS,90,APH,UH,12,Heat,7,JUL,22.6,27032.4,2018-07-01
1337661,2244,2018,6,CA,73,San Diego,19,AVOCADOS,90,APH,H,12,Heat,11,NOV,11.76,6349.66,2018-11-01
1337662,2245,2018,6,CA,73,San Diego,19,AVOCADOS,90,APH,H,12,Heat,2,FEB,0.32,470.2,2018-02-01
1337663,2246,2018,6,CA,73,San Diego,19,AVOCADOS,90,APH,H,12,Heat,8,AUG,12.5,30704.0,2018-08-01
1337664,2247,2018,6,CA,73,San Diego,19,AVOCADOS,90,APH,H,12,Heat,12,DEC,9.35,7870.5,2018-12-01
1337665,2248,2018,6,CA,73,San Diego,19,AVOCADOS,90,APH,H,12,Heat,10,OCT,5.74,3925.34,2018-10-01
1337666,2249,2018,6,CA,73,San Diego,19,AVOCADOS,90,APH,H,12,Heat,6,JUN,212.4,113389.0,2018-06-01
1337667,2250,2018,6,CA,73,San Diego,19,AVOCADOS,90,APH,H,12,Heat,9,SEP,10.3,9226.1,2018-09-01
1337668,2251,2018,6,CA,73,San Diego,19,AVOCADOS,90,APH,UH,12,Heat,2,FEB,4.0,2220.0,2018-02-01
1337669,2252,2018,6,CA,73,San Diego,19,AVOCADOS,90,APH,H,41,Frost,2,FEB,9.28,7429.2,2018-02-01
1337670,2253,2018,6,CA,73,San Diego,19,AVOCADOS,90,APH,H,42,Freeze,2,FEB,13.0,18957.4,2018-02-01
1337671,2254,2018,6,CA,73,San Diego,19,AVOCADOS,90,APH,H,42,Freeze,12,DEC,20.0,15494.0,2018-12-01
1337672,2255,2018,6,CA,73,San Diego,19,AVOCADOS,90,APH,UH,42,Freeze,2,FEB,3.5,6456.0,2018-02-01
1337673,2256,2018,6,CA,73,San Diego,19,AVOCADOS,90,APH,H,44,Cold Wet Weather,2,FEB,1.5,1500.9,2018-02-01
1337674,2257,2018,6,CA,73,San Diego,19,AVOCADOS,90,APH,H,61,Wind/Excess Wind,4,APR,13.92,11143.8,2018-04-01
1337675,2258,2018,6,CA,73,San Diego,19,AVOCADOS,90,APH,H,61,Wind/Excess Wind,11,NOV,5.0,3120.0,2018-11-01
1337676,2259,2018,6,CA,73,San Diego,19,AVOCADOS,90,APH,H,61,Wind/Excess Wind,8,AUG,12.5,30704.0,2018-08-01
1337677,2260,2018,6,CA,73,San Diego,19,AVOCADOS,90,APH,H,61,Wind/Excess Wind,12,DEC,18.85,6877.1,2018-12-01
1337678,2261,2018,6,CA,73,San Diego,19,AVOCADOS,90,APH,UH,61,Wind/Excess Wind,12,DEC,4.4,12101.6,2018-12-01
1337729,2312,2018,6,CA,79,San Luis Obispo,19,AVOCADOS,90,APH,UH,12,Heat,9,SEP,3.0,1184.0,2018-09-01
1337730,2313,2018,6,CA,79,San Luis Obispo,19,AVOCADOS,90,APH,H,31,Excess Moisture/Precipitation/Rain,5,MAY,4.8,8766.6,2018-05-01
1337731,2314,2018,6,CA,79,San Luis Obispo,19,AVOCADOS,90,APH,H,31,Excess Moisture/Precipitation/Rain,1,JAN,3.2,5844.4,2018-01-01
1337732,2315,2018,6,CA,79,San Luis Obispo,19,AVOCADOS,90,APH,UH,44,Cold Wet Weather,4,APR,14.4,2369.0,2018-04-01
1337745,2328,2018,6,CA,83,Santa Barbara,19,AVOCADOS,90,APH,H,12,Heat,7,JUL,120.305,95192.75,2018-07-01
1337746,2329,2018,6,CA,83,Santa Barbara,19,AVOCADOS,90,APH,H,12,Heat,6,JUN,8.03,1904.6,2018-06-01
1337747,2330,2018,6,CA,83,Santa Barbara,19,AVOCADOS,90,APH,UH,12,Heat,7,JUL,3.3,1327.8,2018-07-01
1337749,2332,2018,6,CA,83,Santa Barbara,19,AVOCADOS,90,APH,H,42,Freeze,2,FEB,120.27,99040.8,2018-02-01
1337750,2333,2018,6,CA,83,Santa Barbara,19,AVOCADOS,90,APH,H,51,Flood,1,JAN,40.08,7482.0,2018-01-01
1337751,2334,2018,6,CA,83,Santa Barbara,19,AVOCADOS,90,APH,H,61,Wind/Excess Wind,4,APR,2.5,349.5,2018-04-01
1337752,2335,2018,6,CA,83,Santa Barbara,19,AVOCADOS,90,APH,H,61,Wind/Excess Wind,12,DEC,1.59,2568.3,2018-12-01
1337967,2550,2018,6,CA,111,Ventura,19,AVOCADOS,90,APH,H,12,Heat,6,JUN,57.72,110529.95,2018-06-01
1337968,2551,2018,6,CA,111,Ventura,19,AVOCADOS,90,APH,H,12,Heat,8,AUG,2.32,585.2,2018-08-01
1337969,2552,2018,6,CA,111,Ventura,19,AVOCADOS,90,APH,H,12,Heat,11,NOV,4.0,3334.0,2018-11-01
1337970,2553,2018,6,CA,111,Ventura,19,AVOCADOS,90,APH,H,12,Heat,12,DEC,0.5,62.4,2018-12-01
1337971,2554,2018,6,CA,111,Ventura,19,AVOCADOS,90,APH,H,12,Heat,9,SEP,45.13,118770.65,2018-09-01
1337972,2555,2018,6,CA,111,Ventura,19,AVOCADOS,90,APH,H,12,Heat,10,OCT,31.13,119557.8,2018-10-01
1337973,2556,2018,6,CA,111,Ventura,19,AVOCADOS,90,APH,H,12,Heat,4,APR,29.95,9234.06,2018-04-01
1337974,2557,2018,6,CA,111,Ventura,19,AVOCADOS,90,APH,H,12,Heat,7,JUL,38.54,33765.4,2018-07-01
1337975,2558,2018,6,CA,111,Ventura,19,AVOCADOS,90,APH,UH,12,Heat,9,SEP,1.8,2275.5,2018-09-01
1337976,2559,2018,6,CA,111,Ventura,19,AVOCADOS,90,APH,H,42,Freeze,12,DEC,0.57,759.7,2018-12-01
1337977,2560,2018,6,CA,111,Ventura,19,AVOCADOS,90,APH,H,61,Wind/Excess Wind,7,JUL,0.9,943.2,2018-07-01
1337978,2561,2018,6,CA,111,Ventura,19,AVOCADOS,90,APH,H,61,Wind/Excess Wind,5,MAY,2.35,2439.6,2018-05-01
1337979,2562,2018,6,CA,111,Ventura,19,AVOCADOS,90,APH,H,61,Wind/Excess Wind,12,DEC,52.225,94166.75,2018-12-01
1337980,2563,2018,6,CA,111,Ventura,19,AVOCADOS,90,APH,H,61,Wind/Excess Wind,11,NOV,2.0,362.0,2018-11-01
1337981,2564,2018,6,CA,111,Ventura,19,AVOCADOS,90,APH,H,61,Wind/Excess Wind,10,OCT,40.655,81302.09,2018-10-01
1337982,2565,2018,6,CA,111,Ventura,19,AVOCADOS,90,APH,UH,61,Wind/Excess Wind,12,DEC,4.2,5309.5,2018-12-01
1337983,2566,2018,6,CA,111,Ventura,19,AVOCADOS,90,APH,H,61,Wind/Excess Wind,4,APR,3.5,1846.6,2018-04-01
1385314,2216,2018,6,CA,65,Riverside,19,AVOCADOS,90,APH,H,12,Heat,12,DEC,13.2,3902.4,2018-12-01
1385315,2217,2018,6,CA,65,Riverside,19,AVOCADOS,90,APH,H,12,Heat,6,JUN,26.125,25553.75,2018-06-01
1385316,2218,2018,6,CA,65,Riverside,19,AVOCADOS,90,APH,H,12,Heat,9,SEP,11.84,5841.3,2018-09-01
1385317,2219,2018,6,CA,65,Riverside,19,AVOCADOS,90,APH,H,12,Heat,7,JUL,36.9,34442.0,2018-07-01
1385318,2220,2018,6,CA,65,Riverside,19,AVOCADOS,90,APH,H,42,Freeze,2,FEB,21.4,14159.4,2018-02-01
1385319,2221,2018,6,CA,65,Riverside,19,AVOCADOS,90,APH,H,42,Freeze,1,JAN,5.0,9677.0,2018-01-01
1385320,2222,2018,6,CA,65,Riverside,19,AVOCADOS,90,APH,UH,42,Freeze,2,FEB,5.0,2512.0,2018-02-01
1385321,2223,2018,6,CA,65,Riverside,19,AVOCADOS,90,APH,H,44,Cold Wet Weather,2,FEB,26.96,12311.9,2018-02-01
1385322,2224,2018,6,CA,65,Riverside,19,AVOCADOS,90,APH,H,61,Wind/Excess Wind,10,OCT,0.875,1.25,2018-10-01
1385355,2257,2018,6,CA,73,San Diego,19,AVOCADOS,90,APH,H,12,Heat,7,JUL,320.68,481046.8,2018-07-01
1385356,2258,2018,6,CA,73,San Diego,19,AVOCADOS,90,APH,UH,12,Heat,8,AUG,2.0,3506.0,2018-08-01
1385357,2259,2018,6,CA,73,San Diego,19,AVOCADOS,90,APH,P,12,Heat,6,JUN,26.0,0.0,2018-06-01
1385358,2260,2018,6,CA,73,San Diego,19,AVOCADOS,90,APH,UH,12,Heat,7,JUL,22.6,27032.4,2018-07-01
1385359,2261,2018,6,CA,73,San Diego,19,AVOCADOS,90,APH,H,12,Heat,11,NOV,11.76,6349.66,2018-11-01
1385360,2262,2018,6,CA,73,San Diego,19,AVOCADOS,90,APH,H,12,Heat,2,FEB,0.32,470.2,2018-02-01
1385361,2263,2018,6,CA,73,San Diego,19,AVOCADOS,90,APH,H,12,Heat,8,AUG,12.5,30704.0,2018-08-01
1385362,2264,2018,6,CA,73,San Diego,19,AVOCADOS,90,APH,H,12,Heat,12,DEC,9.35,7870.5,2018-12-01
1385363,2265,2018,6,CA,73,San Diego,19,AVOCADOS,90,APH,H,12,Heat,10,OCT,5.74,3925.34,2018-10-01
1385364,2266,2018,6,CA,73,San Diego,19,AVOCADOS,90,APH,H,12,Heat,6,JUN,212.4,113389.0,2018-06-01
1385365,2267,2018,6,CA,73,San Diego,19,AVOCADOS,90,APH,H,12,Heat,9,SEP,10.3,9226.1,2018-09-01
1385366,2268,2018,6,CA,73,San Diego,19,AVOCADOS,90,APH,UH,12,Heat,2,FEB,4.0,2220.0,2018-02-01
1385367,2269,2018,6,CA,73,San Diego,19,AVOCADOS,90,APH,H,41,Frost,2,FEB,9.28,7429.2,2018-02-01
1385368,2270,2018,6,CA,73,San Diego,19,AVOCADOS,90,APH,H,42,Freeze,2,FEB,13.0,18957.4,2018-02-01
1385369,2271,2018,6,CA,73,San Diego,19,AVOCADOS,90,APH,H,42,Freeze,12,DEC,20.0,15494.0,2018-12-01
1385370,2272,2018,6,CA,73,San Diego,19,AVOCADOS,90,APH,UH,42,Freeze,2,FEB,3.5,6456.0,2018-02-01
1385371,2273,2018,6,CA,73,San Diego,19,AVOCADOS,90,APH,H,44,Cold Wet Weather,2,FEB,1.5,1500.9,2018-02-01
1385372,2274,2018,6,CA,73,San Diego,19,AVOCADOS,90,APH,H,61,Wind/Excess Wind,4,APR,13.92,11143.8,2018-04-01
1385373,2275,2018,6,CA,73,San Diego,19,AVOCADOS,90,APH,H,61,Wind/Excess Wind,11,NOV,5.0,3120.0,2018-11-01
1385374,2276,2018,6,CA,73,San Diego,19,AVOCADOS,90,APH,H,61,Wind/Excess Wind,8,AUG,12.5,30704.0,2018-08-01
1385375,2277,2018,6,CA,73,San Diego,19,AVOCADOS,90,APH,H,61,Wind/Excess Wind,12,DEC,18.85,6877.1,2018-12-01
1385376,2278,2018,6,CA,73,San Diego,19,AVOCADOS,90,APH,UH,61,Wind/Excess Wind,12,DEC,4.4,12101.6,2018-12-01
1385427,2329,2018,6,CA,79,San Luis Obispo,19,AVOCADOS,90,APH,UH,12,Heat,9,SEP,3.0,1184.0,2018-09-01
1385428,2330,2018,6,CA,79,San Luis Obispo,19,AVOCADOS,90,APH,H,31,Excess Moisture/Precipitation/Rain,5,MAY,4.8,8766.6,2018-05-01
1385429,2331,2018,6,CA,79,San Luis Obispo,19,AVOCADOS,90,APH,H,31,Excess Moisture/Precipitation/Rain,1,JAN,3.2,5844.4,2018-01-01
1385430,2332,2018,6,CA,79,San Luis Obispo,19,AVOCADOS,90,APH,UH,44,Cold Wet Weather,4,APR,14.4,2369.0,2018-04-01
1385443,2345,2018,6,CA,83,Santa Barbara,19,AVOCADOS,90,APH,H,12,Heat,7,JUL,120.305,95192.75,2018-07-01
1385444,2346,2018,6,CA,83,Santa Barbara,19,AVOCADOS,90,APH,H,12,Heat,6,JUN,8.03,1904.6,2018-06-01
1385445,2347,2018,6,CA,83,Santa Barbara,19,AVOCADOS,90,APH,UH,12,Heat,7,JUL,3.3,1327.8,2018-07-01
1385447,2349,2018,6,CA,83,Santa Barbara,19,AVOCADOS,90,APH,H,42,Freeze,2,FEB,120.27,99040.8,2018-02-01
1385448,2350,2018,6,CA,83,Santa Barbara,19,AVOCADOS,90,APH,H,51,Flood,1,JAN,40.08,7482.0,2018-01-01
1385449,2351,2018,6,CA,83,Santa Barbara,19,AVOCADOS,90,APH,H,61,Wind/Excess Wind,4,APR,2.5,349.5,2018-04-01
1385450,2352,2018,6,CA,83,Santa Barbara,19,AVOCADOS,90,APH,H,61,Wind/Excess Wind,12,DEC,1.59,2568.3,2018-12-01
1385665,2567,2018,6,CA,111,Ventura,19,AVOCADOS,90,APH,H,12,Heat,6,JUN,57.72,110529.95,2018-06-01
1385666,2568,2018,6,CA,111,Ventura,19,AVOCADOS,90,APH,H,12,Heat,8,AUG,2.32,585.2,2018-08-01
1385667,2569,2018,6,CA,111,Ventura,19,AVOCADOS,90,APH,H,12,Heat,11,NOV,4.0,3334.0,2018-11-01
1385668,2570,2018,6,CA,111,Ventura,19,AVOCADOS,90,APH,H,12,Heat,12,DEC,0.5,62.4,2018-12-01
1385669,2571,2018,6,CA,111,Ventura,19,AVOCADOS,90,APH,H,12,Heat,9,SEP,45.13,118770.65,2018-09-01
1385670,2572,2018,6,CA,111,Ventura,19,AVOCADOS,90,APH,H,12,Heat,10,OCT,31.13,119557.8,2018-10-01
1385671,2573,2018,6,CA,111,Ventura,19,AVOCADOS,90,APH,H,12,Heat,4,APR,29.95,9234.06,2018-04-01
1385672,2574,2018,6,CA,111,Ventura,19,AVOCADOS,90,APH,H,12,Heat,7,JUL,38.54,33765.4,2018-07-01
1385673,2575,2018,6,CA,111,Ventura,19,AVOCADOS,90,APH,UH,12,Heat,9,SEP,1.8,2275.5,2018-09-01
1385674,2576,2018,6,CA,111,Ventura,19,AVOCADOS,90,APH,H,42,Freeze,12,DEC,0.57,759.7,2018-12-01
1385675,2577,2018,6,CA,111,Ventura,19,AVOCADOS,90,APH,H,61,Wind/Excess Wind,7,JUL,0.9,943.2,2018-07-01
1385676,2578,2018,6,CA,111,Ventura,19,AVOCADOS,90,APH,H,61,Wind/Excess Wind,5,MAY,2.35,2439.6,2018-05-01
1385677,2579,2018,6,CA,111,Ventura,19,AVOCADOS,90,APH,H,61,Wind/Excess Wind,12,DEC,52.225,94166.75,2018-12-01
1385678,2580,2018,6,CA,111,Ventura,19,AVOCADOS,90,APH,H,61,Wind/Excess Wind,11,NOV,2.0,362.0,2018-11-01
1385679,2581,2018,6,CA,111,Ventura,19,AVOCADOS,90,APH,H,61,Wind/Excess Wind,10,OCT,40.655,81302.09,2018-10-01
1385680,2582,2018,6,CA,111,Ventura,19,AVOCADOS,90,APH,UH,61,Wind/Excess Wind,12,DEC,4.2,5309.5,2018-12-01
1385681,2583,2018,6,CA,111,Ventura,19,AVOCADOS,90,APH,H,61,Wind/Excess Wind,4,APR,3.5,1846.6,2018-04-01
