,year,Locations State Code,Location State Abbreviation,Location County Code,Location County Name,Commodity Code,Commodity Name,Insurance Plan Code,Insurance Plan Abbreviation,Stage Code,Damage Cause Code,Damage Cause Description,Month of Loss,Month of Loss Abbreviation,Determined Acres,Indemnity Amount,month_year,Average Temperature,Total CDD,Total HDD,Total Precipitation,Avg PDSI
0,2002,6,CA,73,San Diego,19,AVOCADOS,46.0,ARC,H,12,Heat,12.0,DEC,5.0,3578.0,2002-12-01,44.0,0,536,8.14,1.6
1,2002,6,CA,73,San Diego,19,AVOCADOS,46.0,ARC,H,43,Cold Winter,12.0,DEC,3.2,1322.0,2002-12-01,44.0,0,536,8.14,1.6
2,2002,6,CA,73,San Diego,19,AVOCADOS,46.0,ARC,H,61,Wind/Excess Wind,7.0,JUL,2.4,1185.2,2002-07-01,77.4,261,0,0.06,-3.07
3,2002,6,CA,73,San Diego,19,AVOCADOS,46.0,ARC,H,91,Fire,2.0,FEB,0.225,85.5,2002-02-01,48.2,0,388,1.45,-2.24
4,2002,6,CA,73,San Diego,19,AVOCADOS,46.0,ARC,UH,91,Fire,2.0,FEB,0.585,403.2,2002-02-01,48.2,0,388,1.45,-2.24
5,2002,6,CA,79,San Luis Obispo,19,AVOCADOS,46.0,ARC,H,44,Cold Wet Weather,3.0,MAR,41.08,50117.8,2002-03-01,48.5,0,452,1.91,-2.48
6,2002,6,CA,111,Ventura,19,AVOCADOS,46.0,ARC,H,12,Heat,12.0,DEC,29.8,7751.0,2002-12-01,44.0,0,536,8.14,1.6
7,2002,6,CA,111,Ventura,19,AVOCADOS,46.0,ARC,H,61,Wind/Excess Wind,2.0,FEB,5.0,1957.0,2002-02-01,48.2,0,388,1.45,-2.24
8,2003,6,CA,65,Riverside,19,AVOCADOS,46.0,ARC,UH,42.0,Freeze,2.0,FEB,4.0,1114.0,2003-02-01,45.7,0,454,2.66,0.37
9,2003,6,CA,65,Riverside,19,AVOCADOS,46.0,ARC,H,61.0,Wind/Excess Wind,1.0,JAN,53.8,17562.0,2003-01-01,50.0,10,355,1.92,0.69
10,2003,6,CA,65,Riverside,19,AVOCADOS,46.0,ARC,H,61.0,Wind/Excess Wind,12.0,DEC,25.1,42832.0,2003-12-01,44.0,0,533,5.77,0.66
11,2003,6,CA,73,San Diego,19,AVOCADOS,46.0,ARC,H,41.0,Frost,1.0,JAN,40.0,44705.0,2003-01-01,50.0,10,355,1.92,0.69
12,2003,6,CA,73,San Diego,19,AVOCADOS,46.0,ARC,UH,61.0,Wind/Excess Wind,4.0,APR,20.0,4600.0,2003-04-01,50.0,1,409,3.98,1.4
13,2003,6,CA,73,San Diego,19,AVOCADOS,46.0,ARC,H,61.0,Wind/Excess Wind,1.0,JAN,169.4,56362.6,2003-01-01,50.0,10,355,1.92,0.69
14,2003,6,CA,73,San Diego,19,AVOCADOS,46.0,ARC,H,99.0,Other (Snow-Lightning-Etc.),1.0,JAN,1.2,164.4,2003-01-01,50.0,10,355,1.92,0.69
15,2003,6,CA,79,San Luis Obispo,19,AVOCADOS,46.0,ARC,H,41.0,Frost,1.0,JAN,37.5,41344.0,2003-01-01,50.0,10,355,1.92,0.69
16,2003,6,CA,79,San Luis Obispo,19,AVOCADOS,46.0,ARC,H,41.0,Frost,2.0,FEB,3.04,947.2,2003-02-01,45.7,0,454,2.66,0.37
17,2003,6,CA,79,San Luis Obispo,19,AVOCADOS,46.0,ARC,H,44.0,Cold Wet Weather,2.0,FEB,36.79,14284.4,2003-02-01,45.7,0,454,2.66,0.37
18,2003,6,CA,79,San Luis Obispo,19,AVOCADOS,46.0,ARC,H,61.0,Wind/Excess Wind,12.0,DEC,50.47,21123.4,2003-12-01,44.0,0,533,5.77,0.66
19,2003,6,CA,83,Santa Barbara,19,AVOCADOS,46.0,ARC,H,61.0,Wind/Excess Wind,1.0,JAN,30.2,35275.0,2003-01-01,50.0,10,355,1.92,0.69
20,2003,6,CA,111,Ventura,19,AVOCADOS,46.0,ARC,H,41.0,Frost,2.0,FEB,8.3,3211.0,2003-02-01,45.7,0,454,2.66,0.37
21,2003,6,CA,111,Ventura,19,AVOCADOS,46.0,ARC,UH,41.0,Frost,1.0,JAN,5.5,259.0,2003-01-01,50.0,10,355,1.92,0.69
22,2003,6,CA,111,Ventura,19,AVOCADOS,46.0,ARC,H,42.0,Freeze,1.0,JAN,17.0,19768.0,2003-01-01,50.0,10,355,1.92,0.69
23,2003,6,CA,111,Ventura,19,AVOCADOS,46.0,ARC,H,44.0,Cold Wet Weather,4.0,APR,19.0,12634.0,2003-04-01,50.0,1,409,3.98,1.4
24,2003,6,CA,111,Ventura,19,AVOCADOS,46.0,ARC,H,61.0,Wind/Excess Wind,7.0,JUL,4.7,3571.0,2003-07-01,78.7,320,0,0.22,-0.19
25,2003,6,CA,111,Ventura,19,AVOCADOS,46.0,ARC,H,61.0,Wind/Excess Wind,1.0,JAN,238.7,201031.0,2003-01-01,50.0,10,355,1.92,0.69
26,2003,6,CA,111,Ventura,19,AVOCADOS,46.0,ARC,H,61.0,Wind/Excess Wind,2.0,FEB,36.7,6046.0,2003-02-01,45.7,0,454,2.66,0.37
27,2003,6,CA,111,Ventura,19,AVOCADOS,46.0,ARC,H,61.0,Wind/Excess Wind,11.0,NOV,2.0,1234.0,2003-11-01,46.8,0,436,2.35,-1.28
28,2017,6,CA,65,Riverside,19,AVOCADOS,90.0,APH,H,12,Heat,10.0,OCT,8.0,4600.8,2017-10-01,62.0,76,87,0.34,-1.55
29,2017,6,CA,65,Riverside,19,AVOCADOS,90.0,APH,UH,12,Heat,4.0,APR,8.4,12622.0,2017-04-01,55.6,20,245,2.76,0.48
30,2017,6,CA,65,Riverside,19,AVOCADOS,90.0,APH,UH,12,Heat,7.0,JUL,4.0,1020.0,2017-07-01,78.8,336,0,0.09,-0.75
31,2017,6,CA,65,Riverside,19,AVOCADOS,90.0,APH,H,12,Heat,6.0,JUN,468.73,575867.25,2017-06-01,72.8,180,17,0.26,-0.26
32,2017,6,CA,65,Riverside,19,AVOCADOS,90.0,APH,H,12,Heat,2.0,FEB,8.0,9573.0,2017-02-01,47.3,0,420,7.94,4.76
33,2017,6,CA,65,Riverside,19,AVOCADOS,90.0,APH,H,12,Heat,8.0,AUG,4.1,10728.0,2017-08-01,77.9,320,0,0.27,-0.98
34,2017,6,CA,65,Riverside,19,AVOCADOS,90.0,APH,H,12,Heat,7.0,JUL,18.49,10828.35,2017-07-01,78.8,336,0,0.09,-0.75
35,2017,6,CA,65,Riverside,19,AVOCADOS,90.0,APH,H,12,Heat,4.0,APR,18.0,26626.0,2017-04-01,55.6,20,245,2.76,0.48
36,2017,6,CA,65,Riverside,19,AVOCADOS,90.0,APH,UH,12,Heat,6.0,JUN,48.76,88325.2,2017-06-01,72.8,180,17,0.26,-0.26
37,2017,6,CA,65,Riverside,19,AVOCADOS,90.0,APH,UH,12,Heat,2.0,FEB,1.2,1522.0,2017-02-01,47.3,0,420,7.94,4.76
38,2017,6,CA,65,Riverside,19,AVOCADOS,90.0,APH,H,15,Inability to Prepare Land for Irrigation,10.0,OCT,8.0,4600.8,2017-10-01,62.0,76,87,0.34,-1.55
39,2017,6,CA,65,Riverside,19,AVOCADOS,90.0,APH,UH,42,Freeze,12.0,DEC,3.24,7862.8,2017-12-01,47.5,3,400,0.3,-2.63
40,2017,6,CA,65,Riverside,19,AVOCADOS,90.0,APH,H,61,Wind/Excess Wind,1.0,JAN,6.4,6697.2,2017-01-01,42.2,0,574,9.92,3.61
41,2017,6,CA,65,Riverside,19,AVOCADOS,90.0,APH,H,61,Wind/Excess Wind,12.0,DEC,2.28,2741.6,2017-12-01,47.5,3,400,0.3,-2.63
42,2017,6,CA,73,San Diego,19,AVOCADOS,90.0,APH,H,12,Heat,10.0,OCT,5.0,6643.0,2017-10-01,62.0,76,87,0.34,-1.55
43,2017,6,CA,73,San Diego,19,AVOCADOS,90.0,APH,UH,12,Heat,4.0,APR,1.4,2613.2,2017-04-01,55.6,20,245,2.76,0.48
44,2017,6,CA,73,San Diego,19,AVOCADOS,90.0,APH,H,12,Heat,2.0,FEB,2.7,4983.0,2017-02-01,47.3,0,420,7.94,4.76
45,2017,6,CA,73,San Diego,19,AVOCADOS,90.0,APH,UH,12,Heat,2.0,FEB,3.6,9046.8,2017-02-01,47.3,0,420,7.94,4.76
46,2017,6,CA,73,San Diego,19,AVOCADOS,90.0,APH,UH,12,Heat,8.0,AUG,23.88,32896.4,2017-08-01,77.9,320,0,0.27,-0.98
47,2017,6,CA,73,San Diego,19,AVOCADOS,90.0,APH,H,12,Heat,3.0,MAR,3.5,4342.0,2017-03-01,53.4,10,305,2.45,-0.45
48,2017,6,CA,73,San Diego,19,AVOCADOS,90.0,APH,H,12,Heat,6.0,JUN,1378.7,1382498.2,2017-06-01,72.8,180,17,0.26,-0.26
49,2017,6,CA,73,San Diego,19,AVOCADOS,90.0,APH,H,12,Heat,4.0,APR,68.68,42273.4,2017-04-01,55.6,20,245,2.76,0.48
50,2017,6,CA,73,San Diego,19,AVOCADOS,90.0,APH,H,12,Heat,5.0,MAY,65.6,74518.0,2017-05-01,63.4,47,133,0.43,-0.22
51,2017,6,CA,73,San Diego,19,AVOCADOS,90.0,APH,H,12,Heat,8.0,AUG,151.3,345229.0,2017-08-01,77.9,320,0,0.27,-0.98
52,2017,6,CA,73,San Diego,19,AVOCADOS,90.0,APH,UH,12,Heat,6.0,JUN,50.42,70575.6,2017-06-01,72.8,180,17,0.26,-0.26
53,2017,6,CA,73,San Diego,19,AVOCADOS,90.0,APH,UH,13,Failure of Irrigation Supply,3.0,MAR,16.0,19936.0,2017-03-01,53.4,10,305,2.45,-0.45
54,2017,6,CA,73,San Diego,19,AVOCADOS,90.0,APH,H,21,Hail,4.0,APR,4.02,747.6,2017-04-01,55.6,20,245,2.76,0.48
55,2017,6,CA,73,San Diego,19,AVOCADOS,90.0,APH,H,21,Hail,1.0,JAN,2.5,580.0,2017-01-01,42.2,0,574,9.92,3.61
56,2017,6,CA,73,San Diego,19,AVOCADOS,90.0,APH,H,61,Wind/Excess Wind,6.0,JUN,3.0,9574.0,2017-06-01,72.8,180,17,0.26,-0.26
57,2017,6,CA,73,San Diego,19,AVOCADOS,90.0,APH,H,61,Wind/Excess Wind,2.0,FEB,92.8,66100.0,2017-02-01,47.3,0,420,7.94,4.76
58,2017,6,CA,73,San Diego,19,AVOCADOS,90.0,APH,H,61,Wind/Excess Wind,12.0,DEC,2.0,5041.8,2017-12-01,47.5,3,400,0.3,-2.63
59,2017,6,CA,73,San Diego,19,AVOCADOS,90.0,APH,H,61,Wind/Excess Wind,1.0,JAN,2.5,3422.0,2017-01-01,42.2,0,574,9.92,3.61
60,2017,6,CA,79,San Luis Obispo,19,AVOCADOS,90.0,APH,H,12,Heat,7.0,JUL,12.96,49350.6,2017-07-01,78.8,336,0,0.09,-0.75
61,2017,6,CA,79,San Luis Obispo,19,AVOCADOS,90.0,APH,H,12,Heat,5.0,MAY,24.2,44751.0,2017-05-01,63.4,47,133,0.43,-0.22
62,2017,6,CA,79,San Luis Obispo,19,AVOCADOS,90.0,APH,H,12,Heat,10.0,OCT,16.1,16939.6,2017-10-01,62.0,76,87,0.34,-1.55
63,2017,6,CA,79,San Luis Obispo,19,AVOCADOS,90.0,APH,H,12,Heat,6.0,JUN,171.9,419154.5,2017-06-01,72.8,180,17,0.26,-0.26
64,2017,6,CA,79,San Luis Obispo,19,AVOCADOS,90.0,APH,H,12,Heat,9.0,SEP,31.55,49018.9,2017-09-01,69.8,161,16,0.43,-0.96
65,2017,6,CA,79,San Luis Obispo,19,AVOCADOS,90.0,APH,H,13,Failure of Irrigation Supply,2.0,FEB,17.2,14609.0,2017-02-01,47.3,0,420,7.94,4.76
66,2017,6,CA,79,San Luis Obispo,19,AVOCADOS,90.0,APH,UH,31,Excess Moisture/Precipitation/Rain,9.0,SEP,0.33,1098.3,2017-09-01,69.8,161,16,0.43,-0.96
67,2017,6,CA,79,San Luis Obispo,19,AVOCADOS,90.0,APH,H,31,Excess Moisture/Precipitation/Rain,3.0,MAR,19.0,39106.0,2017-03-01,53.4,10,305,2.45,-0.45
68,2017,6,CA,79,San Luis Obispo,19,AVOCADOS,90.0,APH,H,41,Frost,1.0,JAN,1107.45,2999118.6,2017-01-01,42.2,0,574,9.92,3.61
69,2017,6,CA,79,San Luis Obispo,19,AVOCADOS,90.0,APH,UH,44,Cold Wet Weather,3.0,MAR,47.5,47388.0,2017-03-01,53.4,10,305,2.45,-0.45
70,2017,6,CA,79,San Luis Obispo,19,AVOCADOS,90.0,APH,H,44,Cold Wet Weather,3.0,MAR,5.3,5538.0,2017-03-01,53.4,10,305,2.45,-0.45
71,2017,6,CA,79,San Luis Obispo,19,AVOCADOS,90.0,APH,H,61,Wind/Excess Wind,1.0,JAN,18.3,20488.0,2017-01-01,42.2,0,574,9.92,3.61
72,2017,6,CA,79,San Luis Obispo,19,AVOCADOS,90.0,APH,H,61,Wind/Excess Wind,3.0,MAR,29.76,12694.4,2017-03-01,53.4,10,305,2.45,-0.45
73,2017,6,CA,79,San Luis Obispo,19,AVOCADOS,90.0,APH,H,61,Wind/Excess Wind,6.0,JUN,6.28,4479.0,2017-06-01,72.8,180,17,0.26,-0.26
74,2017,6,CA,79,San Luis Obispo,19,AVOCADOS,90.0,APH,H,61,Wind/Excess Wind,2.0,FEB,7.6,8466.0,2017-02-01,47.3,0,420,7.94,4.76
75,2017,6,CA,79,San Luis Obispo,19,AVOCADOS,90.0,APH,H,61,Wind/Excess Wind,5.0,MAY,15.7,13682.0,2017-05-01,63.4,47,133,0.43,-0.22
76,2017,6,CA,79,San Luis Obispo,19,AVOCADOS,90.0,APH,H,61,Wind/Excess Wind,10.0,OCT,13.8,11954.4,2017-10-01,62.0,76,87,0.34,-1.55
77,2017,6,CA,79,San Luis Obispo,19,AVOCADOS,90.0,APH,UH,99,"Other (Snow, Lightning, Etc.)",9.0,SEP,0.77,2562.7,2017-09-01,69.8,161,16,0.43,-0.96
78,2017,6,CA,83,Santa Barbara,19,AVOCADOS,90.0,APH,H,12,Heat,10.0,OCT,296.68,204232.15,2017-10-01,62.0,76,87,0.34,-1.55
79,2017,6,CA,83,Santa Barbara,19,AVOCADOS,90.0,APH,UH,12,Heat,9.0,SEP,5.5,4600.3,2017-09-01,69.8,161,16,0.43,-0.96
80,2017,6,CA,83,Santa Barbara,19,AVOCADOS,90.0,APH,H,12,Heat,6.0,JUN,105.06,98497.5,2017-06-01,72.8,180,17,0.26,-0.26
81,2017,6,CA,83,Santa Barbara,19,AVOCADOS,90.0,APH,UH,12,Heat,6.0,JUN,6.0,1872.6,2017-06-01,72.8,180,17,0.26,-0.26
82,2017,6,CA,83,Santa Barbara,19,AVOCADOS,90.0,APH,H,12,Heat,9.0,SEP,17.68,11649.4,2017-09-01,69.8,161,16,0.43,-0.96
83,2017,6,CA,83,Santa Barbara,19,AVOCADOS,90.0,APH,UH,12,Heat,7.0,JUL,2.2,2090.8,2017-07-01,78.8,336,0,0.09,-0.75
84,2017,6,CA,83,Santa Barbara,19,AVOCADOS,90.0,APH,UH,12,Heat,11.0,NOV,3.3,3136.2,2017-11-01,53.4,14,252,2.98,-1.41
85,2017,6,CA,83,Santa Barbara,19,AVOCADOS,90.0,APH,H,12,Heat,4.0,APR,84.2,141912.4,2017-04-01,55.6,20,245,2.76,0.48
86,2017,6,CA,83,Santa Barbara,19,AVOCADOS,90.0,APH,UH,13,Failure of Irrigation Supply,9.0,SEP,0.5,1117.3,2017-09-01,69.8,161,16,0.43,-0.96
87,2017,6,CA,83,Santa Barbara,19,AVOCADOS,90.0,APH,H,13,Failure of Irrigation Supply,7.0,JUL,14.3,5717.25,2017-07-01,78.8,336,0,0.09,-0.75
88,2017,6,CA,83,Santa Barbara,19,AVOCADOS,90.0,APH,H,13,Failure of Irrigation Supply,3.0,MAR,90.0,53944.8,2017-03-01,53.4,10,305,2.45,-0.45
89,2017,6,CA,83,Santa Barbara,19,AVOCADOS,90.0,APH,H,31,Excess Moisture/Precipitation/Rain,3.0,MAR,3.6,13307.0,2017-03-01,53.4,10,305,2.45,-0.45
90,2017,6,CA,83,Santa Barbara,19,AVOCADOS,90.0,APH,H,61,Wind/Excess Wind,2.0,FEB,5.5,10705.0,2017-02-01,47.3,0,420,7.94,4.76
91,2017,6,CA,83,Santa Barbara,19,AVOCADOS,90.0,APH,H,61,Wind/Excess Wind,8.0,AUG,7.44,5447.4,2017-08-01,77.9,320,0,0.27,-0.98
92,2017,6,CA,83,Santa Barbara,19,AVOCADOS,90.0,APH,H,61,Wind/Excess Wind,3.0,MAR,32.74,53243.1,2017-03-01,53.4,10,305,2.45,-0.45
93,2017,6,CA,83,Santa Barbara,19,AVOCADOS,90.0,APH,UH,61,Wind/Excess Wind,10.0,OCT,3.0,6703.8,2017-10-01,62.0,76,87,0.34,-1.55
94,2017,6,CA,83,Santa Barbara,19,AVOCADOS,90.0,APH,H,91,Fire,6.0,JUN,63.6,54981.0,2017-06-01,72.8,180,17,0.26,-0.26
95,2017,6,CA,83,Santa Barbara,19,AVOCADOS,90.0,APH,UH,91,Fire,6.0,JUN,1.5,2211.0,2017-06-01,72.8,180,17,0.26,-0.26
96,2017,6,CA,111,Ventura,19,AVOCADOS,90.0,APH,H,12,Heat,10.0,OCT,4.2,8793.0,2017-10-01,62.0,76,87,0.34,-1.55
97,2017,6,CA,111,Ventura,19,AVOCADOS,90.0,APH,H,12,Heat,11.0,NOV,19.39,3519.6,2017-11-01,53.4,14,252,2.98,-1.41
98,2017,6,CA,111,Ventura,19,AVOCADOS,90.0,APH,H,12,Heat,3.0,MAR,18.8,7543.0,2017-03-01,53.4,10,305,2.45,-0.45
99,2017,6,CA,111,Ventura,19,AVOCADOS,90.0,APH,H,12,Heat,6.0,JUN,1273.8,1536207.1,2017-06-01,72.8,180,17,0.26,-0.26
100,2017,6,CA,111,Ventura,19,AVOCADOS,90.0,APH,H,12,Heat,9.0,SEP,122.86,391717.0,2017-09-01,69.8,161,16,0.43,-0.96
101,2017,6,CA,111,Ventura,19,AVOCADOS,90.0,APH,UH,12,Heat,6.0,JUN,18.36,24207.1,2017-06-01,72.8,180,17,0.26,-0.26
102,2017,6,CA,111,Ventura,19,AVOCADOS,90.0,APH,UH,12,Heat,9.0,SEP,11.3,8001.0,2017-09-01,69.8,161,16,0.43,-0.96
103,2017,6,CA,111,Ventura,19,AVOCADOS,90.0,APH,H,12,Heat,2.0,FEB,52.43,53377.75,2017-02-01,47.3,0,420,7.94,4.76
104,2017,6,CA,111,Ventura,19,AVOCADOS,90.0,APH,H,12,Heat,5.0,MAY,46.1,45903.0,2017-05-01,63.4,47,133,0.43,-0.22
105,2017,6,CA,111,Ventura,19,AVOCADOS,90.0,APH,H,12,Heat,8.0,AUG,6.0,3414.0,2017-08-01,77.9,320,0,0.27,-0.98
106,2017,6,CA,111,Ventura,19,AVOCADOS,90.0,APH,UH,12,Heat,7.0,JUL,24.3,65987.7,2017-07-01,78.8,336,0,0.09,-0.75
107,2017,6,CA,111,Ventura,19,AVOCADOS,90.0,APH,H,12,Heat,4.0,APR,339.875,377542.85,2017-04-01,55.6,20,245,2.76,0.48
108,2017,6,CA,111,Ventura,19,AVOCADOS,90.0,APH,UH,12,Heat,11.0,NOV,1.5,2876.4,2017-11-01,53.4,14,252,2.98,-1.41
109,2017,6,CA,111,Ventura,19,AVOCADOS,90.0,APH,H,12,Heat,7.0,JUL,62.72,123109.9,2017-07-01,78.8,336,0,0.09,-0.75
110,2017,6,CA,111,Ventura,19,AVOCADOS,90.0,APH,H,13,Failure of Irrigation Supply,2.0,FEB,2.77,502.8,2017-02-01,47.3,0,420,7.94,4.76
111,2017,6,CA,111,Ventura,19,AVOCADOS,90.0,APH,UH,21,Hail,6.0,JUN,1.6,2215.2,2017-06-01,72.8,180,17,0.26,-0.26
112,2017,6,CA,111,Ventura,19,AVOCADOS,90.0,APH,H,31,Excess Moisture/Precipitation/Rain,12.0,DEC,72.8,168626.0,2017-12-01,47.5,3,400,0.3,-2.63
113,2017,6,CA,111,Ventura,19,AVOCADOS,90.0,APH,UH,31,Excess Moisture/Precipitation/Rain,1.0,JAN,2.7,9478.0,2017-01-01,42.2,0,574,9.92,3.61
114,2017,6,CA,111,Ventura,19,AVOCADOS,90.0,APH,H,41,Frost,2.0,FEB,46.8,133006.8,2017-02-01,47.3,0,420,7.94,4.76
115,2017,6,CA,111,Ventura,19,AVOCADOS,90.0,APH,H,41,Frost,1.0,JAN,5.1,10869.0,2017-01-01,42.2,0,574,9.92,3.61
116,2017,6,CA,111,Ventura,19,AVOCADOS,90.0,APH,UH,42,Freeze,12.0,DEC,12.5,23004.0,2017-12-01,47.5,3,400,0.3,-2.63
117,2017,6,CA,111,Ventura,19,AVOCADOS,90.0,APH,H,42,Freeze,12.0,DEC,29.925,44088.6,2017-12-01,47.5,3,400,0.3,-2.63
118,2017,6,CA,111,Ventura,19,AVOCADOS,90.0,APH,H,43,Cold Winter,1.0,JAN,2.8,5862.0,2017-01-01,42.2,0,574,9.92,3.61
119,2017,6,CA,111,Ventura,19,AVOCADOS,90.0,APH,H,43,Cold Winter,2.0,FEB,5.88,3663.6,2017-02-01,47.3,0,420,7.94,4.76
120,2017,6,CA,111,Ventura,19,AVOCADOS,90.0,APH,H,61,Wind/Excess Wind,1.0,JAN,43.93,30804.6,2017-01-01,42.2,0,574,9.92,3.61
121,2017,6,CA,111,Ventura,19,AVOCADOS,90.0,APH,H,61,Wind/Excess Wind,5.0,MAY,18.36,2362.6,2017-05-01,63.4,47,133,0.43,-0.22
122,2017,6,CA,111,Ventura,19,AVOCADOS,90.0,APH,H,61,Wind/Excess Wind,12.0,DEC,9.3,8656.2,2017-12-01,47.5,3,400,0.3,-2.63
123,2017,6,CA,111,Ventura,19,AVOCADOS,90.0,APH,H,61,Wind/Excess Wind,4.0,APR,90.56,131986.0,2017-04-01,55.6,20,245,2.76,0.48
124,2017,6,CA,111,Ventura,19,AVOCADOS,90.0,APH,H,61,Wind/Excess Wind,10.0,OCT,80.0,9696.0,2017-10-01,62.0,76,87,0.34,-1.55
125,2017,6,CA,111,Ventura,19,AVOCADOS,90.0,APH,UH,61,Wind/Excess Wind,4.0,APR,2.8,3660.0,2017-04-01,55.6,20,245,2.76,0.48
126,2017,6,CA,111,Ventura,19,AVOCADOS,90.0,APH,H,61,Wind/Excess Wind,3.0,MAR,18.9,24012.6,2017-03-01,53.4,10,305,2.45,-0.45
127,2017,6,CA,111,Ventura,19,AVOCADOS,90.0,APH,H,61,Wind/Excess Wind,2.0,FEB,11.0,13302.0,2017-02-01,47.3,0,420,7.94,4.76
128,2017,6,CA,111,Ventura,19,AVOCADOS,90.0,APH,UH,61,Wind/Excess Wind,2.0,FEB,3.54,3750.6,2017-02-01,47.3,0,420,7.94,4.76
129,2001,6,CA,65,Riverside,19,AVOCADOS,46.0,ARC,H,91,Fire,1.0,JAN,22.5,8273.0,2001-01-01,42.3,0,594,3.52,-2.35
130,2001,6,CA,65,Riverside,19,AVOCADOS,46.0,ARC,UH,91,Fire,1.0,JAN,1.0,1198.0,2001-01-01,42.3,0,594,3.52,-2.35
131,2001,6,CA,73,San Diego,19,AVOCADOS,46.0,ARC,H,41,Frost,4.0,APR,2.0,2773.0,2001-04-01,52.0,2,380,1.75,-1.99
132,2001,6,CA,73,San Diego,19,AVOCADOS,46.0,ARC,H,61,Wind/Excess Wind,1.0,JAN,2.0,474.0,2001-01-01,42.3,0,594,3.52,-2.35
133,2001,6,CA,73,San Diego,19,AVOCADOS,46.0,ARC,H,81,Plant Disease,2.0,FEB,4.0,963.0,2001-02-01,43.1,0,530,4.42,-2.06
134,2001,6,CA,79,San Luis Obispo,19,AVOCADOS,46.0,ARC,UH,42,Freeze,4.0,APR,3.0,683.0,2001-04-01,52.0,2,380,1.75,-1.99
135,2001,6,CA,79,San Luis Obispo,19,AVOCADOS,46.0,ARC,H,44,Cold Wet Weather,3.0,MAR,40.0,4383.0,2001-03-01,52.6,4,358,2.21,-2.36
136,2001,6,CA,79,San Luis Obispo,19,AVOCADOS,46.0,ARC,H,61,Wind/Excess Wind,1.0,JAN,28.0,18738.0,2001-01-01,42.3,0,594,3.52,-2.35
137,2001,6,CA,83,Santa Barbara,19,AVOCADOS,46.0,ARC,H,42,Freeze,3.0,MAR,9.0,464.5,2001-03-01,52.6,4,358,2.21,-2.36
138,2001,6,CA,83,Santa Barbara,19,AVOCADOS,46.0,ARC,H,61,Wind/Excess Wind,8.0,AUG,27.0,52908.3,2001-08-01,76.0,248,2,0.05,-2.89
139,2001,6,CA,83,Santa Barbara,19,AVOCADOS,46.0,ARC,H,61,Wind/Excess Wind,12.0,DEC,3.0,5878.7,2001-12-01,42.8,0,567,5.25,-1.42
140,2001,6,CA,83,Santa Barbara,19,AVOCADOS,46.0,ARC,H,61,Wind/Excess Wind,3.0,MAR,9.0,464.5,2001-03-01,52.6,4,358,2.21,-2.36
141,2001,6,CA,111,Ventura,19,AVOCADOS,46.0,ARC,H,12,Heat,7.0,JUL,19.0,7512.0,2001-07-01,74.2,197,7,0.28,-2.79
142,2001,6,CA,111,Ventura,19,AVOCADOS,46.0,ARC,H,12,Heat,2.0,FEB,11.49,13179.3,2001-02-01,43.1,0,530,4.42,-2.06
143,2001,6,CA,111,Ventura,19,AVOCADOS,46.0,ARC,H,31,Excess Moisture/Precip/Rain,2.0,FEB,4.5,9585.5,2001-02-01,43.1,0,530,4.42,-2.06
144,2001,6,CA,111,Ventura,19,AVOCADOS,46.0,ARC,H,31,Excess Moisture/Precip/Rain,12.0,DEC,4.692,1156.17,2001-12-01,42.8,0,567,5.25,-1.42
145,2001,6,CA,111,Ventura,19,AVOCADOS,46.0,ARC,H,43,Cold Winter,12.0,DEC,4.508,1110.83,2001-12-01,42.8,0,567,5.25,-1.42
146,2001,6,CA,111,Ventura,19,AVOCADOS,46.0,ARC,H,61,Wind/Excess Wind,2.0,FEB,103.41,118613.7,2001-02-01,43.1,0,530,4.42,-2.06
147,2001,6,CA,111,Ventura,19,AVOCADOS,46.0,ARC,H,61,Wind/Excess Wind,11.0,NOV,8.0,1307.0,2001-11-01,51.6,4,325,4.21,-2.24
148,2001,6,CA,111,Ventura,19,AVOCADOS,46.0,ARC,H,61,Wind/Excess Wind,5.0,MAY,1.7,641.0,2001-05-01,68.6,106,69,0.15,-2.36
149,2001,6,CA,111,Ventura,19,AVOCADOS,46.0,ARC,H,61,Wind/Excess Wind,12.0,DEC,32.2,23659.5,2001-12-01,42.8,0,567,5.25,-1.42
150,2001,6,CA,111,Ventura,19,AVOCADOS,46.0,ARC,H,91,Fire,11.0,NOV,1.8,3766.0,2001-11-01,51.6,4,325,4.21,-2.24
151,2014,6,CA,65,Riverside,19,AVOCADOS,90.0,APH,H,12,Heat,4.0,APR,137.53,97870.7,2014-04-01,57.7,22,217,1.06,-5.53
152,2014,6,CA,65,Riverside,19,AVOCADOS,90.0,APH,H,12,Heat,7.0,JUL,172.455,147957.65,2014-07-01,78.4,313,0,0.22,-7.01
153,2014,6,CA,65,Riverside,19,AVOCADOS,90.0,APH,H,12,Heat,9.0,SEP,17.0,3212.0,2014-09-01,72.2,224,7,0.72,-5.53
154,2014,6,CA,65,Riverside,19,AVOCADOS,90.0,APH,UH,12,Heat,7.0,JUL,5.4,6264.9,2014-07-01,78.4,313,0,0.22,-7.01
155,2014,6,CA,65,Riverside,19,AVOCADOS,90.0,APH,H,12,Heat,3.0,MAR,4.59,3679.2,2014-03-01,53.5,10,300,3.28,-5.59
156,2014,6,CA,65,Riverside,19,AVOCADOS,90.0,APH,H,12,Heat,6.0,JUN,8.0,5580.0,2014-06-01,71.9,151,25,0.06,-6.77
157,2014,6,CA,65,Riverside,19,AVOCADOS,90.0,APH,H,12,Heat,5.0,MAY,132.155,96316.5,2014-05-01,64.6,80,91,0.35,-6.05
158,2014,6,CA,65,Riverside,19,AVOCADOS,90.0,APH,H,12,Heat,12.0,DEC,1.78,1622.4,2014-12-01,46.8,0,444,6.3,-3.98
159,2014,6,CA,65,Riverside,19,AVOCADOS,90.0,APH,UH,12,Heat,5.0,MAY,6.455,11520.35,2014-05-01,64.6,80,91,0.35,-6.05
160,2014,6,CA,65,Riverside,19,AVOCADOS,90.0,APH,H,31,Excess Moisture/Precipitation/Rain,4.0,APR,2.07,733.5,2014-04-01,57.7,22,217,1.06,-5.53
161,2014,6,CA,65,Riverside,19,AVOCADOS,90.0,APH,UH,41,Frost,12.0,DEC,3.0,2980.8,2014-12-01,46.8,0,444,6.3,-3.98
162,2014,6,CA,65,Riverside,19,AVOCADOS,90.0,APH,H,41,Frost,12.0,DEC,25.725,5763.0,2014-12-01,46.8,0,444,6.3,-3.98
163,2014,6,CA,65,Riverside,19,AVOCADOS,90.0,APH,UH,42,Freeze,2.0,FEB,4.0,6664.0,2014-02-01,49.8,3,352,4.02,-5.87
164,2014,6,CA,65,Riverside,19,AVOCADOS,90.0,APH,UH,42,Freeze,12.0,DEC,6.445,7799.85,2014-12-01,46.8,0,444,6.3,-3.98
165,2014,6,CA,65,Riverside,19,AVOCADOS,90.0,APH,H,42,Freeze,1.0,JAN,28.285,19396.75,2014-01-01,50.1,10,341,0.54,-5.88
166,2014,6,CA,65,Riverside,19,AVOCADOS,90.0,APH,H,42,Freeze,2.0,FEB,10.61,8478.8,2014-02-01,49.8,3,352,4.02,-5.87
167,2014,6,CA,65,Riverside,19,AVOCADOS,90.0,APH,H,42,Freeze,12.0,DEC,154.405,56592.7,2014-12-01,46.8,0,444,6.3,-3.98
168,2014,6,CA,65,Riverside,19,AVOCADOS,90.0,APH,UH,42,Freeze,1.0,JAN,12.6,14618.1,2014-01-01,50.1,10,341,0.54,-5.88
169,2014,6,CA,65,Riverside,19,AVOCADOS,90.0,APH,H,42,Freeze,3.0,MAR,6.0,3387.0,2014-03-01,53.5,10,300,3.28,-5.59
170,2014,6,CA,65,Riverside,19,AVOCADOS,90.0,APH,H,44,Cold Wet Weather,3.0,MAR,1.12,986.4,2014-03-01,53.5,10,300,3.28,-5.59
171,2014,6,CA,65,Riverside,19,AVOCADOS,90.0,APH,H,44,Cold Wet Weather,4.0,APR,1.12,986.4,2014-04-01,57.7,22,217,1.06,-5.53
172,2014,6,CA,65,Riverside,19,AVOCADOS,90.0,APH,H,61,Wind/Excess Wind,4.0,APR,12.035,9011.0,2014-04-01,57.7,22,217,1.06,-5.53
173,2014,6,CA,65,Riverside,19,AVOCADOS,90.0,APH,H,61,Wind/Excess Wind,12.0,DEC,81.42,72114.0,2014-12-01,46.8,0,444,6.3,-3.98
174,2014,6,CA,65,Riverside,19,AVOCADOS,90.0,APH,UH,61,Wind/Excess Wind,4.0,APR,4.0,9535.0,2014-04-01,57.7,22,217,1.06,-5.53
175,2014,6,CA,65,Riverside,19,AVOCADOS,90.0,APH,H,61,Wind/Excess Wind,2.0,FEB,3.9,3427.0,2014-02-01,49.8,3,352,4.02,-5.87
176,2014,6,CA,65,Riverside,19,AVOCADOS,90.0,APH,H,61,Wind/Excess Wind,5.0,MAY,57.7,40002.0,2014-05-01,64.6,80,91,0.35,-6.05
177,2014,6,CA,65,Riverside,19,AVOCADOS,90.0,APH,H,61,Wind/Excess Wind,1.0,JAN,18.0,9416.0,2014-01-01,50.1,10,341,0.54,-5.88
178,2014,6,CA,73,San Diego,19,AVOCADOS,90.0,APH,H,12,Heat,4.0,APR,120.2,101373.75,2014-04-01,57.7,22,217,1.06,-5.53
179,2014,6,CA,73,San Diego,19,AVOCADOS,90.0,APH,P,12,Heat,1.0,JAN,0.2,0.0,2014-01-01,50.1,10,341,0.54,-5.88
180,2014,6,CA,73,San Diego,19,AVOCADOS,90.0,APH,UH,12,Heat,8.0,AUG,41.84,46748.2,2014-08-01,74.9,253,1,0.45,-6.35
181,2014,6,CA,73,San Diego,19,AVOCADOS,90.0,APH,H,12,Heat,5.0,MAY,488.435,221352.4,2014-05-01,64.6,80,91,0.35,-6.05
182,2014,6,CA,73,San Diego,19,AVOCADOS,90.0,APH,H,12,Heat,8.0,AUG,15.232,20755.62,2014-08-01,74.9,253,1,0.45,-6.35
183,2014,6,CA,73,San Diego,19,AVOCADOS,90.0,APH,H,12,Heat,12.0,DEC,34.15,68582.0,2014-12-01,46.8,0,444,6.3,-3.98
184,2014,6,CA,73,San Diego,19,AVOCADOS,90.0,APH,H,12,Heat,6.0,JUN,118.24,66950.8,2014-06-01,71.9,151,25,0.06,-6.77
185,2014,6,CA,73,San Diego,19,AVOCADOS,90.0,APH,H,12,Heat,9.0,SEP,465.7,347033.0,2014-09-01,72.2,224,7,0.72,-5.53
186,2014,6,CA,73,San Diego,19,AVOCADOS,90.0,APH,UH,12,Heat,5.0,MAY,4.8,20191.25,2014-05-01,64.6,80,91,0.35,-6.05
187,2014,6,CA,73,San Diego,19,AVOCADOS,90.0,APH,H,12,Heat,7.0,JUL,44.1,29684.1,2014-07-01,78.4,313,0,0.22,-7.01
188,2014,6,CA,73,San Diego,19,AVOCADOS,90.0,APH,H,12,Heat,1.0,JAN,17.3,12761.4,2014-01-01,50.1,10,341,0.54,-5.88
189,2014,6,CA,73,San Diego,19,AVOCADOS,90.0,APH,H,12,Heat,10.0,OCT,2.8,875.4,2014-10-01,64.4,96,60,1.06,-5.3
190,2014,6,CA,73,San Diego,19,AVOCADOS,90.0,APH,P,12,Heat,9.0,SEP,1.0,0.0,2014-09-01,72.2,224,7,0.72,-5.53
191,2014,6,CA,73,San Diego,19,AVOCADOS,90.0,APH,H,13,Failure of Irrigation Supply,2.0,FEB,2.0,308.4,2014-02-01,49.8,3,352,4.02,-5.87
192,2014,6,CA,73,San Diego,19,AVOCADOS,90.0,APH,H,41,Frost,2.0,FEB,5.475,2067.75,2014-02-01,49.8,3,352,4.02,-5.87
193,2014,6,CA,73,San Diego,19,AVOCADOS,90.0,APH,H,41,Frost,1.0,JAN,12.4,6813.2,2014-01-01,50.1,10,341,0.54,-5.88
194,2014,6,CA,73,San Diego,19,AVOCADOS,90.0,APH,H,41,Frost,12.0,DEC,5.0,20810.0,2014-12-01,46.8,0,444,6.3,-3.98
195,2014,6,CA,73,San Diego,19,AVOCADOS,90.0,APH,UH,42,Freeze,1.0,JAN,27.98,15641.15,2014-01-01,50.1,10,341,0.54,-5.88
196,2014,6,CA,73,San Diego,19,AVOCADOS,90.0,APH,H,42,Freeze,2.0,FEB,6.38,1357.4,2014-02-01,49.8,3,352,4.02,-5.87
197,2014,6,CA,73,San Diego,19,AVOCADOS,90.0,APH,H,42,Freeze,12.0,DEC,111.25,236398.0,2014-12-01,46.8,0,444,6.3,-3.98
198,2014,6,CA,73,San Diego,19,AVOCADOS,90.0,APH,H,42,Freeze,1.0,JAN,70.3,49940.15,2014-01-01,50.1,10,341,0.54,-5.88
199,2014,6,CA,73,San Diego,19,AVOCADOS,90.0,APH,H,61,Wind/Excess Wind,10.0,OCT,24.5,62510.0,2014-10-01,64.4,96,60,1.06,-5.3
200,2014,6,CA,73,San Diego,19,AVOCADOS,90.0,APH,H,61,Wind/Excess Wind,4.0,APR,9.79,4947.25,2014-04-01,57.7,22,217,1.06,-5.53
201,2014,6,CA,73,San Diego,19,AVOCADOS,90.0,APH,H,61,Wind/Excess Wind,2.0,FEB,13.0,8974.0,2014-02-01,49.8,3,352,4.02,-5.87
202,2014,6,CA,73,San Diego,19,AVOCADOS,90.0,APH,H,61,Wind/Excess Wind,5.0,MAY,2.82,1736.6,2014-05-01,64.6,80,91,0.35,-6.05
203,2014,6,CA,73,San Diego,19,AVOCADOS,90.0,APH,H,61,Wind/Excess Wind,12.0,DEC,22.96,12598.8,2014-12-01,46.8,0,444,6.3,-3.98
204,2014,6,CA,73,San Diego,19,AVOCADOS,90.0,APH,UH,61,Wind/Excess Wind,8.0,AUG,21.98,10039.4,2014-08-01,74.9,253,1,0.45,-6.35
205,2014,6,CA,73,San Diego,19,AVOCADOS,90.0,APH,H,61,Wind/Excess Wind,3.0,MAR,12.24,15260.4,2014-03-01,53.5,10,300,3.28,-5.59
206,2014,6,CA,73,San Diego,19,AVOCADOS,90.0,APH,H,61,Wind/Excess Wind,6.0,JUN,6.06,4140.2,2014-06-01,71.9,151,25,0.06,-6.77
207,2014,6,CA,73,San Diego,19,AVOCADOS,90.0,APH,UH,61,Wind/Excess Wind,4.0,APR,7.0,4984.0,2014-04-01,57.7,22,217,1.06,-5.53
208,2014,6,CA,73,San Diego,19,AVOCADOS,90.0,APH,H,62,Hot Wind,5.0,MAY,6.468,10093.38,2014-05-01,64.6,80,91,0.35,-6.05
209,2014,6,CA,73,San Diego,19,AVOCADOS,90.0,APH,H,62,Hot Wind,7.0,JUL,40.0,38393.0,2014-07-01,78.4,313,0,0.22,-7.01
210,2014,6,CA,73,San Diego,19,AVOCADOS,90.0,APH,H,91,Fire,5.0,MAY,30.1,60582.0,2014-05-01,64.6,80,91,0.35,-6.05
211,2014,6,CA,73,San Diego,19,AVOCADOS,90.0,APH,P,91,Fire,5.0,MAY,24.0,0.0,2014-05-01,64.6,80,91,0.35,-6.05
212,2014,6,CA,79,San Luis Obispo,19,AVOCADOS,90.0,APH,H,11,Drought,2.0,FEB,39.9,49111.0,2014-02-01,49.8,3,352,4.02,-5.87
213,2014,6,CA,79,San Luis Obispo,19,AVOCADOS,90.0,APH,H,12,Heat,7.0,JUL,223.3,266470.25,2014-07-01,78.4,313,0,0.22,-7.01
214,2014,6,CA,79,San Luis Obispo,19,AVOCADOS,90.0,APH,H,12,Heat,12.0,DEC,1.25,905.25,2014-12-01,46.8,0,444,6.3,-3.98
215,2014,6,CA,79,San Luis Obispo,19,AVOCADOS,90.0,APH,H,12,Heat,5.0,MAY,1.25,905.25,2014-05-01,64.6,80,91,0.35,-6.05
216,2014,6,CA,79,San Luis Obispo,19,AVOCADOS,90.0,APH,UH,12,Heat,6.0,JUN,4.56,1515.6,2014-06-01,71.9,151,25,0.06,-6.77
217,2014,6,CA,79,San Luis Obispo,19,AVOCADOS,90.0,APH,UH,12,Heat,4.0,APR,0.21,128.25,2014-04-01,57.7,22,217,1.06,-5.53
218,2014,6,CA,79,San Luis Obispo,19,AVOCADOS,90.0,APH,UH,12,Heat,7.0,JUL,1.325,1745.2,2014-07-01,78.4,313,0,0.22,-7.01
219,2014,6,CA,79,San Luis Obispo,19,AVOCADOS,90.0,APH,H,12,Heat,1.0,JAN,13.0,13028.0,2014-01-01,50.1,10,341,0.54,-5.88
220,2014,6,CA,79,San Luis Obispo,19,AVOCADOS,90.0,APH,H,13,Failure of Irrigation Supply,12.0,DEC,3.564,1478.4,2014-12-01,46.8,0,444,6.3,-3.98
221,2014,6,CA,79,San Luis Obispo,19,AVOCADOS,90.0,APH,UH,13,Failure of Irrigation Supply,6.0,JUN,25.175,33158.8,2014-06-01,71.9,151,25,0.06,-6.77
222,2014,6,CA,79,San Luis Obispo,19,AVOCADOS,90.0,APH,H,13,Failure of Irrigation Supply,9.0,SEP,7.04,4941.6,2014-09-01,72.2,224,7,0.72,-5.53
223,2014,6,CA,79,San Luis Obispo,19,AVOCADOS,90.0,APH,H,13,Failure of Irrigation Supply,1.0,JAN,7.236,3001.6,2014-01-01,50.1,10,341,0.54,-5.88
224,2014,6,CA,79,San Luis Obispo,19,AVOCADOS,90.0,APH,UH,13,Failure of Irrigation Supply,12.0,DEC,7.0,3363.0,2014-12-01,46.8,0,444,6.3,-3.98
225,2014,6,CA,79,San Luis Obispo,19,AVOCADOS,90.0,APH,H,21,Hail,3.0,MAR,72.0,33447.0,2014-03-01,53.5,10,300,3.28,-5.59
226,2014,6,CA,79,San Luis Obispo,19,AVOCADOS,90.0,APH,UH,41,Frost,4.0,APR,5.3,3668.0,2014-04-01,57.7,22,217,1.06,-5.53
227,2014,6,CA,79,San Luis Obispo,19,AVOCADOS,90.0,APH,UH,41,Frost,12.0,DEC,23.83,22494.15,2014-12-01,46.8,0,444,6.3,-3.98
228,2014,6,CA,79,San Luis Obispo,19,AVOCADOS,90.0,APH,H,41,Frost,3.0,MAR,0.4,177.2,2014-03-01,53.5,10,300,3.28,-5.59
229,2014,6,CA,79,San Luis Obispo,19,AVOCADOS,90.0,APH,UH,42,Freeze,12.0,DEC,3.1,1586.0,2014-12-01,46.8,0,444,6.3,-3.98
230,2014,6,CA,79,San Luis Obispo,19,AVOCADOS,90.0,APH,H,42,Freeze,12.0,DEC,85.8,109741.4,2014-12-01,46.8,0,444,6.3,-3.98
231,2014,6,CA,79,San Luis Obispo,19,AVOCADOS,90.0,APH,H,61,Wind/Excess Wind,1.0,JAN,10.56,7412.4,2014-01-01,50.1,10,341,0.54,-5.88
232,2014,6,CA,79,San Luis Obispo,19,AVOCADOS,90.0,APH,H,61,Wind/Excess Wind,12.0,DEC,79.2,64439.65,2014-12-01,46.8,0,444,6.3,-3.98
233,2014,6,CA,83,Santa Barbara,19,AVOCADOS,90.0,APH,H,12,Heat,7.0,JUL,15.0,5955.0,2014-07-01,78.4,313,0,0.22,-7.01
234,2014,6,CA,83,Santa Barbara,19,AVOCADOS,90.0,APH,H,12,Heat,6.0,JUN,20.0,10728.0,2014-06-01,71.9,151,25,0.06,-6.77
235,2014,6,CA,83,Santa Barbara,19,AVOCADOS,90.0,APH,H,12,Heat,9.0,SEP,259.2,242508.0,2014-09-01,72.2,224,7,0.72,-5.53
236,2014,6,CA,83,Santa Barbara,19,AVOCADOS,90.0,APH,UH,12,Heat,7.0,JUL,10.0,3573.0,2014-07-01,78.4,313,0,0.22,-7.01
237,2014,6,CA,83,Santa Barbara,19,AVOCADOS,90.0,APH,H,41,Frost,1.0,JAN,14.0,6325.0,2014-01-01,50.1,10,341,0.54,-5.88
238,2014,6,CA,83,Santa Barbara,19,AVOCADOS,90.0,APH,H,61,Wind/Excess Wind,4.0,APR,11.0,10656.0,2014-04-01,57.7,22,217,1.06,-5.53
239,2014,6,CA,83,Santa Barbara,19,AVOCADOS,90.0,APH,UH,61,Wind/Excess Wind,4.0,APR,1.0,424.0,2014-04-01,57.7,22,217,1.06,-5.53
240,2014,6,CA,83,Santa Barbara,19,AVOCADOS,90.0,APH,H,61,Wind/Excess Wind,10.0,OCT,5.1,4245.0,2014-10-01,64.4,96,60,1.06,-5.3
241,2014,6,CA,83,Santa Barbara,19,AVOCADOS,90.0,APH,H,61,Wind/Excess Wind,2.0,FEB,12.4,8647.0,2014-02-01,49.8,3,352,4.02,-5.87
242,2014,6,CA,111,Ventura,19,AVOCADOS,90.0,APH,H,12,Heat,4.0,APR,15.1,24645.0,2014-04-01,57.7,22,217,1.06,-5.53
243,2014,6,CA,111,Ventura,19,AVOCADOS,90.0,APH,H,12,Heat,7.0,JUL,50.97,48697.38,2014-07-01,78.4,313,0,0.22,-7.01
244,2014,6,CA,111,Ventura,19,AVOCADOS,90.0,APH,H,12,Heat,5.0,MAY,74.6,113497.9,2014-05-01,64.6,80,91,0.35,-6.05
245,2014,6,CA,111,Ventura,19,AVOCADOS,90.0,APH,H,12,Heat,12.0,DEC,8.855,10615.35,2014-12-01,46.8,0,444,6.3,-3.98
246,2014,6,CA,111,Ventura,19,AVOCADOS,90.0,APH,H,12,Heat,8.0,AUG,3.08,1274.0,2014-08-01,74.9,253,1,0.45,-6.35
247,2014,6,CA,111,Ventura,19,AVOCADOS,90.0,APH,H,12,Heat,11.0,NOV,9.84,3135.0,2014-11-01,53.1,11,257,1.84,-5.22
248,2014,6,CA,111,Ventura,19,AVOCADOS,90.0,APH,P,12,Heat,9.0,SEP,15.5,0.0,2014-09-01,72.2,224,7,0.72,-5.53
249,2014,6,CA,111,Ventura,19,AVOCADOS,90.0,APH,UH,12,Heat,5.0,MAY,1.92,3532.2,2014-05-01,64.6,80,91,0.35,-6.05
250,2014,6,CA,111,Ventura,19,AVOCADOS,90.0,APH,H,12,Heat,3.0,MAR,7.0,21343.0,2014-03-01,53.5,10,300,3.28,-5.59
251,2014,6,CA,111,Ventura,19,AVOCADOS,90.0,APH,H,12,Heat,6.0,JUN,514.53,495639.18,2014-06-01,71.9,151,25,0.06,-6.77
252,2014,6,CA,111,Ventura,19,AVOCADOS,90.0,APH,H,12,Heat,9.0,SEP,109.28,35245.5,2014-09-01,72.2,224,7,0.72,-5.53
253,2014,6,CA,111,Ventura,19,AVOCADOS,90.0,APH,UH,12,Heat,6.0,JUN,1.68,2876.0,2014-06-01,71.9,151,25,0.06,-6.77
254,2014,6,CA,111,Ventura,19,AVOCADOS,90.0,APH,H,12,Heat,10.0,OCT,72.13,260640.6,2014-10-01,64.4,96,60,1.06,-5.3
255,2014,6,CA,111,Ventura,19,AVOCADOS,90.0,APH,H,41,Frost,1.0,JAN,1.2,1671.6,2014-01-01,50.1,10,341,0.54,-5.88
256,2014,6,CA,111,Ventura,19,AVOCADOS,90.0,APH,H,41,Frost,4.0,APR,154.14,730059.0,2014-04-01,57.7,22,217,1.06,-5.53
257,2014,6,CA,111,Ventura,19,AVOCADOS,90.0,APH,H,41,Frost,3.0,MAR,5.4,10793.1,2014-03-01,53.5,10,300,3.28,-5.59
258,2014,6,CA,111,Ventura,19,AVOCADOS,90.0,APH,H,41,Frost,12.0,DEC,63.7,108735.1,2014-12-01,46.8,0,444,6.3,-3.98
259,2014,6,CA,111,Ventura,19,AVOCADOS,90.0,APH,UH,42,Freeze,1.0,JAN,4.0,7094.5,2014-01-01,50.1,10,341,0.54,-5.88
260,2014,6,CA,111,Ventura,19,AVOCADOS,90.0,APH,H,42,Freeze,12.0,DEC,274.56,200097.8,2014-12-01,46.8,0,444,6.3,-3.98
261,2014,6,CA,111,Ventura,19,AVOCADOS,90.0,APH,H,42,Freeze,10.0,OCT,8.82,16669.8,2014-10-01,64.4,96,60,1.06,-5.3
262,2014,6,CA,111,Ventura,19,AVOCADOS,90.0,APH,UH,42,Freeze,12.0,DEC,11.4,21730.0,2014-12-01,46.8,0,444,6.3,-3.98
263,2014,6,CA,111,Ventura,19,AVOCADOS,90.0,APH,H,42,Freeze,1.0,JAN,4.59,1271.4,2014-01-01,50.1,10,341,0.54,-5.88
264,2014,6,CA,111,Ventura,19,AVOCADOS,90.0,APH,P,61,Wind/Excess Wind,10.0,OCT,10.3,0.0,2014-10-01,64.4,96,60,1.06,-5.3
265,2014,6,CA,111,Ventura,19,AVOCADOS,90.0,APH,H,61,Wind/Excess Wind,11.0,NOV,36.1,11499.7,2014-11-01,53.1,11,257,1.84,-5.22
266,2014,6,CA,111,Ventura,19,AVOCADOS,90.0,APH,UH,61,Wind/Excess Wind,3.0,MAR,1.7,1354.6,2014-03-01,53.5,10,300,3.28,-5.59
267,2014,6,CA,111,Ventura,19,AVOCADOS,90.0,APH,H,61,Wind/Excess Wind,2.0,FEB,9.6,20571.0,2014-02-01,49.8,3,352,4.02,-5.87
268,2014,6,CA,111,Ventura,19,AVOCADOS,90.0,APH,H,61,Wind/Excess Wind,5.0,MAY,18.35,46848.0,2014-05-01,64.6,80,91,0.35,-6.05
269,2014,6,CA,111,Ventura,19,AVOCADOS,90.0,APH,H,61,Wind/Excess Wind,12.0,DEC,281.205,264509.3,2014-12-01,46.8,0,444,6.3,-3.98
270,2014,6,CA,111,Ventura,19,AVOCADOS,90.0,APH,UH,61,Wind/Excess Wind,1.0,JAN,1.2,1881.3,2014-01-01,50.1,10,341,0.54,-5.88
271,2014,6,CA,111,Ventura,19,AVOCADOS,90.0,APH,H,61,Wind/Excess Wind,7.0,JUL,20.0,16143.6,2014-07-01,78.4,313,0,0.22,-7.01
272,2014,6,CA,111,Ventura,19,AVOCADOS,90.0,APH,H,61,Wind/Excess Wind,4.0,APR,53.82,55623.7,2014-04-01,57.7,22,217,1.06,-5.53
273,2014,6,CA,111,Ventura,19,AVOCADOS,90.0,APH,H,61,Wind/Excess Wind,3.0,MAR,19.0,2427.0,2014-03-01,53.5,10,300,3.28,-5.59
274,2014,6,CA,111,Ventura,19,AVOCADOS,90.0,APH,H,61,Wind/Excess Wind,6.0,JUN,1.0,2119.0,2014-06-01,71.9,151,25,0.06,-6.77
275,2014,6,CA,111,Ventura,19,AVOCADOS,90.0,APH,H,61,Wind/Excess Wind,9.0,SEP,36.54,49397.0,2014-09-01,72.2,224,7,0.72,-5.53
276,2014,6,CA,111,Ventura,19,AVOCADOS,90.0,APH,H,61,Wind/Excess Wind,1.0,JAN,45.16,22298.6,2014-01-01,50.1,10,341,0.54,-5.88
277,2014,6,CA,111,Ventura,19,AVOCADOS,90.0,APH,H,61,Wind/Excess Wind,10.0,OCT,344.78,542491.05,2014-10-01,64.4,96,60,1.06,-5.3
278,2014,6,CA,111,Ventura,19,AVOCADOS,90.0,APH,UH,61,Wind/Excess Wind,5.0,MAY,13.2,26649.0,2014-05-01,64.6,80,91,0.35,-6.05
279,2014,6,CA,111,Ventura,19,AVOCADOS,90.0,APH,UH,61,Wind/Excess Wind,12.0,DEC,6.8,5418.4,2014-12-01,46.8,0,444,6.3,-3.98
280,2014,6,CA,111,Ventura,19,AVOCADOS,90.0,APH,H,62,Hot Wind,2.0,FEB,19.2,13401.4,2014-02-01,49.8,3,352,4.02,-5.87
281,2014,6,CA,111,Ventura,19,AVOCADOS,90.0,APH,H,62,Hot Wind,5.0,MAY,17.0,16965.0,2014-05-01,64.6,80,91,0.35,-6.05
282,2014,6,CA,111,Ventura,19,AVOCADOS,90.0,APH,H,62,Hot Wind,9.0,SEP,12.9,5335.0,2014-09-01,72.2,224,7,0.72,-5.53
283,2014,6,CA,111,Ventura,19,AVOCADOS,90.0,APH,H,62,Hot Wind,11.0,NOV,20.7,7580.5,2014-11-01,53.1,11,257,1.84,-5.22
284,2014,6,CA,111,Ventura,19,AVOCADOS,90.0,APH,H,62,Hot Wind,7.0,JUL,7.14,10093.24,2014-07-01,78.4,313,0,0.22,-7.01
285,2014,6,CA,111,Ventura,19,AVOCADOS,90.0,APH,H,62,Hot Wind,1.0,JAN,76.8,53605.6,2014-01-01,50.1,10,341,0.54,-5.88
286,2014,6,CA,111,Ventura,19,AVOCADOS,90.0,APH,H,62,Hot Wind,10.0,OCT,116.56,47915.4,2014-10-01,64.4,96,60,1.06,-5.3
287,2014,6,CA,111,Ventura,19,AVOCADOS,90.0,APH,H,99,"Other (Snow, Lightning, Etc.)",12.0,DEC,33.0,30723.0,2014-12-01,46.8,0,444,6.3,-3.98
288,2014,6,CA,111,Ventura,19,AVOCADOS,90.0,APH,H,XX,,4.0,APR,7.5,16591.0,2014-04-01,57.7,22,217,1.06,-5.53
289,2014,6,CA,111,Ventura,19,AVOCADOS,90.0,APH,H,XX,,10.0,OCT,1.65,1718.2,2014-10-01,64.4,96,60,1.06,-5.3
290,2004,6,CA,73,San Diego,19,AVOCADOS,46.0,ARC,UH,12,Heat,12.0,DEC,13.8,18368.0,2004-12-01,44.6,0,513,5.51,1.73
291,2004,6,CA,73,San Diego,19,AVOCADOS,46.0,ARC,H,12,Heat,12.0,DEC,3.5,154.7,2004-12-01,44.6,0,513,5.51,1.73
292,2004,6,CA,73,San Diego,19,AVOCADOS,46.0,ARC,H,43,Cold Winter,1.0,JAN,1.5,66.3,2004-01-01,43.5,0,546,2.27,0.14
293,2004,6,CA,83,Santa Barbara,19,AVOCADOS,46.0,ARC,H,12,Heat,12.0,DEC,23.6,45053.0,2004-12-01,44.6,0,513,5.51,1.73
294,2004,6,CA,83,Santa Barbara,19,AVOCADOS,46.0,ARC,H,61,Wind/Excess Wind,4.0,APR,15.1,40865.0,2004-04-01,57.3,18,233,0.7,-1.7
295,2004,6,CA,111,Ventura,19,AVOCADOS,46.0,ARC,H,91,Fire,11.0,NOV,11.0,15299.0,2004-11-01,47.7,0,440,1.68,1.26
296,2010,6,CA,65,Riverside,19,AVOCADOS,90.0,,UH,12,Heat,8.0,AUG,4.0,3148.0,2010-08-01,73.4,192,9,0.1,1.53
297,2010,6,CA,65,Riverside,19,AVOCADOS,90.0,,H,12,Heat,5.0,MAY,25.0,5655.0,2010-05-01,56.9,14,248,1.07,1.5
298,2010,6,CA,65,Riverside,19,AVOCADOS,90.0,,H,12,Heat,8.0,AUG,84.0,60448.0,2010-08-01,73.4,192,9,0.1,1.53
299,2010,6,CA,65,Riverside,19,AVOCADOS,90.0,,H,12,Heat,3.0,MAR,15.0,10643.0,2010-03-01,49.0,0,420,2.19,0.22
300,2010,6,CA,65,Riverside,19,AVOCADOS,90.0,,H,12,Heat,9.0,SEP,70.0,35857.0,2010-09-01,70.4,154,20,0.16,1.04
301,2010,6,CA,65,Riverside,19,AVOCADOS,90.0,,H,61,Wind/Excess Win,1.0,JAN,21.0,3586.0,2010-01-01,45.2,0,492,6.48,0.67
302,2010,6,CA,73,San Diego,19,AVOCADOS,90.0,,H,12,Heat,7.0,JUL,15.0,4961.0,2010-07-01,76.1,214,6,0.07,1.94
303,2010,6,CA,73,San Diego,19,AVOCADOS,90.0,,H,12,Heat,5.0,MAY,82.0,53894.0,2010-05-01,56.9,14,248,1.07,1.5
304,2010,6,CA,73,San Diego,19,AVOCADOS,90.0,,H,12,Heat,8.0,AUG,128.0,127151.0,2010-08-01,73.4,192,9,0.1,1.53
305,2010,6,CA,73,San Diego,19,AVOCADOS,90.0,,H,12,Heat,9.0,SEP,13.0,19941.0,2010-09-01,70.4,154,20,0.16,1.04
306,2010,6,CA,73,San Diego,19,AVOCADOS,90.0,,H,41,Frost,5.0,MAY,3.0,6065.0,2010-05-01,56.9,14,248,1.07,1.5
307,2010,6,CA,73,San Diego,19,AVOCADOS,90.0,,H,44,Cold Wet Weather,7.0,JUL,4.0,12036.0,2010-07-01,76.1,214,6,0.07,1.94
308,2010,6,CA,73,San Diego,19,AVOCADOS,90.0,,H,61,Wind/Excess Win,1.0,JAN,78.0,137204.0,2010-01-01,45.2,0,492,6.48,0.67
309,2010,6,CA,73,San Diego,19,AVOCADOS,90.0,,H,61,Wind/Excess Win,12.0,DEC,24.0,15019.0,2010-12-01,45.8,0,482,8.13,3.14
310,2010,6,CA,73,San Diego,19,AVOCADOS,90.0,,H,62,Hot Wind,5.0,MAY,25.0,6961.0,2010-05-01,56.9,14,248,1.07,1.5
311,2010,6,CA,79,San Luis Obispo,19,AVOCADOS,90.0,,H,12,Heat,10.0,OCT,3.0,1968.33,2010-10-01,60.5,28,141,3.0,1.99
312,2010,6,CA,79,San Luis Obispo,19,AVOCADOS,90.0,,H,12,Heat,6.0,JUN,3.0,4090.0,2010-06-01,69.1,100,55,0.26,1.93
313,2010,6,CA,79,San Luis Obispo,19,AVOCADOS,90.0,,H,12,Heat,9.0,SEP,30.0,25577.1,2010-09-01,70.4,154,20,0.16,1.04
314,2010,6,CA,79,San Luis Obispo,19,AVOCADOS,90.0,,H,12,Heat,8.0,AUG,28.0,8823.67,2010-08-01,73.4,192,9,0.1,1.53
315,2010,6,CA,79,San Luis Obispo,19,AVOCADOS,90.0,,H,42,Freeze,12.0,DEC,6.0,1937.0,2010-12-01,45.8,0,482,8.13,3.14
316,2010,6,CA,79,San Luis Obispo,19,AVOCADOS,90.0,,H,44,Cold Wet Weather,6.0,JUN,15.0,3476.0,2010-06-01,69.1,100,55,0.26,1.93
317,2010,6,CA,79,San Luis Obispo,19,AVOCADOS,90.0,,UH,61,Wind/Excess Win,10.0,OCT,1.0,319.0,2010-10-01,60.5,28,141,3.0,1.99
318,2010,6,CA,79,San Luis Obispo,19,AVOCADOS,90.0,,H,61,Wind/Excess Win,10.0,OCT,3.0,2841.9,2010-10-01,60.5,28,141,3.0,1.99
319,2010,6,CA,111,Ventura,19,AVOCADOS,90.0,,H,12,Heat,10.0,OCT,15.0,7067.0,2010-10-01,60.5,28,141,3.0,1.99
320,2010,6,CA,111,Ventura,19,AVOCADOS,90.0,,H,12,Heat,4.0,APR,3.0,1265.0,2010-04-01,50.9,1,388,3.47,1.22
321,2010,6,CA,111,Ventura,19,AVOCADOS,90.0,,H,12,Heat,5.0,MAY,17.0,4337.0,2010-05-01,56.9,14,248,1.07,1.5
322,2010,6,CA,111,Ventura,19,AVOCADOS,90.0,,H,42,Freeze,1.0,JAN,8.0,1859.0,2010-01-01,45.2,0,492,6.48,0.67
323,2010,6,CA,111,Ventura,19,AVOCADOS,90.0,,H,42,Freeze,4.0,APR,4.0,2479.0,2010-04-01,50.9,1,388,3.47,1.22
324,2010,6,CA,111,Ventura,19,AVOCADOS,90.0,,H,61,Wind/Excess Win,4.0,APR,49.0,42170.0,2010-04-01,50.9,1,388,3.47,1.22
325,2010,6,CA,111,Ventura,19,AVOCADOS,90.0,,H,91,Fire,2.0,FEB,10.0,2434.0,2010-02-01,46.8,0,437,3.65,0.66
326,2011,6,CA,65,Riverside,19,AVOCADOS,90.0,,H,12,Heat,4.0,APR,8.0,5509.5,2011-04-01,53.4,9,312,1.1,2.47
327,2011,6,CA,65,Riverside,19,AVOCADOS,90.0,,UH,12,Heat,9.0,SEP,4.0,3795.0,2011-09-01,72.2,180,12,0.28,-0.21
328,2011,6,CA,65,Riverside,19,AVOCADOS,90.0,,H,12,Heat,10.0,OCT,7.0,4317.0,2011-10-01,61.4,43,118,1.54,-0.08
329,2011,6,CA,65,Riverside,19,AVOCADOS,90.0,,H,12,Heat,7.0,JUL,54.0,20396.1,2011-07-01,74.2,217,4,0.22,3.84
330,2011,6,CA,65,Riverside,19,AVOCADOS,90.0,,H,12,Heat,9.0,SEP,130.0,96196.0,2011-09-01,72.2,180,12,0.28,-0.21
331,2011,6,CA,65,Riverside,19,AVOCADOS,90.0,,H,31,Excess Moisture/Precipitation/Rain,3.0,MAR,3.0,2680.8,2011-03-01,48.7,1,437,6.41,3.03
332,2011,6,CA,65,Riverside,19,AVOCADOS,90.0,,H,31,Excess Moisture/Precipitation/Rain,1.0,JAN,8.0,5509.5,2011-01-01,45.2,0,482,1.28,1.98
333,2011,6,CA,65,Riverside,19,AVOCADOS,90.0,,H,31,Excess Moisture/Precipitation/Rain,12.0,DEC,10.0,3608.0,2011-12-01,42.8,0,574,0.47,-1.63
334,2011,6,CA,65,Riverside,19,AVOCADOS,90.0,,H,41,Frost,12.0,DEC,3.0,3950.0,2011-12-01,42.8,0,574,0.47,-1.63
335,2011,6,CA,65,Riverside,19,AVOCADOS,90.0,,H,41,Frost,1.0,JAN,14.0,1227.0,2011-01-01,45.2,0,482,1.28,1.98
336,2011,6,CA,65,Riverside,19,AVOCADOS,90.0,,H,42,Freeze,2.0,FEB,14.0,8513.2,2011-02-01,43.4,0,523,3.34,1.82
337,2011,6,CA,65,Riverside,19,AVOCADOS,90.0,,UH,42,Freeze,2.0,FEB,6.0,9740.0,2011-02-01,43.4,0,523,3.34,1.82
338,2011,6,CA,65,Riverside,19,AVOCADOS,90.0,,H,42,Freeze,1.0,JAN,44.0,41014.0,2011-01-01,45.2,0,482,1.28,1.98
339,2011,6,CA,65,Riverside,19,AVOCADOS,90.0,,H,44,Cold Wet Weather,12.0,DEC,30.0,7451.0,2011-12-01,42.8,0,574,0.47,-1.63
340,2011,6,CA,65,Riverside,19,AVOCADOS,90.0,,H,61,Wind/Excess Win,12.0,DEC,3.0,774.9,2011-12-01,42.8,0,574,0.47,-1.63
341,2011,6,CA,65,Riverside,19,AVOCADOS,90.0,,H,81,Plant Disease,9.0,SEP,23.0,19028.0,2011-09-01,72.2,180,12,0.28,-0.21
342,2011,6,CA,73,San Diego,19,AVOCADOS,90.0,,H,12,Heat,8.0,AUG,44.0,11497.65,2011-08-01,75.2,235,3,0.1,3.5
343,2011,6,CA,73,San Diego,19,AVOCADOS,90.0,,H,12,Heat,4.0,APR,10.0,21258.0,2011-04-01,53.4,9,312,1.1,2.47
344,2011,6,CA,73,San Diego,19,AVOCADOS,90.0,,H,12,Heat,7.0,JUL,100.0,47780.0,2011-07-01,74.2,217,4,0.22,3.84
345,2011,6,CA,73,San Diego,19,AVOCADOS,90.0,,UH,12,Heat,8.0,AUG,12.0,17376.0,2011-08-01,75.2,235,3,0.1,3.5
346,2011,6,CA,73,San Diego,19,AVOCADOS,90.0,,H,12,Heat,6.0,JUN,17.0,8699.0,2011-06-01,66.9,73,80,0.92,3.42
347,2011,6,CA,73,San Diego,19,AVOCADOS,90.0,,UH,12,Heat,9.0,SEP,5.0,3038.0,2011-09-01,72.2,180,12,0.28,-0.21
348,2011,6,CA,73,San Diego,19,AVOCADOS,90.0,,H,12,Heat,9.0,SEP,582.0,323923.9,2011-09-01,72.2,180,12,0.28,-0.21
349,2011,6,CA,73,San Diego,19,AVOCADOS,90.0,,H,12,Heat,10.0,OCT,8.0,14590.5,2011-10-01,61.4,43,118,1.54,-0.08
350,2011,6,CA,73,San Diego,19,AVOCADOS,90.0,,H,21,Hail,12.0,DEC,4.0,6247.2,2011-12-01,42.8,0,574,0.47,-1.63
351,2011,6,CA,73,San Diego,19,AVOCADOS,90.0,,H,41,Frost,2.0,FEB,17.0,6750.0,2011-02-01,43.4,0,523,3.34,1.82
352,2011,6,CA,73,San Diego,19,AVOCADOS,90.0,,H,42,Freeze,11.0,NOV,16.0,64326.4,2011-11-01,48.2,0,402,1.69,-0.45
353,2011,6,CA,73,San Diego,19,AVOCADOS,90.0,,H,42,Freeze,1.0,JAN,26.0,19638.0,2011-01-01,45.2,0,482,1.28,1.98
354,2011,6,CA,73,San Diego,19,AVOCADOS,90.0,,H,42,Freeze,10.0,OCT,4.0,3696.0,2011-10-01,61.4,43,118,1.54,-0.08
355,2011,6,CA,73,San Diego,19,AVOCADOS,90.0,,H,44,Cold Wet Weather,5.0,MAY,51.0,8110.85,2011-05-01,57.6,16,240,1.44,2.82
356,2011,6,CA,73,San Diego,19,AVOCADOS,90.0,,H,44,Cold Wet Weather,3.0,MAR,12.0,12435.0,2011-03-01,48.7,1,437,6.41,3.03
357,2011,6,CA,73,San Diego,19,AVOCADOS,90.0,,H,61,Wind/Excess Win,12.0,DEC,15.0,33495.0,2011-12-01,42.8,0,574,0.47,-1.63
358,2011,6,CA,73,San Diego,19,AVOCADOS,90.0,,H,61,Wind/Excess Win,11.0,NOV,35.0,14805.0,2011-11-01,48.2,0,402,1.69,-0.45
359,2011,6,CA,73,San Diego,19,AVOCADOS,90.0,,H,61,Wind/Excess Win,9.0,SEP,9.0,4253.5,2011-09-01,72.2,180,12,0.28,-0.21
360,2011,6,CA,73,San Diego,19,AVOCADOS,90.0,,H,62,Hot Wind,4.0,APR,42.0,22246.0,2011-04-01,53.4,9,312,1.1,2.47
361,2011,6,CA,79,San Luis Obispo,19,AVOCADOS,90.0,,H,12,Heat,9.0,SEP,167.0,73392.1,2011-09-01,72.2,180,12,0.28,-0.21
362,2011,6,CA,79,San Luis Obispo,19,AVOCADOS,90.0,,H,12,Heat,5.0,MAY,5.0,7384.0,2011-05-01,57.6,16,240,1.44,2.82
363,2011,6,CA,79,San Luis Obispo,19,AVOCADOS,90.0,,H,12,Heat,8.0,AUG,33.0,18603.0,2011-08-01,75.2,235,3,0.1,3.5
364,2011,6,CA,79,San Luis Obispo,19,AVOCADOS,90.0,,H,12,Heat,10.0,OCT,20.0,3462.7,2011-10-01,61.4,43,118,1.54,-0.08
365,2011,6,CA,79,San Luis Obispo,19,AVOCADOS,90.0,,UH,12,Heat,6.0,JUN,12.0,20738.0,2011-06-01,66.9,73,80,0.92,3.42
366,2011,6,CA,79,San Luis Obispo,19,AVOCADOS,90.0,,UH,12,Heat,9.0,SEP,3.0,507.0,2011-09-01,72.2,180,12,0.28,-0.21
367,2011,6,CA,79,San Luis Obispo,19,AVOCADOS,90.0,,H,31,Excess Moisture/Precipitation/Rain,6.0,JUN,3.0,1137.6,2011-06-01,66.9,73,80,0.92,3.42
368,2011,6,CA,79,San Luis Obispo,19,AVOCADOS,90.0,,H,42,Freeze,4.0,APR,16.0,14547.0,2011-04-01,53.4,9,312,1.1,2.47
369,2011,6,CA,79,San Luis Obispo,19,AVOCADOS,90.0,,H,42,Freeze,11.0,NOV,59.0,10388.1,2011-11-01,48.2,0,402,1.69,-0.45
370,2011,6,CA,79,San Luis Obispo,19,AVOCADOS,90.0,,UH,44,Cold Wet Weather,4.0,APR,1.0,1454.0,2011-04-01,53.4,9,312,1.1,2.47
371,2011,6,CA,79,San Luis Obispo,19,AVOCADOS,90.0,,UH,44,Cold Wet Weather,5.0,MAY,6.0,22793.0,2011-05-01,57.6,16,240,1.44,2.82
372,2011,6,CA,79,San Luis Obispo,19,AVOCADOS,90.0,,H,44,Cold Wet Weather,3.0,MAR,4.0,1449.0,2011-03-01,48.7,1,437,6.41,3.03
373,2011,6,CA,79,San Luis Obispo,19,AVOCADOS,90.0,,H,44,Cold Wet Weather,6.0,JUN,15.0,9197.0,2011-06-01,66.9,73,80,0.92,3.42
374,2011,6,CA,79,San Luis Obispo,19,AVOCADOS,90.0,,H,44,Cold Wet Weather,4.0,APR,70.0,69292.5,2011-04-01,53.4,9,312,1.1,2.47
375,2011,6,CA,79,San Luis Obispo,19,AVOCADOS,90.0,,H,44,Cold Wet Weather,5.0,MAY,80.0,32886.0,2011-05-01,57.6,16,240,1.44,2.82
376,2011,6,CA,79,San Luis Obispo,19,AVOCADOS,90.0,,UH,44,Cold Wet Weather,6.0,JUN,4.0,3029.0,2011-06-01,66.9,73,80,0.92,3.42
377,2011,6,CA,79,San Luis Obispo,19,AVOCADOS,90.0,,H,61,Wind/Excess Win,11.0,NOV,59.0,10388.1,2011-11-01,48.2,0,402,1.69,-0.45
378,2011,6,CA,79,San Luis Obispo,19,AVOCADOS,90.0,,H,XX,,11.0,NOV,59.0,10388.1,2011-11-01,48.2,0,402,1.69,-0.45
379,2011,6,CA,79,San Luis Obispo,19,AVOCADOS,90.0,,H,XX,,9.0,SEP,8.0,3412.8,2011-09-01,72.2,180,12,0.28,-0.21
380,2011,6,CA,83,Santa Barbara,19,AVOCADOS,90.0,,H,12,Heat,10.0,OCT,109.0,62649.0,2011-10-01,61.4,43,118,1.54,-0.08
381,2011,6,CA,83,Santa Barbara,19,AVOCADOS,90.0,,H,12,Heat,11.0,NOV,4.0,1679.0,2011-11-01,48.2,0,402,1.69,-0.45
382,2011,6,CA,83,Santa Barbara,19,AVOCADOS,90.0,,H,12,Heat,9.0,SEP,212.0,76326.0,2011-09-01,72.2,180,12,0.28,-0.21
383,2011,6,CA,83,Santa Barbara,19,AVOCADOS,90.0,,H,41,Frost,12.0,DEC,2.0,3768.0,2011-12-01,42.8,0,574,0.47,-1.63
384,2011,6,CA,83,Santa Barbara,19,AVOCADOS,90.0,,H,44,Cold Wet Weather,1.0,JAN,6.0,9443.28,2011-01-01,45.2,0,482,1.28,1.98
385,2011,6,CA,83,Santa Barbara,19,AVOCADOS,90.0,,H,44,Cold Wet Weather,4.0,APR,6.0,10424.0,2011-04-01,53.4,9,312,1.1,2.47
386,2011,6,CA,83,Santa Barbara,19,AVOCADOS,90.0,,H,44,Cold Wet Weather,3.0,MAR,9.0,8413.0,2011-03-01,48.7,1,437,6.41,3.03
387,2011,6,CA,83,Santa Barbara,19,AVOCADOS,90.0,,H,44,Cold Wet Weather,6.0,JUN,8.0,953.0,2011-06-01,66.9,73,80,0.92,3.42
388,2011,6,CA,83,Santa Barbara,19,AVOCADOS,90.0,,H,44,Cold Wet Weather,2.0,FEB,18.0,19195.72,2011-02-01,43.4,0,523,3.34,1.82
389,2011,6,CA,83,Santa Barbara,19,AVOCADOS,90.0,,H,44,Cold Wet Weather,5.0,MAY,8.0,4899.0,2011-05-01,57.6,16,240,1.44,2.82
390,2011,6,CA,83,Santa Barbara,19,AVOCADOS,90.0,,UH,61,Wind/Excess Win,11.0,NOV,2.0,621.2,2011-11-01,48.2,0,402,1.69,-0.45
391,2011,6,CA,83,Santa Barbara,19,AVOCADOS,90.0,,UH,61,Wind/Excess Win,5.0,MAY,8.0,2484.8,2011-05-01,57.6,16,240,1.44,2.82
392,2011,6,CA,111,Ventura,19,AVOCADOS,90.0,,UH,12,Heat,11.0,NOV,15.0,11259.0,2011-11-01,48.2,0,402,1.69,-0.45
393,2011,6,CA,111,Ventura,19,AVOCADOS,90.0,,H,12,Heat,3.0,MAR,47.0,16205.0,2011-03-01,48.7,1,437,6.41,3.03
394,2011,6,CA,111,Ventura,19,AVOCADOS,90.0,,H,12,Heat,4.0,APR,38.0,52005.1,2011-04-01,53.4,9,312,1.1,2.47
395,2011,6,CA,111,Ventura,19,AVOCADOS,90.0,,H,12,Heat,7.0,JUL,13.0,4305.7,2011-07-01,74.2,217,4,0.22,3.84
396,2011,6,CA,111,Ventura,19,AVOCADOS,90.0,,H,12,Heat,10.0,OCT,70.0,47226.82,2011-10-01,61.4,43,118,1.54,-0.08
397,2011,6,CA,111,Ventura,19,AVOCADOS,90.0,,H,12,Heat,11.0,NOV,38.0,21168.0,2011-11-01,48.2,0,402,1.69,-0.45
398,2011,6,CA,111,Ventura,19,AVOCADOS,90.0,,UH,12,Heat,9.0,SEP,17.0,14442.0,2011-09-01,72.2,180,12,0.28,-0.21
399,2011,6,CA,111,Ventura,19,AVOCADOS,90.0,,UH,12,Heat,4.0,APR,3.0,1307.0,2011-04-01,53.4,9,312,1.1,2.47
400,2011,6,CA,111,Ventura,19,AVOCADOS,90.0,,H,12,Heat,6.0,JUN,12.0,12812.5,2011-06-01,66.9,73,80,0.92,3.42
401,2011,6,CA,111,Ventura,19,AVOCADOS,90.0,,H,12,Heat,9.0,SEP,1684.0,2172005.17,2011-09-01,72.2,180,12,0.28,-0.21
402,2011,6,CA,111,Ventura,19,AVOCADOS,90.0,,H,12,Heat,5.0,MAY,65.0,57680.0,2011-05-01,57.6,16,240,1.44,2.82
403,2011,6,CA,111,Ventura,19,AVOCADOS,90.0,,H,12,Heat,8.0,AUG,171.0,124936.0,2011-08-01,75.2,235,3,0.1,3.5
404,2011,6,CA,111,Ventura,19,AVOCADOS,90.0,,H,31,Excess Moisture/Precipitation/Rain,4.0,APR,53.0,16650.5,2011-04-01,53.4,9,312,1.1,2.47
405,2011,6,CA,111,Ventura,19,AVOCADOS,90.0,,H,31,Excess Moisture/Precipitation/Rain,2.0,FEB,4.0,4052.75,2011-02-01,43.4,0,523,3.34,1.82
406,2011,6,CA,111,Ventura,19,AVOCADOS,90.0,,H,41,Frost,12.0,DEC,26.0,19546.5,2011-12-01,42.8,0,574,0.47,-1.63
407,2011,6,CA,111,Ventura,19,AVOCADOS,90.0,,H,42,Freeze,1.0,JAN,0.0,540.4,2011-01-01,45.2,0,482,1.28,1.98
408,2011,6,CA,111,Ventura,19,AVOCADOS,90.0,,H,42,Freeze,11.0,NOV,28.0,32024.0,2011-11-01,48.2,0,402,1.69,-0.45
409,2011,6,CA,111,Ventura,19,AVOCADOS,90.0,,H,42,Freeze,12.0,DEC,17.0,20958.0,2011-12-01,42.8,0,574,0.47,-1.63
410,2011,6,CA,111,Ventura,19,AVOCADOS,90.0,,H,42,Freeze,3.0,MAR,6.0,2619.0,2011-03-01,48.7,1,437,6.41,3.03
411,2011,6,CA,111,Ventura,19,AVOCADOS,90.0,,H,43,Cold Winter,4.0,APR,12.0,33557.0,2011-04-01,53.4,9,312,1.1,2.47
412,2011,6,CA,111,Ventura,19,AVOCADOS,90.0,,H,44,Cold Wet Weather,3.0,MAR,53.0,19619.2,2011-03-01,48.7,1,437,6.41,3.03
413,2011,6,CA,111,Ventura,19,AVOCADOS,90.0,,UH,44,Cold Wet Weather,9.0,SEP,5.0,1169.0,2011-09-01,72.2,180,12,0.28,-0.21
414,2011,6,CA,111,Ventura,19,AVOCADOS,90.0,,UH,44,Cold Wet Weather,3.0,MAR,4.0,6115.0,2011-03-01,48.7,1,437,6.41,3.03
415,2011,6,CA,111,Ventura,19,AVOCADOS,90.0,,H,44,Cold Wet Weather,1.0,JAN,20.0,49451.4,2011-01-01,45.2,0,482,1.28,1.98
416,2011,6,CA,111,Ventura,19,AVOCADOS,90.0,,H,44,Cold Wet Weather,4.0,APR,265.0,201493.91,2011-04-01,53.4,9,312,1.1,2.47
417,2011,6,CA,111,Ventura,19,AVOCADOS,90.0,,H,44,Cold Wet Weather,12.0,DEC,15.0,13804.5,2011-12-01,42.8,0,574,0.47,-1.63
418,2011,6,CA,111,Ventura,19,AVOCADOS,90.0,,UH,44,Cold Wet Weather,4.0,APR,31.0,39422.0,2011-04-01,53.4,9,312,1.1,2.47
419,2011,6,CA,111,Ventura,19,AVOCADOS,90.0,,H,61,Wind/Excess Win,4.0,APR,43.0,37277.32,2011-04-01,53.4,9,312,1.1,2.47
420,2011,6,CA,111,Ventura,19,AVOCADOS,90.0,,H,61,Wind/Excess Win,3.0,MAR,10.0,6632.0,2011-03-01,48.7,1,437,6.41,3.03
421,2011,6,CA,111,Ventura,19,AVOCADOS,90.0,,H,61,Wind/Excess Win,10.0,OCT,49.0,42496.27,2011-10-01,61.4,43,118,1.54,-0.08
422,2011,6,CA,111,Ventura,19,AVOCADOS,90.0,,UH,61,Wind/Excess Win,2.0,FEB,7.0,22524.0,2011-02-01,43.4,0,523,3.34,1.82
423,2011,6,CA,111,Ventura,19,AVOCADOS,90.0,,H,61,Wind/Excess Win,2.0,FEB,30.0,70300.5,2011-02-01,43.4,0,523,3.34,1.82
424,2011,6,CA,111,Ventura,19,AVOCADOS,90.0,,H,61,Wind/Excess Win,5.0,MAY,20.0,1378.0,2011-05-01,57.6,16,240,1.44,2.82
425,2011,6,CA,111,Ventura,19,AVOCADOS,90.0,,H,61,Wind/Excess Win,12.0,DEC,14.0,11951.3,2011-12-01,42.8,0,574,0.47,-1.63
426,2011,6,CA,111,Ventura,19,AVOCADOS,90.0,,H,62,Hot Wind,10.0,OCT,6.0,3512.0,2011-10-01,61.4,43,118,1.54,-0.08
427,2011,6,CA,111,Ventura,19,AVOCADOS,90.0,,H,XX,,1.0,JAN,0.0,216.16,2011-01-01,45.2,0,482,1.28,1.98
428,2005,6,CA,65,Riverside,19,AVOCADOS,46.0,,H,31,,6.0,JUN,15.0,5513.4,2005-06-01,66.2,70,84,0.67,3.83
429,2005,6,CA,65,Riverside,19,AVOCADOS,46.0,,H,61,,11.0,NOV,10.0,3675.6,2005-11-01,52.4,8,279,2.26,2.42
430,2005,6,CA,73,San Diego,19,AVOCADOS,46.0,,H,12,,4.0,APR,66.0,25731.0,2005-04-01,53.0,6,330,1.79,2.09
431,2005,6,CA,73,San Diego,19,AVOCADOS,46.0,,H,12,,3.0,MAR,3.0,603.0,2005-03-01,51.1,1,380,3.69,2.21
432,2005,6,CA,73,San Diego,19,AVOCADOS,46.0,,H,12,,2.0,FEB,42.0,20841.0,2005-02-01,47.1,0,421,4.03,2.28
433,2005,6,CA,73,San Diego,19,AVOCADOS,46.0,,H,12,,5.0,MAY,17.0,20713.0,2005-05-01,62.2,44,146,2.54,3.17
434,2005,6,CA,73,San Diego,19,AVOCADOS,46.0,,H,31,,3.0,MAR,6.0,6405.7,2005-03-01,51.1,1,380,3.69,2.21
435,2005,6,CA,73,San Diego,19,AVOCADOS,46.0,,H,31,,12.0,DEC,2.0,1955.2,2005-12-01,46.1,0,456,7.81,3.46
436,2005,6,CA,73,San Diego,19,AVOCADOS,46.0,,H,61,,1.0,JAN,16.0,10856.7,2005-01-01,44.1,0,520,5.56,2.33
437,2005,6,CA,73,San Diego,19,AVOCADOS,46.0,,H,61,,4.0,APR,8.0,2724.0,2005-04-01,53.0,6,330,1.79,2.09
438,2005,6,CA,73,San Diego,19,AVOCADOS,46.0,,H,61,,2.0,FEB,32.0,11865.3,2005-02-01,47.1,0,421,4.03,2.28
439,2005,6,CA,73,San Diego,19,AVOCADOS,46.0,,H,61,,12.0,DEC,4.0,2932.8,2005-12-01,46.1,0,456,7.81,3.46
440,2005,6,CA,73,San Diego,19,AVOCADOS,46.0,,H,61,,11.0,NOV,6.0,1739.5,2005-11-01,52.4,8,279,2.26,2.42
441,2005,6,CA,73,San Diego,19,AVOCADOS,46.0,,H,71,,3.0,MAR,6.0,775.0,2005-03-01,51.1,1,380,3.69,2.21
442,2005,6,CA,73,San Diego,19,AVOCADOS,46.0,,H,71,,2.0,FEB,8.0,1432.8,2005-02-01,47.1,0,421,4.03,2.28
443,2005,6,CA,73,San Diego,19,AVOCADOS,46.0,,H,71,,7.0,JUL,3.0,1345.0,2005-07-01,78.4,307,0,0.14,4.58
444,2005,6,CA,79,San Luis Obispo,19,AVOCADOS,46.0,,UH,12,,4.0,APR,10.0,5454.0,2005-04-01,53.0,6,330,1.79,2.09
445,2005,6,CA,79,San Luis Obispo,19,AVOCADOS,46.0,,H,12,,4.0,APR,544.0,385228.0,2005-04-01,53.0,6,330,1.79,2.09
446,2005,6,CA,79,San Luis Obispo,19,AVOCADOS,46.0,,UH,12,,3.0,MAR,1.0,902.0,2005-03-01,51.1,1,380,3.69,2.21
447,2005,6,CA,79,San Luis Obispo,19,AVOCADOS,46.0,,H,12,,11.0,NOV,23.0,74247.0,2005-11-01,52.4,8,279,2.26,2.42
448,2005,6,CA,83,Santa Barbara,19,AVOCADOS,46.0,,UH,12,,4.0,APR,13.0,7073.0,2005-04-01,53.0,6,330,1.79,2.09
449,2005,6,CA,83,Santa Barbara,19,AVOCADOS,46.0,,H,12,,4.0,APR,31.0,13235.0,2005-04-01,53.0,6,330,1.79,2.09
450,2005,6,CA,83,Santa Barbara,19,AVOCADOS,46.0,,H,31,,3.0,MAR,6.0,648.0,2005-03-01,51.1,1,380,3.69,2.21
451,2005,6,CA,111,Ventura,19,AVOCADOS,46.0,,H,12,,3.0,MAR,48.0,85387.0,2005-03-01,51.1,1,380,3.69,2.21
452,2005,6,CA,111,Ventura,19,AVOCADOS,46.0,,H,12,,9.0,SEP,22.0,5257.2,2005-09-01,66.9,90,51,0.32,3.55
453,2005,6,CA,111,Ventura,19,AVOCADOS,46.0,,UH,12,,3.0,MAR,2.0,1234.0,2005-03-01,51.1,1,380,3.69,2.21
454,2005,6,CA,111,Ventura,19,AVOCADOS,46.0,,H,12,,2.0,FEB,4.0,1277.0,2005-02-01,47.1,0,421,4.03,2.28
455,2005,6,CA,111,Ventura,19,AVOCADOS,46.0,,H,12,,5.0,MAY,75.0,46187.0,2005-05-01,62.2,44,146,2.54,3.17
456,2005,6,CA,111,Ventura,19,AVOCADOS,46.0,,UH,12,,4.0,APR,8.0,4352.4,2005-04-01,53.0,6,330,1.79,2.09
457,2005,6,CA,111,Ventura,19,AVOCADOS,46.0,,H,12,,4.0,APR,158.0,79064.6,2005-04-01,53.0,6,330,1.79,2.09
458,2005,6,CA,111,Ventura,19,AVOCADOS,46.0,,H,12,,12.0,DEC,17.0,16983.0,2005-12-01,46.1,0,456,7.81,3.46
459,2005,6,CA,111,Ventura,19,AVOCADOS,46.0,,H,31,,3.0,MAR,10.0,1824.0,2005-03-01,51.1,1,380,3.69,2.21
460,2005,6,CA,111,Ventura,19,AVOCADOS,46.0,,H,42,,12.0,DEC,10.0,11693.0,2005-12-01,46.1,0,456,7.81,3.46
461,2005,6,CA,111,Ventura,19,AVOCADOS,46.0,,H,44,,2.0,FEB,28.0,54866.0,2005-02-01,47.1,0,421,4.03,2.28
462,2005,6,CA,111,Ventura,19,AVOCADOS,46.0,,H,51,,12.0,DEC,18.0,8648.0,2005-12-01,46.1,0,456,7.81,3.46
463,2005,6,CA,111,Ventura,19,AVOCADOS,46.0,,H,61,,2.0,FEB,7.0,216.0,2005-02-01,47.1,0,421,4.03,2.28
464,2005,6,CA,111,Ventura,19,AVOCADOS,46.0,,H,61,,12.0,DEC,2.0,209.4,2005-12-01,46.1,0,456,7.81,3.46
465,2005,6,CA,111,Ventura,19,AVOCADOS,46.0,,H,61,,11.0,NOV,14.0,712.0,2005-11-01,52.4,8,279,2.26,2.42
466,2005,6,CA,111,Ventura,19,AVOCADOS,46.0,,H,61,,3.0,MAR,15.0,10736.0,2005-03-01,51.1,1,380,3.69,2.21
467,2005,6,CA,111,Ventura,19,AVOCADOS,46.0,,UH,61,,9.0,SEP,1.0,633.6,2005-09-01,66.9,90,51,0.32,3.55
468,2005,6,CA,111,Ventura,19,AVOCADOS,46.0,,H,61,,1.0,JAN,15.0,3504.8,2005-01-01,44.1,0,520,5.56,2.33
469,2005,6,CA,111,Ventura,19,AVOCADOS,46.0,,H,91,,9.0,SEP,25.0,10788.0,2005-09-01,66.9,90,51,0.32,3.55
470,2007,6,CA,65,Riverside,19,AVOCADOS,46.0,,H,41.0,,1.0,JAN,104.0,45131.0,2007-01-01,41.5,0,609,0.81,-3.09
471,2007,6,CA,65,Riverside,19,AVOCADOS,46.0,,UH,41.0,,1.0,JAN,4.0,16583.0,2007-01-01,41.5,0,609,0.81,-3.09
472,2007,6,CA,65,Riverside,19,AVOCADOS,46.0,,H,42.0,,12.0,DEC,23.0,11802.0,2007-12-01,41.2,0,606,3.21,-3.75
473,2007,6,CA,65,Riverside,19,AVOCADOS,46.0,,H,42.0,,1.0,JAN,368.0,226644.75,2007-01-01,41.5,0,609,0.81,-3.09
474,2007,6,CA,65,Riverside,19,AVOCADOS,46.0,,UH,42.0,,1.0,JAN,24.0,31324.0,2007-01-01,41.5,0,609,0.81,-3.09
475,2007,6,CA,65,Riverside,19,AVOCADOS,46.0,,H,61.0,,12.0,DEC,67.0,41785.05,2007-12-01,41.2,0,606,3.21,-3.75
476,2007,6,CA,65,Riverside,19,AVOCADOS,46.0,,H,71.0,,8.0,AUG,8.0,3049.2,2007-08-01,76.1,283,1,0.12,-4.42
477,2007,6,CA,73,San Diego,19,AVOCADOS,46.0,,H,12.0,,7.0,JUL,3.0,2609.0,2007-07-01,76.9,269,0,0.18,-4.47
478,2007,6,CA,73,San Diego,19,AVOCADOS,46.0,,H,12.0,,10.0,OCT,3.0,1758.2,2007-10-01,58.6,27,163,1.5,-3.33
479,2007,6,CA,73,San Diego,19,AVOCADOS,46.0,,H,41.0,,1.0,JAN,94.0,26542.0,2007-01-01,41.5,0,609,0.81,-3.09
480,2007,6,CA,73,San Diego,19,AVOCADOS,46.0,,UH,41.0,,1.0,JAN,18.0,11671.0,2007-01-01,41.5,0,609,0.81,-3.09
481,2007,6,CA,73,San Diego,19,AVOCADOS,46.0,,H,42.0,,12.0,DEC,26.0,8049.9,2007-12-01,41.2,0,606,3.21,-3.75
482,2007,6,CA,73,San Diego,19,AVOCADOS,46.0,,H,42.0,,2.0,FEB,5.0,4025.0,2007-02-01,46.7,0,436,4.24,-2.81
483,2007,6,CA,73,San Diego,19,AVOCADOS,46.0,,UH,42.0,,1.0,JAN,172.0,177281.0,2007-01-01,41.5,0,609,0.81,-3.09
484,2007,6,CA,73,San Diego,19,AVOCADOS,46.0,,H,42.0,,1.0,JAN,1589.0,715004.1,2007-01-01,41.5,0,609,0.81,-3.09
485,2007,6,CA,73,San Diego,19,AVOCADOS,46.0,,H,61.0,,1.0,JAN,1.0,563.7,2007-01-01,41.5,0,609,0.81,-3.09
486,2007,6,CA,73,San Diego,19,AVOCADOS,46.0,,H,61.0,,12.0,DEC,16.0,14283.1,2007-12-01,41.2,0,606,3.21,-3.75
487,2007,6,CA,79,San Luis Obispo,19,AVOCADOS,46.0,,H,12.0,,8.0,AUG,4.0,5525.75,2007-08-01,76.1,283,1,0.12,-4.42
488,2007,6,CA,79,San Luis Obispo,19,AVOCADOS,46.0,,H,41.0,,9.0,SEP,2.0,545.6,2007-09-01,67.5,106,41,0.5,-3.92
489,2007,6,CA,79,San Luis Obispo,19,AVOCADOS,46.0,,H,41.0,,3.0,MAR,3.0,2648.8,2007-03-01,54.4,10,298,0.74,-3.73
490,2007,6,CA,79,San Luis Obispo,19,AVOCADOS,46.0,,H,41.0,,1.0,JAN,31.0,6506.0,2007-01-01,41.5,0,609,0.81,-3.09
491,2007,6,CA,79,San Luis Obispo,19,AVOCADOS,46.0,,H,42.0,,1.0,JAN,873.0,659310.65,2007-01-01,41.5,0,609,0.81,-3.09
492,2007,6,CA,79,San Luis Obispo,19,AVOCADOS,46.0,,UH,42.0,,12.0,DEC,10.0,7720.0,2007-12-01,41.2,0,606,3.21,-3.75
493,2007,6,CA,79,San Luis Obispo,19,AVOCADOS,46.0,,UH,42.0,,1.0,JAN,216.0,266335.0,2007-01-01,41.5,0,609,0.81,-3.09
494,2007,6,CA,79,San Luis Obispo,19,AVOCADOS,46.0,,H,61.0,,11.0,NOV,10.0,3754.0,2007-11-01,53.3,7,281,0.82,-3.88
495,2007,6,CA,79,San Luis Obispo,19,AVOCADOS,46.0,,UH,61.0,,1.0,JAN,9.0,11410.0,2007-01-01,41.5,0,609,0.81,-3.09
496,2007,6,CA,79,San Luis Obispo,19,AVOCADOS,46.0,,H,61.0,,12.0,DEC,74.0,82481.2,2007-12-01,41.2,0,606,3.21,-3.75
497,2007,6,CA,83,Santa Barbara,19,AVOCADOS,46.0,,H,12.0,,8.0,AUG,67.0,134065.0,2007-08-01,76.1,283,1,0.12,-4.42
498,2007,6,CA,83,Santa Barbara,19,AVOCADOS,46.0,,UH,12.0,,8.0,AUG,5.0,5790.0,2007-08-01,76.1,283,1,0.12,-4.42
499,2007,6,CA,83,Santa Barbara,19,AVOCADOS,46.0,,H,12.0,,4.0,APR,129.0,147555.9,2007-04-01,56.3,13,273,1.27,-3.65
500,2007,6,CA,83,Santa Barbara,19,AVOCADOS,46.0,,UH,12.0,,7.0,JUL,0.0,167.8,2007-07-01,76.9,269,0,0.18,-4.47
501,2007,6,CA,83,Santa Barbara,19,AVOCADOS,46.0,,UH,31.0,,4.0,APR,1.0,671.2,2007-04-01,56.3,13,273,1.27,-3.65
502,2007,6,CA,83,Santa Barbara,19,AVOCADOS,46.0,,H,41.0,,1.0,JAN,111.0,100484.1,2007-01-01,41.5,0,609,0.81,-3.09
503,2007,6,CA,83,Santa Barbara,19,AVOCADOS,46.0,,UH,42.0,,1.0,JAN,77.0,114899.0,2007-01-01,41.5,0,609,0.81,-3.09
504,2007,6,CA,83,Santa Barbara,19,AVOCADOS,46.0,,H,42.0,,1.0,JAN,1416.0,540644.65,2007-01-01,41.5,0,609,0.81,-3.09
505,2007,6,CA,83,Santa Barbara,19,AVOCADOS,46.0,,H,61.0,,1.0,JAN,71.0,22337.35,2007-01-01,41.5,0,609,0.81,-3.09
506,2007,6,CA,83,Santa Barbara,19,AVOCADOS,46.0,,H,61.0,,12.0,DEC,664.0,278514.0,2007-12-01,41.2,0,606,3.21,-3.75
507,2007,6,CA,111,Ventura,19,AVOCADOS,46.0,,H,1.0,,10.0,OCT,1.0,62.0,2007-10-01,58.6,27,163,1.5,-3.33
508,2007,6,CA,111,Ventura,19,AVOCADOS,46.0,,H,12.0,,9.0,SEP,24.0,11482.0,2007-09-01,67.5,106,41,0.5,-3.92
509,2007,6,CA,111,Ventura,19,AVOCADOS,46.0,,UH,12.0,,1.0,JAN,2.0,1630.0,2007-01-01,41.5,0,609,0.81,-3.09
510,2007,6,CA,111,Ventura,19,AVOCADOS,46.0,,H,31.0,,1.0,JAN,38.0,81009.0,2007-01-01,41.5,0,609,0.81,-3.09
511,2007,6,CA,111,Ventura,19,AVOCADOS,46.0,,UH,31.0,,1.0,JAN,4.0,3990.0,2007-01-01,41.5,0,609,0.81,-3.09
512,2007,6,CA,111,Ventura,19,AVOCADOS,46.0,,H,41.0,,1.0,JAN,43.0,33765.25,2007-01-01,41.5,0,609,0.81,-3.09
513,2007,6,CA,111,Ventura,19,AVOCADOS,46.0,,H,42.0,,12.0,DEC,45.0,2063.54,2007-12-01,41.2,0,606,3.21,-3.75
514,2007,6,CA,111,Ventura,19,AVOCADOS,46.0,,UH,42.0,,1.0,JAN,479.0,694208.75,2007-01-01,41.5,0,609,0.81,-3.09
515,2007,6,CA,111,Ventura,19,AVOCADOS,46.0,,H,42.0,,1.0,JAN,2422.0,1498810.05,2007-01-01,41.5,0,609,0.81,-3.09
516,2007,6,CA,111,Ventura,19,AVOCADOS,46.0,,H,44.0,,12.0,DEC,40.0,5983.5,2007-12-01,41.2,0,606,3.21,-3.75
517,2007,6,CA,111,Ventura,19,AVOCADOS,46.0,,H,61.0,,1.0,JAN,137.0,102025.7,2007-01-01,41.5,0,609,0.81,-3.09
518,2007,6,CA,111,Ventura,19,AVOCADOS,46.0,,H,61.0,,12.0,DEC,175.0,171996.56,2007-12-01,41.2,0,606,3.21,-3.75
519,2007,6,CA,111,Ventura,19,AVOCADOS,46.0,,UH,61.0,,12.0,DEC,10.0,36236.25,2007-12-01,41.2,0,606,3.21,-3.75
520,2007,6,CA,111,Ventura,19,AVOCADOS,46.0,,H,61.0,,11.0,NOV,2.0,606.4,2007-11-01,53.3,7,281,0.82,-3.88
521,2007,6,CA,111,Ventura,19,AVOCADOS,46.0,,UH,61.0,,1.0,JAN,3.0,475.0,2007-01-01,41.5,0,609,0.81,-3.09
522,2007,6,CA,111,Ventura,19,AVOCADOS,46.0,,H,62.0,,12.0,DEC,13.0,8204.0,2007-12-01,41.2,0,606,3.21,-3.75
523,2007,6,CA,111,Ventura,19,AVOCADOS,46.0,,H,91.0,,12.0,DEC,5.0,3795.0,2007-12-01,41.2,0,606,3.21,-3.75
524,2007,6,CA,111,Ventura,19,AVOCADOS,46.0,,UH,91.0,,12.0,DEC,38.0,24495.0,2007-12-01,41.2,0,606,3.21,-3.75
525,2006,6,CA,65,Riverside,19,AVOCADOS,46.0,,H,1.0,,2.0,FEB,0.0,50.11,2006-02-01,47.7,0,398,2.69,2.84
526,2006,6,CA,65,Riverside,19,AVOCADOS,46.0,,H,1.0,,8.0,AUG,20.0,35801.63,2006-08-01,73.8,212,5,0.06,-1.1
527,2006,6,CA,65,Riverside,19,AVOCADOS,46.0,,H,1.0,,12.0,DEC,123.0,70249.41,2006-12-01,43.9,0,521,3.13,-2.02
528,2006,6,CA,65,Riverside,19,AVOCADOS,46.0,,H,1.0,,11.0,NOV,89.0,27733.0,2006-11-01,51.3,8,307,2.08,-1.91
529,2006,6,CA,65,Riverside,19,AVOCADOS,46.0,,H,1.0,,1.0,JAN,72.0,32629.0,2006-01-01,44.6,0,514,4.54,3.49
530,2006,6,CA,65,Riverside,19,AVOCADOS,46.0,,H,1.0,,10.0,OCT,94.0,33793.0,2006-10-01,58.8,19,176,0.45,-1.78
531,2006,6,CA,65,Riverside,19,AVOCADOS,46.0,,H,1.0,,9.0,SEP,27.0,26735.85,2006-09-01,69.5,141,24,0.06,-1.44
532,2006,6,CA,65,Riverside,19,AVOCADOS,46.0,,H,12.0,,8.0,AUG,9.0,3981.3,2006-08-01,73.8,212,5,0.06,-1.1
533,2006,6,CA,65,Riverside,19,AVOCADOS,46.0,,H,61.0,,4.0,APR,16.0,5538.0,2006-04-01,53.0,2,355,4.16,4.61
534,2006,6,CA,65,Riverside,19,AVOCADOS,46.0,,H,61.0,,5.0,MAY,20.0,49382.25,2006-05-01,64.6,58,121,0.73,-0.05
535,2006,6,CA,65,Riverside,19,AVOCADOS,46.0,,H,61.0,,2.0,FEB,21.0,9289.7,2006-02-01,47.7,0,398,2.69,2.84
536,2006,6,CA,65,Riverside,19,AVOCADOS,46.0,,H,62.0,,5.0,MAY,6.0,1996.0,2006-05-01,64.6,58,121,0.73,-0.05
537,2006,6,CA,65,Riverside,19,AVOCADOS,46.0,,H,71.0,,5.0,MAY,7.0,16460.75,2006-05-01,64.6,58,121,0.73,-0.05
538,2006,6,CA,65,Riverside,19,AVOCADOS,46.0,,P,71.0,,3.0,MAR,4.0,-79.2,2006-03-01,44.0,0,585,5.41,3.71
539,2006,6,CA,65,Riverside,19,AVOCADOS,46.0,,H,71.0,,3.0,MAR,22.0,6552.2,2006-03-01,44.0,0,585,5.41,3.71
540,2006,6,CA,65,Riverside,19,AVOCADOS,46.0,,H,81.0,,3.0,MAR,5.0,2773.8,2006-03-01,44.0,0,585,5.41,3.71
541,2006,6,CA,65,Riverside,19,AVOCADOS,46.0,,P,81.0,,3.0,MAR,5.0,-118.8,2006-03-01,44.0,0,585,5.41,3.71
542,2006,6,CA,73,San Diego,19,AVOCADOS,46.0,,H,1.0,,12.0,DEC,144.0,96271.89,2006-12-01,43.9,0,521,3.13,-2.02
543,2006,6,CA,73,San Diego,19,AVOCADOS,46.0,,H,1.0,,9.0,SEP,35.0,12455.84,2006-09-01,69.5,141,24,0.06,-1.44
544,2006,6,CA,73,San Diego,19,AVOCADOS,46.0,,H,1.0,,1.0,JAN,68.0,50358.0,2006-01-01,44.6,0,514,4.54,3.49
545,2006,6,CA,73,San Diego,19,AVOCADOS,46.0,,H,1.0,,10.0,OCT,56.0,88837.27,2006-10-01,58.8,19,176,0.45,-1.78
546,2006,6,CA,73,San Diego,19,AVOCADOS,46.0,,H,1.0,,8.0,AUG,100.0,12319.0,2006-08-01,73.8,212,5,0.06,-1.1
547,2006,6,CA,73,San Diego,19,AVOCADOS,46.0,,H,1.0,,11.0,NOV,21.0,2771.0,2006-11-01,51.3,8,307,2.08,-1.91
548,2006,6,CA,73,San Diego,19,AVOCADOS,46.0,,H,12.0,,4.0,APR,2.0,115.6,2006-04-01,53.0,2,355,4.16,4.61
549,2006,6,CA,73,San Diego,19,AVOCADOS,46.0,,H,61.0,,12.0,DEC,10.0,12978.0,2006-12-01,43.9,0,521,3.13,-2.02
550,2006,6,CA,73,San Diego,19,AVOCADOS,46.0,,H,61.0,,4.0,APR,3.0,173.4,2006-04-01,53.0,2,355,4.16,4.61
551,2006,6,CA,73,San Diego,19,AVOCADOS,46.0,,H,71.0,,3.0,MAR,44.0,642.0,2006-03-01,44.0,0,585,5.41,3.71
552,2006,6,CA,73,San Diego,19,AVOCADOS,46.0,,UH,71.0,,3.0,MAR,14.0,17319.0,2006-03-01,44.0,0,585,5.41,3.71
553,2006,6,CA,79,San Luis Obispo,19,AVOCADOS,46.0,,H,1.0,,12.0,DEC,15.0,6152.85,2006-12-01,43.9,0,521,3.13,-2.02
554,2006,6,CA,79,San Luis Obispo,19,AVOCADOS,46.0,,H,1.0,,11.0,NOV,6.0,2777.0,2006-11-01,51.3,8,307,2.08,-1.91
555,2006,6,CA,79,San Luis Obispo,19,AVOCADOS,46.0,,H,1.0,,9.0,SEP,0.0,62.15,2006-09-01,69.5,141,24,0.06,-1.44
556,2006,6,CA,79,San Luis Obispo,19,AVOCADOS,46.0,,H,61.0,,1.0,JAN,8.0,1240.0,2006-01-01,44.6,0,514,4.54,3.49
557,2006,6,CA,111,Ventura,19,AVOCADOS,46.0,,H,1.0,,1.0,JAN,28.0,20231.0,2006-01-01,44.6,0,514,4.54,3.49
558,2006,6,CA,111,Ventura,19,AVOCADOS,46.0,,H,1.0,,9.0,SEP,1.0,510.94,2006-09-01,69.5,141,24,0.06,-1.44
559,2006,6,CA,111,Ventura,19,AVOCADOS,46.0,,H,1.0,,12.0,DEC,154.0,51709.68,2006-12-01,43.9,0,521,3.13,-2.02
560,2006,6,CA,111,Ventura,19,AVOCADOS,46.0,,UH,12.0,,7.0,JUL,17.0,10954.0,2006-07-01,79.3,377,0,0.15,-0.68
561,2006,6,CA,111,Ventura,19,AVOCADOS,46.0,,H,12.0,,5.0,MAY,9.0,5608.0,2006-05-01,64.6,58,121,0.73,-0.05
562,2006,6,CA,111,Ventura,19,AVOCADOS,46.0,,H,42.0,,12.0,DEC,0.0,11.38,2006-12-01,43.9,0,521,3.13,-2.02
563,2006,6,CA,111,Ventura,19,AVOCADOS,46.0,,H,44.0,,3.0,MAR,8.0,3332.5,2006-03-01,44.0,0,585,5.41,3.71
564,2006,6,CA,111,Ventura,19,AVOCADOS,46.0,,H,44.0,,4.0,APR,8.0,3332.5,2006-04-01,53.0,2,355,4.16,4.61
565,2012,6,CA,65,Riverside,19,AVOCADOS,90.0,APH,H,12,Heat,9.0,SEP,8.0,9859.05,2012-09-01,73.1,231,7,0.1,-1.89
566,2012,6,CA,65,Riverside,19,AVOCADOS,90.0,APH,H,42,Freeze,1.0,JAN,21.0,18126.0,2012-01-01,46.5,4,447,3.12,-2.27
567,2012,6,CA,65,Riverside,19,AVOCADOS,90.0,APH,H,42,Freeze,2.0,FEB,51.0,54472.95,2012-02-01,46.5,0,439,1.22,-3.18
568,2012,6,CA,65,Riverside,19,AVOCADOS,90.0,APH,H,42,Freeze,12.0,DEC,16.0,2347.0,2012-12-01,43.0,0,559,6.15,1.08
569,2012,6,CA,65,Riverside,19,AVOCADOS,90.0,APH,H,42,Freeze,11.0,NOV,3.0,4254.0,2012-11-01,52.5,7,291,3.57,0.24
570,2012,6,CA,65,Riverside,19,AVOCADOS,90.0,APH,UH,44,Cold Wet Weather,6.0,JUN,1.0,1938.8,2012-06-01,69.3,108,51,0.32,-1.85
571,2012,6,CA,65,Riverside,19,AVOCADOS,90.0,APH,UH,44,Cold Wet Weather,5.0,MAY,2.0,2908.2,2012-05-01,63.9,54,130,0.2,-1.96
572,2012,6,CA,65,Riverside,19,AVOCADOS,90.0,APH,H,61,Wind/Excess Win,11.0,NOV,4.0,4424.0,2012-11-01,52.5,7,291,3.57,0.24
573,2012,6,CA,65,Riverside,19,AVOCADOS,90.0,APH,H,61,Wind/Excess Win,12.0,DEC,558.0,14825.0,2012-12-01,43.0,0,559,6.15,1.08
574,2012,6,CA,73,San Diego,19,AVOCADOS,90.0,APH,H,12,Heat,3.0,MAR,3.0,1447.0,2012-03-01,48.8,1,447,4.74,-2.31
575,2012,6,CA,73,San Diego,19,AVOCADOS,90.0,APH,H,12,Heat,8.0,AUG,17.0,14405.0,2012-08-01,77.8,334,0,0.3,-1.58
576,2012,6,CA,73,San Diego,19,AVOCADOS,90.0,APH,H,12,Heat,1.0,JAN,1.0,2867.2,2012-01-01,46.5,4,447,3.12,-2.27
577,2012,6,CA,73,San Diego,19,AVOCADOS,90.0,APH,UH,12,Heat,8.0,AUG,1.0,966.0,2012-08-01,77.8,334,0,0.3,-1.58
578,2012,6,CA,73,San Diego,19,AVOCADOS,90.0,APH,H,21,Hail,3.0,MAR,3.0,2080.4,2012-03-01,48.8,1,447,4.74,-2.31
579,2012,6,CA,73,San Diego,19,AVOCADOS,90.0,APH,H,31,Excess Moisture/Precipitation/Rain,3.0,MAR,5.0,3120.6,2012-03-01,48.8,1,447,4.74,-2.31
580,2012,6,CA,73,San Diego,19,AVOCADOS,90.0,APH,UH,41,Frost,4.0,APR,4.0,5528.0,2012-04-01,55.8,13,273,2.48,-1.74
581,2012,6,CA,73,San Diego,19,AVOCADOS,90.0,APH,H,41,Frost,4.0,APR,8.0,3772.0,2012-04-01,55.8,13,273,2.48,-1.74
582,2012,6,CA,73,San Diego,19,AVOCADOS,90.0,APH,UH,42,Freeze,4.0,APR,2.0,1198.8,2012-04-01,55.8,13,273,2.48,-1.74
583,2012,6,CA,73,San Diego,19,AVOCADOS,90.0,APH,H,42,Freeze,2.0,FEB,3.0,449.0,2012-02-01,46.5,0,439,1.22,-3.18
584,2012,6,CA,73,San Diego,19,AVOCADOS,90.0,APH,H,42,Freeze,1.0,JAN,4.0,606.0,2012-01-01,46.5,4,447,3.12,-2.27
585,2012,6,CA,73,San Diego,19,AVOCADOS,90.0,APH,H,44,Cold Wet Weather,1.0,JAN,18.0,10142.8,2012-01-01,46.5,4,447,3.12,-2.27
586,2012,6,CA,73,San Diego,19,AVOCADOS,90.0,APH,H,44,Cold Wet Weather,4.0,APR,6.0,2664.0,2012-04-01,55.8,13,273,2.48,-1.74
587,2012,6,CA,73,San Diego,19,AVOCADOS,90.0,APH,UH,44,Cold Wet Weather,4.0,APR,3.0,1465.2,2012-04-01,55.8,13,273,2.48,-1.74
588,2012,6,CA,73,San Diego,19,AVOCADOS,90.0,APH,H,61,Wind/Excess Win,12.0,DEC,32.0,62790.0,2012-12-01,43.0,0,559,6.15,1.08
589,2012,6,CA,73,San Diego,19,AVOCADOS,90.0,APH,H,61,Wind/Excess Win,7.0,JUL,63.0,68302.0,2012-07-01,74.7,211,4,0.26,-1.74
590,2012,6,CA,79,San Luis Obispo,19,AVOCADOS,90.0,APH,H,12,Heat,8.0,AUG,7.0,5911.4,2012-08-01,77.8,334,0,0.3,-1.58
591,2012,6,CA,79,San Luis Obispo,19,AVOCADOS,90.0,APH,H,31,Excess Moisture/Precipitation/Rain,3.0,MAR,29.0,33324.0,2012-03-01,48.8,1,447,4.74,-2.31
592,2012,6,CA,79,San Luis Obispo,19,AVOCADOS,90.0,APH,UH,31,Excess Moisture/Precipitation/Rain,3.0,MAR,17.0,19410.0,2012-03-01,48.8,1,447,4.74,-2.31
593,2012,6,CA,79,San Luis Obispo,19,AVOCADOS,90.0,APH,H,41,Frost,3.0,MAR,63.0,67737.6,2012-03-01,48.8,1,447,4.74,-2.31
594,2012,6,CA,79,San Luis Obispo,19,AVOCADOS,90.0,APH,H,41,Frost,5.0,MAY,32.0,24119.0,2012-05-01,63.9,54,130,0.2,-1.96
595,2012,6,CA,79,San Luis Obispo,19,AVOCADOS,90.0,APH,UH,41,Frost,2.0,FEB,3.0,1379.0,2012-02-01,46.5,0,439,1.22,-3.18
596,2012,6,CA,79,San Luis Obispo,19,AVOCADOS,90.0,APH,H,41,Frost,4.0,APR,19.0,9633.0,2012-04-01,55.8,13,273,2.48,-1.74
597,2012,6,CA,79,San Luis Obispo,19,AVOCADOS,90.0,APH,UH,41,Frost,4.0,APR,8.0,4218.4,2012-04-01,55.8,13,273,2.48,-1.74
598,2012,6,CA,79,San Luis Obispo,19,AVOCADOS,90.0,APH,UH,42,Freeze,4.0,APR,4.0,7826.0,2012-04-01,55.8,13,273,2.48,-1.74
599,2012,6,CA,79,San Luis Obispo,19,AVOCADOS,90.0,APH,H,42,Freeze,4.0,APR,71.0,42760.0,2012-04-01,55.8,13,273,2.48,-1.74
600,2012,6,CA,79,San Luis Obispo,19,AVOCADOS,90.0,APH,H,42,Freeze,12.0,DEC,100.0,19941.0,2012-12-01,43.0,0,559,6.15,1.08
601,2012,6,CA,79,San Luis Obispo,19,AVOCADOS,90.0,APH,H,42,Freeze,1.0,JAN,24.0,15290.0,2012-01-01,46.5,4,447,3.12,-2.27
602,2012,6,CA,79,San Luis Obispo,19,AVOCADOS,90.0,APH,H,44,Cold Wet Weather,4.0,APR,58.0,77038.0,2012-04-01,55.8,13,273,2.48,-1.74
603,2012,6,CA,79,San Luis Obispo,19,AVOCADOS,90.0,APH,H,44,Cold Wet Weather,7.0,JUL,19.0,53443.0,2012-07-01,74.7,211,4,0.26,-1.74
604,2012,6,CA,79,San Luis Obispo,19,AVOCADOS,90.0,APH,UH,44,Cold Wet Weather,4.0,APR,12.0,26345.0,2012-04-01,55.8,13,273,2.48,-1.74
605,2012,6,CA,79,San Luis Obispo,19,AVOCADOS,90.0,APH,H,44,Cold Wet Weather,3.0,MAR,7.0,1860.0,2012-03-01,48.8,1,447,4.74,-2.31
606,2012,6,CA,79,San Luis Obispo,19,AVOCADOS,90.0,APH,UH,44,Cold Wet Weather,2.0,FEB,13.0,6839.0,2012-02-01,46.5,0,439,1.22,-3.18
607,2012,6,CA,79,San Luis Obispo,19,AVOCADOS,90.0,APH,UH,44,Cold Wet Weather,3.0,MAR,13.0,6839.0,2012-03-01,48.8,1,447,4.74,-2.31
608,2012,6,CA,79,San Luis Obispo,19,AVOCADOS,90.0,APH,H,44,Cold Wet Weather,5.0,MAY,2.0,1459.0,2012-05-01,63.9,54,130,0.2,-1.96
609,2012,6,CA,79,San Luis Obispo,19,AVOCADOS,90.0,APH,UH,61,Wind/Excess Win,12.0,DEC,12.0,6327.6,2012-12-01,43.0,0,559,6.15,1.08
610,2012,6,CA,79,San Luis Obispo,19,AVOCADOS,90.0,APH,H,61,Wind/Excess Win,2.0,FEB,72.0,64058.0,2012-02-01,46.5,0,439,1.22,-3.18
611,2012,6,CA,79,San Luis Obispo,19,AVOCADOS,90.0,APH,H,61,Wind/Excess Win,12.0,DEC,154.0,203103.0,2012-12-01,43.0,0,559,6.15,1.08
612,2012,6,CA,83,Santa Barbara,19,AVOCADOS,90.0,APH,UH,12,Heat,7.0,JUL,21.0,2475.9,2012-07-01,74.7,211,4,0.26,-1.74
613,2012,6,CA,83,Santa Barbara,19,AVOCADOS,90.0,APH,UH,12,Heat,6.0,JUN,9.0,1061.1,2012-06-01,69.3,108,51,0.32,-1.85
614,2012,6,CA,83,Santa Barbara,19,AVOCADOS,90.0,APH,H,21,Hail,2.0,FEB,12.0,28236.0,2012-02-01,46.5,0,439,1.22,-3.18
615,2012,6,CA,83,Santa Barbara,19,AVOCADOS,90.0,APH,UH,44,Cold Wet Weather,4.0,APR,4.0,3331.0,2012-04-01,55.8,13,273,2.48,-1.74
616,2012,6,CA,83,Santa Barbara,19,AVOCADOS,90.0,APH,UH,44,Cold Wet Weather,2.0,FEB,4.0,3331.0,2012-02-01,46.5,0,439,1.22,-3.18
617,2012,6,CA,83,Santa Barbara,19,AVOCADOS,90.0,APH,H,61,Wind/Excess Win,4.0,APR,11.0,9124.0,2012-04-01,55.8,13,273,2.48,-1.74
618,2012,6,CA,83,Santa Barbara,19,AVOCADOS,90.0,APH,H,61,Wind/Excess Win,11.0,NOV,40.0,26939.0,2012-11-01,52.5,7,291,3.57,0.24
619,2012,6,CA,83,Santa Barbara,19,AVOCADOS,90.0,APH,H,61,Wind/Excess Win,12.0,DEC,6.0,6848.0,2012-12-01,43.0,0,559,6.15,1.08
620,2012,6,CA,111,Ventura,19,AVOCADOS,90.0,APH,H,12,Heat,11.0,NOV,12.0,13830.0,2012-11-01,52.5,7,291,3.57,0.24
621,2012,6,CA,111,Ventura,19,AVOCADOS,90.0,APH,H,12,Heat,9.0,SEP,62.0,81178.55,2012-09-01,73.1,231,7,0.1,-1.89
622,2012,6,CA,111,Ventura,19,AVOCADOS,90.0,APH,H,12,Heat,4.0,APR,9.0,534.0,2012-04-01,55.8,13,273,2.48,-1.74
623,2012,6,CA,111,Ventura,19,AVOCADOS,90.0,APH,H,21,Hail,2.0,FEB,23.0,36676.0,2012-02-01,46.5,0,439,1.22,-3.18
624,2012,6,CA,111,Ventura,19,AVOCADOS,90.0,APH,H,41,Frost,11.0,NOV,16.0,32237.0,2012-11-01,52.5,7,291,3.57,0.24
625,2012,6,CA,111,Ventura,19,AVOCADOS,90.0,APH,H,41,Frost,4.0,APR,6.0,6241.0,2012-04-01,55.8,13,273,2.48,-1.74
626,2012,6,CA,111,Ventura,19,AVOCADOS,90.0,APH,UH,41,Frost,12.0,DEC,4.0,3400.75,2012-12-01,43.0,0,559,6.15,1.08
627,2012,6,CA,111,Ventura,19,AVOCADOS,90.0,APH,H,41,Frost,12.0,DEC,16.0,32237.0,2012-12-01,43.0,0,559,6.15,1.08
628,2012,6,CA,111,Ventura,19,AVOCADOS,90.0,APH,H,42,Freeze,12.0,DEC,97.0,42491.0,2012-12-01,43.0,0,559,6.15,1.08
629,2012,6,CA,111,Ventura,19,AVOCADOS,90.0,APH,H,42,Freeze,2.0,FEB,84.0,80171.8,2012-02-01,46.5,0,439,1.22,-3.18
630,2012,6,CA,111,Ventura,19,AVOCADOS,90.0,APH,UH,42,Freeze,2.0,FEB,20.0,36561.2,2012-02-01,46.5,0,439,1.22,-3.18
631,2012,6,CA,111,Ventura,19,AVOCADOS,90.0,APH,UH,42,Freeze,12.0,DEC,6.0,3293.0,2012-12-01,43.0,0,559,6.15,1.08
632,2012,6,CA,111,Ventura,19,AVOCADOS,90.0,APH,H,44,Cold Wet Weather,2.0,FEB,20.0,12498.0,2012-02-01,46.5,0,439,1.22,-3.18
633,2012,6,CA,111,Ventura,19,AVOCADOS,90.0,APH,UH,44,Cold Wet Weather,3.0,MAR,9.0,12461.0,2012-03-01,48.8,1,447,4.74,-2.31
634,2012,6,CA,111,Ventura,19,AVOCADOS,90.0,APH,H,44,Cold Wet Weather,3.0,MAR,137.0,243838.0,2012-03-01,48.8,1,447,4.74,-2.31
635,2012,6,CA,111,Ventura,19,AVOCADOS,90.0,APH,H,61,Wind/Excess Win,2.0,FEB,15.0,7040.0,2012-02-01,46.5,0,439,1.22,-3.18
636,2012,6,CA,111,Ventura,19,AVOCADOS,90.0,APH,H,61,Wind/Excess Win,12.0,DEC,39.0,17586.7,2012-12-01,43.0,0,559,6.15,1.08
637,2012,6,CA,111,Ventura,19,AVOCADOS,90.0,APH,UH,61,Wind/Excess Win,2.0,FEB,8.0,9954.0,2012-02-01,46.5,0,439,1.22,-3.18
638,2012,6,CA,111,Ventura,19,AVOCADOS,90.0,APH,UH,61,Wind/Excess Win,11.0,NOV,66.0,94482.05,2012-11-01,52.5,7,291,3.57,0.24
639,2012,6,CA,111,Ventura,19,AVOCADOS,90.0,APH,H,61,Wind/Excess Win,1.0,JAN,26.0,31854.06,2012-01-01,46.5,4,447,3.12,-2.27
640,2012,6,CA,111,Ventura,19,AVOCADOS,90.0,APH,H,61,Wind/Excess Win,10.0,OCT,33.0,18204.0,2012-10-01,62.2,56,100,0.99,-1.97
641,2012,6,CA,111,Ventura,19,AVOCADOS,90.0,APH,H,61,Wind/Excess Win,3.0,MAR,20.0,21381.0,2012-03-01,48.8,1,447,4.74,-2.31
642,2012,6,CA,111,Ventura,19,AVOCADOS,90.0,APH,H,61,Wind/Excess Win,11.0,NOV,574.0,617588.29,2012-11-01,52.5,7,291,3.57,0.24
643,2012,6,CA,111,Ventura,19,AVOCADOS,90.0,APH,H,62,Hot Wind,1.0,JAN,1.0,438.6,2012-01-01,46.5,4,447,3.12,-2.27
644,2008,6,CA,65,Riverside,19,AVOCADOS,46.0,,H,12,Heat,3.0,MAR,11.0,8672.4,2008-03-01,50.3,4,388,0.61,-3.18
645,2008,6,CA,65,Riverside,19,AVOCADOS,46.0,,H,41,Frost,1.0,JAN,8.0,10497.6,2008-01-01,41.1,0,601,7.11,-2.36
646,2008,6,CA,65,Riverside,19,AVOCADOS,46.0,,H,42,Freeze,11.0,NOV,6.0,3068.0,2008-11-01,53.9,12,247,2.41,-4.13
647,2008,6,CA,65,Riverside,19,AVOCADOS,46.0,,H,42,Freeze,3.0,MAR,14.0,12522.0,2008-03-01,50.3,4,388,0.61,-3.18
648,2008,6,CA,65,Riverside,19,AVOCADOS,46.0,,H,42,Freeze,1.0,JAN,177.0,128128.8,2008-01-01,41.1,0,601,7.11,-2.36
649,2008,6,CA,65,Riverside,19,AVOCADOS,46.0,,H,42,Freeze,10.0,OCT,65.0,1727.2,2008-10-01,61.8,65,93,0.7,-4.3
650,2008,6,CA,65,Riverside,19,AVOCADOS,46.0,,UH,42,Freeze,12.0,DEC,5.0,5255.0,2008-12-01,42.0,0,583,3.05,-3.99
651,2008,6,CA,65,Riverside,19,AVOCADOS,46.0,,UH,42,Freeze,1.0,JAN,66.0,91629.0,2008-01-01,41.1,0,601,7.11,-2.36
652,2008,6,CA,65,Riverside,19,AVOCADOS,46.0,,H,61,Wind/Excess Win,11.0,NOV,87.0,30225.6,2008-11-01,53.9,12,247,2.41,-4.13
653,2008,6,CA,65,Riverside,19,AVOCADOS,46.0,,H,61,Wind/Excess Win,10.0,OCT,211.0,147119.0,2008-10-01,61.8,65,93,0.7,-4.3
654,2008,6,CA,65,Riverside,19,AVOCADOS,46.0,,H,61,Wind/Excess Win,5.0,MAY,12.0,15746.4,2008-05-01,61.7,31,168,0.54,-3.6
655,2008,6,CA,65,Riverside,19,AVOCADOS,46.0,,H,61,Wind/Excess Win,12.0,DEC,9.0,6751.8,2008-12-01,42.0,0,583,3.05,-3.99
656,2008,6,CA,65,Riverside,19,AVOCADOS,46.0,,H,62,Hot Wind,7.0,JUL,5.0,3515.0,2008-07-01,76.5,265,1,0.14,-4.22
657,2008,6,CA,65,Riverside,19,AVOCADOS,46.0,,H,91,Fire,10.0,OCT,6.0,3495.0,2008-10-01,61.8,65,93,0.7,-4.3
658,2008,6,CA,65,Riverside,19,AVOCADOS,46.0,,H,91,Fire,12.0,DEC,6.0,4501.2,2008-12-01,42.0,0,583,3.05,-3.99
659,2008,6,CA,73,San Diego,19,AVOCADOS,46.0,,H,41,Frost,1.0,JAN,4.0,7467.11,2008-01-01,41.1,0,601,7.11,-2.36
660,2008,6,CA,73,San Diego,19,AVOCADOS,46.0,,UH,41,Frost,3.0,MAR,5.0,7210.0,2008-03-01,50.3,4,388,0.61,-3.18
661,2008,6,CA,73,San Diego,19,AVOCADOS,46.0,,UH,42,Freeze,12.0,DEC,15.0,21065.0,2008-12-01,42.0,0,583,3.05,-3.99
662,2008,6,CA,73,San Diego,19,AVOCADOS,46.0,,H,42,Freeze,1.0,JAN,457.0,387827.2,2008-01-01,41.1,0,601,7.11,-2.36
663,2008,6,CA,73,San Diego,19,AVOCADOS,46.0,,UH,42,Freeze,1.0,JAN,183.0,176356.28,2008-01-01,41.1,0,601,7.11,-2.36
664,2008,6,CA,73,San Diego,19,AVOCADOS,46.0,,UH,42,Freeze,10.0,OCT,21.0,36456.0,2008-10-01,61.8,65,93,0.7,-4.3
665,2008,6,CA,73,San Diego,19,AVOCADOS,46.0,,H,42,Freeze,2.0,FEB,1.0,768.0,2008-02-01,45.8,0,457,2.76,-2.33
666,2008,6,CA,73,San Diego,19,AVOCADOS,46.0,,H,42,Freeze,10.0,OCT,18.0,5304.0,2008-10-01,61.8,65,93,0.7,-4.3
667,2008,6,CA,73,San Diego,19,AVOCADOS,46.0,,H,61,Wind/Excess Win,11.0,NOV,44.0,6387.8,2008-11-01,53.9,12,247,2.41,-4.13
668,2008,6,CA,73,San Diego,19,AVOCADOS,46.0,,UH,61,Wind/Excess Win,12.0,DEC,3.0,2765.0,2008-12-01,42.0,0,583,3.05,-3.99
669,2008,6,CA,73,San Diego,19,AVOCADOS,46.0,,UH,61,Wind/Excess Win,10.0,OCT,104.0,191246.0,2008-10-01,61.8,65,93,0.7,-4.3
670,2008,6,CA,73,San Diego,19,AVOCADOS,46.0,,H,61,Wind/Excess Win,3.0,MAR,3.0,4678.0,2008-03-01,50.3,4,388,0.61,-3.18
671,2008,6,CA,73,San Diego,19,AVOCADOS,46.0,,H,61,Wind/Excess Win,10.0,OCT,215.0,149140.4,2008-10-01,61.8,65,93,0.7,-4.3
672,2008,6,CA,73,San Diego,19,AVOCADOS,46.0,,H,61,Wind/Excess Win,2.0,FEB,4.0,7771.89,2008-02-01,45.8,0,457,2.76,-2.33
673,2008,6,CA,73,San Diego,19,AVOCADOS,46.0,,H,91,Fire,10.0,OCT,67.0,46900.6,2008-10-01,61.8,65,93,0.7,-4.3
674,2008,6,CA,73,San Diego,19,AVOCADOS,46.0,,UH,91,Fire,10.0,OCT,242.0,349366.72,2008-10-01,61.8,65,93,0.7,-4.3
675,2008,6,CA,79,San Luis Obispo,19,AVOCADOS,46.0,,H,12,Heat,6.0,JUN,198.0,38700.0,2008-06-01,71.1,157,27,0.03,-3.98
676,2008,6,CA,79,San Luis Obispo,19,AVOCADOS,46.0,,UH,12,Heat,5.0,MAY,4.0,1089.0,2008-05-01,61.7,31,168,0.54,-3.6
677,2008,6,CA,79,San Luis Obispo,19,AVOCADOS,46.0,,H,12,Heat,7.0,JUL,7.0,2397.6,2008-07-01,76.5,265,1,0.14,-4.22
678,2008,6,CA,79,San Luis Obispo,19,AVOCADOS,46.0,,H,12,Heat,5.0,MAY,39.0,26718.0,2008-05-01,61.7,31,168,0.54,-3.6
679,2008,6,CA,79,San Luis Obispo,19,AVOCADOS,46.0,,UH,12,Heat,6.0,JUN,2.0,1474.4,2008-06-01,71.1,157,27,0.03,-3.98
680,2008,6,CA,79,San Luis Obispo,19,AVOCADOS,46.0,,H,42,Freeze,1.0,JAN,579.0,560809.7,2008-01-01,41.1,0,601,7.11,-2.36
681,2008,6,CA,79,San Luis Obispo,19,AVOCADOS,46.0,,UH,42,Freeze,1.0,JAN,289.0,358812.6,2008-01-01,41.1,0,601,7.11,-2.36
682,2008,6,CA,79,San Luis Obispo,19,AVOCADOS,46.0,,H,61,Wind/Excess Win,1.0,JAN,31.0,17961.0,2008-01-01,41.1,0,601,7.11,-2.36
683,2008,6,CA,79,San Luis Obispo,19,AVOCADOS,46.0,,H,61,Wind/Excess Win,10.0,OCT,217.0,211983.7,2008-10-01,61.8,65,93,0.7,-4.3
684,2008,6,CA,83,Santa Barbara,19,AVOCADOS,46.0,,UH,42,Freeze,1.0,JAN,15.0,16827.0,2008-01-01,41.1,0,601,7.11,-2.36
685,2008,6,CA,83,Santa Barbara,19,AVOCADOS,46.0,,H,42,Freeze,1.0,JAN,264.0,181705.0,2008-01-01,41.1,0,601,7.11,-2.36
686,2008,6,CA,111,Ventura,19,AVOCADOS,46.0,,UH,12,Heat,3.0,MAR,1.0,1039.0,2008-03-01,50.3,4,388,0.61,-3.18
687,2008,6,CA,111,Ventura,19,AVOCADOS,46.0,,H,12,Heat,4.0,APR,17.0,15281.0,2008-04-01,54.4,11,290,0.34,-3.53
688,2008,6,CA,111,Ventura,19,AVOCADOS,46.0,,H,12,Heat,1.0,JAN,29.0,50933.19,2008-01-01,41.1,0,601,7.11,-2.36
689,2008,6,CA,111,Ventura,19,AVOCADOS,46.0,,UH,41,Frost,1.0,JAN,9.0,8334.0,2008-01-01,41.1,0,601,7.11,-2.36
690,2008,6,CA,111,Ventura,19,AVOCADOS,46.0,,H,41,Frost,1.0,JAN,39.0,44484.0,2008-01-01,41.1,0,601,7.11,-2.36
691,2008,6,CA,111,Ventura,19,AVOCADOS,46.0,,H,42,Freeze,5.0,MAY,27.0,48935.81,2008-05-01,61.7,31,168,0.54,-3.6
692,2008,6,CA,111,Ventura,19,AVOCADOS,46.0,,H,42,Freeze,1.0,JAN,1509.0,1485577.61,2008-01-01,41.1,0,601,7.11,-2.36
693,2008,6,CA,111,Ventura,19,AVOCADOS,46.0,,H,42,Freeze,10.0,OCT,22.0,34684.0,2008-10-01,61.8,65,93,0.7,-4.3
694,2008,6,CA,111,Ventura,19,AVOCADOS,46.0,,UH,42,Freeze,4.0,APR,18.0,6973.0,2008-04-01,54.4,11,290,0.34,-3.53
695,2008,6,CA,111,Ventura,19,AVOCADOS,46.0,,UH,42,Freeze,1.0,JAN,489.0,751894.75,2008-01-01,41.1,0,601,7.11,-2.36
696,2008,6,CA,111,Ventura,19,AVOCADOS,46.0,,H,61,Wind/Excess Win,11.0,NOV,28.0,19185.0,2008-11-01,53.9,12,247,2.41,-4.13
697,2008,6,CA,111,Ventura,19,AVOCADOS,46.0,,H,61,Wind/Excess Win,1.0,JAN,23.0,15770.0,2008-01-01,41.1,0,601,7.11,-2.36
698,2008,6,CA,111,Ventura,19,AVOCADOS,46.0,,H,61,Wind/Excess Win,10.0,OCT,253.0,387426.84,2008-10-01,61.8,65,93,0.7,-4.3
699,2008,6,CA,111,Ventura,19,AVOCADOS,46.0,,H,61,Wind/Excess Win,2.0,FEB,7.0,3211.7,2008-02-01,45.8,0,457,2.76,-2.33
700,2008,6,CA,111,Ventura,19,AVOCADOS,46.0,,UH,61,Wind/Excess Win,10.0,OCT,2.0,3287.25,2008-10-01,61.8,65,93,0.7,-4.3
701,2008,6,CA,111,Ventura,19,AVOCADOS,46.0,,H,62,Hot Wind,6.0,JUN,25.0,19211.0,2008-06-01,71.1,157,27,0.03,-3.98
702,2008,6,CA,111,Ventura,19,AVOCADOS,46.0,,H,62,Hot Wind,12.0,DEC,16.0,6836.0,2008-12-01,42.0,0,583,3.05,-3.99
703,2008,6,CA,111,Ventura,19,AVOCADOS,46.0,,UH,81,Plant Disease,12.0,DEC,1.0,1194.0,2008-12-01,42.0,0,583,3.05,-3.99
704,2008,6,CA,111,Ventura,19,AVOCADOS,46.0,,H,91,Fire,12.0,DEC,18.0,8184.0,2008-12-01,42.0,0,583,3.05,-3.99
705,2008,6,CA,111,Ventura,19,AVOCADOS,46.0,,H,91,Fire,11.0,NOV,15.0,9901.85,2008-11-01,53.9,12,247,2.41,-4.13
706,2009,6,CA,65,Riverside,19,AVOCADOS,46.0,,H,12,Heat,4.0,APR,108.0,108469.0,2009-04-01,54.3,8,307,0.57,-4.2
707,2009,6,CA,65,Riverside,19,AVOCADOS,46.0,,H,12,Heat,11.0,NOV,4.0,13955.7,2009-11-01,50.9,5,331,0.99,-3.0
708,2009,6,CA,65,Riverside,19,AVOCADOS,46.0,,H,12,Heat,3.0,MAR,29.0,27555.0,2009-03-01,49.2,1,428,2.26,-4.08
709,2009,6,CA,65,Riverside,19,AVOCADOS,46.0,,H,12,Heat,6.0,JUN,238.0,188597.0,2009-06-01,67.5,79,68,0.6,-3.39
710,2009,6,CA,65,Riverside,19,AVOCADOS,46.0,,UH,12,Heat,5.0,MAY,3.0,828.0,2009-05-01,66.7,87,89,1.24,-3.67
711,2009,6,CA,65,Riverside,19,AVOCADOS,46.0,,H,12,Heat,5.0,MAY,865.0,690152.0,2009-05-01,66.7,87,89,1.24,-3.67
712,2009,6,CA,65,Riverside,19,AVOCADOS,46.0,,H,42,Freeze,9.0,SEP,9.0,14357.0,2009-09-01,73.0,227,5,0.09,-3.43
713,2009,6,CA,65,Riverside,19,AVOCADOS,46.0,,H,42,Freeze,1.0,JAN,35.0,70320.0,2009-01-01,46.9,4,435,1.27,-4.81
714,2009,6,CA,65,Riverside,19,AVOCADOS,46.0,,H,42,Freeze,4.0,APR,14.0,12053.0,2009-04-01,54.3,8,307,0.57,-4.2
715,2009,6,CA,65,Riverside,19,AVOCADOS,46.0,,H,42,Freeze,11.0,NOV,9.0,8158.0,2009-11-01,50.9,5,331,0.99,-3.0
716,2009,6,CA,65,Riverside,19,AVOCADOS,46.0,,H,61,Wind/Excess Win,6.0,JUN,5.0,20353.0,2009-06-01,67.5,79,68,0.6,-3.39
717,2009,6,CA,65,Riverside,19,AVOCADOS,46.0,,H,61,Wind/Excess Win,10.0,OCT,4.0,2493.0,2009-10-01,58.1,20,174,2.07,-2.51
718,2009,6,CA,65,Riverside,19,AVOCADOS,46.0,,H,62,Hot Wind,11.0,NOV,3.0,11418.3,2009-11-01,50.9,5,331,0.99,-3.0
719,2009,6,CA,65,Riverside,19,AVOCADOS,46.0,,UH,81,Plant Disease,4.0,APR,7.0,2138.0,2009-04-01,54.3,8,307,0.57,-4.2
720,2009,6,CA,73,San Diego,19,AVOCADOS,46.0,,H,1,Decline in Price,1.0,JAN,22.0,10780.0,2009-01-01,46.9,4,435,1.27,-4.81
721,2009,6,CA,73,San Diego,19,AVOCADOS,46.0,,H,11,Drought,5.0,MAY,4.0,5374.2,2009-05-01,66.7,87,89,1.24,-3.67
722,2009,6,CA,73,San Diego,19,AVOCADOS,46.0,,H,12,Heat,10.0,OCT,36.0,26703.0,2009-10-01,58.1,20,174,2.07,-2.51
723,2009,6,CA,73,San Diego,19,AVOCADOS,46.0,,H,12,Heat,2.0,FEB,6.0,8760.25,2009-02-01,45.2,0,472,4.64,-4.15
724,2009,6,CA,73,San Diego,19,AVOCADOS,46.0,,H,12,Heat,5.0,MAY,2542.0,1759609.0,2009-05-01,66.7,87,89,1.24,-3.67
725,2009,6,CA,73,San Diego,19,AVOCADOS,46.0,,H,12,Heat,8.0,AUG,19.0,7587.0,2009-08-01,74.8,245,1,0.12,-3.28
726,2009,6,CA,73,San Diego,19,AVOCADOS,46.0,,H,12,Heat,4.0,APR,10.0,4902.0,2009-04-01,54.3,8,307,0.57,-4.2
727,2009,6,CA,73,San Diego,19,AVOCADOS,46.0,,H,12,Heat,3.0,MAR,55.0,76169.75,2009-03-01,49.2,1,428,2.26,-4.08
728,2009,6,CA,73,San Diego,19,AVOCADOS,46.0,,H,12,Heat,6.0,JUN,287.0,119504.0,2009-06-01,67.5,79,68,0.6,-3.39
729,2009,6,CA,73,San Diego,19,AVOCADOS,46.0,,H,12,Heat,1.0,JAN,150.0,59549.0,2009-01-01,46.9,4,435,1.27,-4.81
730,2009,6,CA,73,San Diego,19,AVOCADOS,46.0,,UH,12,Heat,3.0,MAR,12.0,21481.0,2009-03-01,49.2,1,428,2.26,-4.08
731,2009,6,CA,73,San Diego,19,AVOCADOS,46.0,,UH,12,Heat,6.0,JUN,6.0,27534.0,2009-06-01,67.5,79,68,0.6,-3.39
732,2009,6,CA,73,San Diego,19,AVOCADOS,46.0,,UH,12,Heat,9.0,SEP,4.0,2773.8,2009-09-01,73.0,227,5,0.09,-3.43
733,2009,6,CA,73,San Diego,19,AVOCADOS,46.0,,H,12,Heat,11.0,NOV,64.0,11335.0,2009-11-01,50.9,5,331,0.99,-3.0
734,2009,6,CA,73,San Diego,19,AVOCADOS,46.0,,UH,12,Heat,5.0,MAY,7.0,1288.0,2009-05-01,66.7,87,89,1.24,-3.67
735,2009,6,CA,73,San Diego,19,AVOCADOS,46.0,,H,42,Freeze,1.0,JAN,6.0,3869.0,2009-01-01,46.9,4,435,1.27,-4.81
736,2009,6,CA,73,San Diego,19,AVOCADOS,46.0,,H,42,Freeze,3.0,MAR,20.0,419.0,2009-03-01,49.2,1,428,2.26,-4.08
737,2009,6,CA,73,San Diego,19,AVOCADOS,46.0,,UH,42,Freeze,1.0,JAN,1.0,105.0,2009-01-01,46.9,4,435,1.27,-4.81
738,2009,6,CA,73,San Diego,19,AVOCADOS,46.0,,UH,61,Wind/Excess Win,11.0,NOV,0.0,308.2,2009-11-01,50.9,5,331,0.99,-3.0
739,2009,6,CA,73,San Diego,19,AVOCADOS,46.0,,H,61,Wind/Excess Win,3.0,MAR,2.0,4260.85,2009-03-01,49.2,1,428,2.26,-4.08
740,2009,6,CA,73,San Diego,19,AVOCADOS,46.0,,H,61,Wind/Excess Win,10.0,OCT,12.0,9568.7,2009-10-01,58.1,20,174,2.07,-2.51
741,2009,6,CA,73,San Diego,19,AVOCADOS,46.0,,H,91,Fire,10.0,OCT,34.0,19466.25,2009-10-01,58.1,20,174,2.07,-2.51
742,2009,6,CA,79,San Luis Obispo,19,AVOCADOS,46.0,,UH,12,Heat,4.0,APR,7.0,2963.0,2009-04-01,54.3,8,307,0.57,-4.2
743,2009,6,CA,79,San Luis Obispo,19,AVOCADOS,46.0,,UH,12,Heat,7.0,JUL,23.0,1495.0,2009-07-01,77.6,289,0,0.05,-3.27
744,2009,6,CA,79,San Luis Obispo,19,AVOCADOS,46.0,,H,12,Heat,5.0,MAY,958.0,842003.0,2009-05-01,66.7,87,89,1.24,-3.67
745,2009,6,CA,79,San Luis Obispo,19,AVOCADOS,46.0,,H,12,Heat,6.0,JUN,814.0,552351.4,2009-06-01,67.5,79,68,0.6,-3.39
746,2009,6,CA,79,San Luis Obispo,19,AVOCADOS,46.0,,H,12,Heat,4.0,APR,28.0,30892.0,2009-04-01,54.3,8,307,0.57,-4.2
747,2009,6,CA,79,San Luis Obispo,19,AVOCADOS,46.0,,H,12,Heat,7.0,JUL,37.0,8684.0,2009-07-01,77.6,289,0,0.05,-3.27
748,2009,6,CA,79,San Luis Obispo,19,AVOCADOS,46.0,,UH,12,Heat,6.0,JUN,131.0,150509.0,2009-06-01,67.5,79,68,0.6,-3.39
749,2009,6,CA,79,San Luis Obispo,19,AVOCADOS,46.0,,UH,12,Heat,5.0,MAY,17.0,19220.0,2009-05-01,66.7,87,89,1.24,-3.67
750,2009,6,CA,79,San Luis Obispo,19,AVOCADOS,46.0,,H,41,Frost,4.0,APR,13.0,14327.5,2009-04-01,54.3,8,307,0.57,-4.2
751,2009,6,CA,79,San Luis Obispo,19,AVOCADOS,46.0,,H,41,Frost,6.0,JUN,13.0,5104.0,2009-06-01,67.5,79,68,0.6,-3.39
752,2009,6,CA,79,San Luis Obispo,19,AVOCADOS,46.0,,H,61,Wind/Excess Win,11.0,NOV,33.0,38072.0,2009-11-01,50.9,5,331,0.99,-3.0
753,2009,6,CA,79,San Luis Obispo,19,AVOCADOS,46.0,,H,61,Wind/Excess Win,6.0,JUN,5.0,3374.1,2009-06-01,67.5,79,68,0.6,-3.39
754,2009,6,CA,83,Santa Barbara,19,AVOCADOS,46.0,,H,12,Heat,2.0,FEB,1.0,1695.0,2009-02-01,45.2,0,472,4.64,-4.15
755,2009,6,CA,83,Santa Barbara,19,AVOCADOS,46.0,,H,12,Heat,5.0,MAY,329.0,278580.1,2009-05-01,66.7,87,89,1.24,-3.67
756,2009,6,CA,83,Santa Barbara,19,AVOCADOS,46.0,,H,12,Heat,4.0,APR,490.0,273749.0,2009-04-01,54.3,8,307,0.57,-4.2
757,2009,6,CA,83,Santa Barbara,19,AVOCADOS,46.0,,H,12,Heat,7.0,JUL,199.0,127268.0,2009-07-01,77.6,289,0,0.05,-3.27
758,2009,6,CA,83,Santa Barbara,19,AVOCADOS,46.0,,UH,12,Heat,4.0,APR,1.0,121.2,2009-04-01,54.3,8,307,0.57,-4.2
759,2009,6,CA,83,Santa Barbara,19,AVOCADOS,46.0,,H,12,Heat,3.0,MAR,7.0,1656.0,2009-03-01,49.2,1,428,2.26,-4.08
760,2009,6,CA,83,Santa Barbara,19,AVOCADOS,46.0,,UH,12,Heat,3.0,MAR,38.0,29336.0,2009-03-01,49.2,1,428,2.26,-4.08
761,2009,6,CA,83,Santa Barbara,19,AVOCADOS,46.0,,H,12,Heat,6.0,JUN,200.0,111209.9,2009-06-01,67.5,79,68,0.6,-3.39
762,2009,6,CA,83,Santa Barbara,19,AVOCADOS,46.0,,UH,12,Heat,6.0,JUN,9.0,5166.0,2009-06-01,67.5,79,68,0.6,-3.39
763,2009,6,CA,83,Santa Barbara,19,AVOCADOS,46.0,,UH,42,Freeze,4.0,APR,1.0,1104.0,2009-04-01,54.3,8,307,0.57,-4.2
764,2009,6,CA,83,Santa Barbara,19,AVOCADOS,46.0,,H,62,Hot Wind,5.0,MAY,70.0,142967.0,2009-05-01,66.7,87,89,1.24,-3.67
765,2009,6,CA,83,Santa Barbara,19,AVOCADOS,46.0,,UH,91,Fire,11.0,NOV,30.0,35277.0,2009-11-01,50.9,5,331,0.99,-3.0
766,2009,6,CA,83,Santa Barbara,19,AVOCADOS,46.0,,H,91,Fire,7.0,JUL,347.0,252414.0,2009-07-01,77.6,289,0,0.05,-3.27
767,2009,6,CA,83,Santa Barbara,19,AVOCADOS,46.0,,UH,91,Fire,5.0,MAY,4.0,484.8,2009-05-01,66.7,87,89,1.24,-3.67
768,2009,6,CA,111,Ventura,19,AVOCADOS,46.0,,H,1,Decline in Price,2.0,FEB,21.0,2542.0,2009-02-01,45.2,0,472,4.64,-4.15
769,2009,6,CA,111,Ventura,19,AVOCADOS,46.0,,H,1,Decline in Price,5.0,MAY,41.0,36088.0,2009-05-01,66.7,87,89,1.24,-3.67
770,2009,6,CA,111,Ventura,19,AVOCADOS,46.0,,UH,1,Decline in Price,3.0,MAR,2.0,1925.0,2009-03-01,49.2,1,428,2.26,-4.08
771,2009,6,CA,111,Ventura,19,AVOCADOS,46.0,,H,1,Decline in Price,10.0,OCT,44.0,19606.0,2009-10-01,58.1,20,174,2.07,-2.51
772,2009,6,CA,111,Ventura,19,AVOCADOS,46.0,,H,12,Heat,5.0,MAY,1911.0,1513535.0,2009-05-01,66.7,87,89,1.24,-3.67
773,2009,6,CA,111,Ventura,19,AVOCADOS,46.0,,UH,12,Heat,5.0,MAY,138.0,169337.0,2009-05-01,66.7,87,89,1.24,-3.67
774,2009,6,CA,111,Ventura,19,AVOCADOS,46.0,,UH,12,Heat,4.0,APR,76.0,186683.4,2009-04-01,54.3,8,307,0.57,-4.2
775,2009,6,CA,111,Ventura,19,AVOCADOS,46.0,,UH,12,Heat,3.0,MAR,3.0,2475.9,2009-03-01,49.2,1,428,2.26,-4.08
776,2009,6,CA,111,Ventura,19,AVOCADOS,46.0,,UH,12,Heat,6.0,JUN,23.0,14719.1,2009-06-01,67.5,79,68,0.6,-3.39
777,2009,6,CA,111,Ventura,19,AVOCADOS,46.0,,H,12,Heat,4.0,APR,79.0,93572.8,2009-04-01,54.3,8,307,0.57,-4.2
778,2009,6,CA,111,Ventura,19,AVOCADOS,46.0,,H,12,Heat,7.0,JUL,160.0,51943.0,2009-07-01,77.6,289,0,0.05,-3.27
779,2009,6,CA,111,Ventura,19,AVOCADOS,46.0,,H,12,Heat,8.0,AUG,28.0,13131.6,2009-08-01,74.8,245,1,0.12,-3.28
780,2009,6,CA,111,Ventura,19,AVOCADOS,46.0,,H,12,Heat,10.0,OCT,20.0,27021.0,2009-10-01,58.1,20,174,2.07,-2.51
781,2009,6,CA,111,Ventura,19,AVOCADOS,46.0,,H,12,Heat,3.0,MAR,12.0,2817.0,2009-03-01,49.2,1,428,2.26,-4.08
782,2009,6,CA,111,Ventura,19,AVOCADOS,46.0,,H,12,Heat,6.0,JUN,631.0,487675.0,2009-06-01,67.5,79,68,0.6,-3.39
783,2009,6,CA,111,Ventura,19,AVOCADOS,46.0,,H,12,Heat,1.0,JAN,18.0,52199.1,2009-01-01,46.9,4,435,1.27,-4.81
784,2009,6,CA,111,Ventura,19,AVOCADOS,46.0,,UH,12,Heat,1.0,JAN,18.0,24689.0,2009-01-01,46.9,4,435,1.27,-4.81
785,2009,6,CA,111,Ventura,19,AVOCADOS,46.0,,H,41,Frost,12.0,DEC,20.0,17675.0,2009-12-01,41.8,0,577,3.15,-3.0
786,2009,6,CA,111,Ventura,19,AVOCADOS,46.0,,UH,41,Frost,2.0,FEB,8.0,12682.8,2009-02-01,45.2,0,472,4.64,-4.15
787,2009,6,CA,111,Ventura,19,AVOCADOS,46.0,,H,42,Freeze,3.0,MAR,7.0,5290.2,2009-03-01,49.2,1,428,2.26,-4.08
788,2009,6,CA,111,Ventura,19,AVOCADOS,46.0,,H,42,Freeze,5.0,MAY,5.0,1592.0,2009-05-01,66.7,87,89,1.24,-3.67
789,2009,6,CA,111,Ventura,19,AVOCADOS,46.0,,UH,42,Freeze,1.0,JAN,63.0,45129.6,2009-01-01,46.9,4,435,1.27,-4.81
790,2009,6,CA,111,Ventura,19,AVOCADOS,46.0,,H,42,Freeze,1.0,JAN,46.0,22499.4,2009-01-01,46.9,4,435,1.27,-4.81
791,2009,6,CA,111,Ventura,19,AVOCADOS,46.0,,H,43,Cold Winter,2.0,FEB,17.0,18884.0,2009-02-01,45.2,0,472,4.64,-4.15
792,2009,6,CA,111,Ventura,19,AVOCADOS,46.0,,UH,61,Wind/Excess Win,1.0,JAN,3.0,10614.0,2009-01-01,46.9,4,435,1.27,-4.81
793,2009,6,CA,111,Ventura,19,AVOCADOS,46.0,,H,61,Wind/Excess Win,5.0,MAY,26.0,34760.9,2009-05-01,66.7,87,89,1.24,-3.67
794,2009,6,CA,111,Ventura,19,AVOCADOS,46.0,,H,61,Wind/Excess Win,12.0,DEC,11.0,27873.0,2009-12-01,41.8,0,577,3.15,-3.0
795,2009,6,CA,111,Ventura,19,AVOCADOS,46.0,,UH,61,Wind/Excess Win,5.0,MAY,4.0,7159.2,2009-05-01,66.7,87,89,1.24,-3.67
796,2009,6,CA,111,Ventura,19,AVOCADOS,46.0,,H,61,Wind/Excess Win,1.0,JAN,155.0,21611.0,2009-01-01,46.9,4,435,1.27,-4.81
797,2009,6,CA,111,Ventura,19,AVOCADOS,46.0,,H,61,Wind/Excess Win,10.0,OCT,30.0,13093.0,2009-10-01,58.1,20,174,2.07,-2.51
798,2009,6,CA,111,Ventura,19,AVOCADOS,46.0,,H,62,Hot Wind,5.0,MAY,655.0,1558930.0,2009-05-01,66.7,87,89,1.24,-3.67
799,2009,6,CA,111,Ventura,19,AVOCADOS,46.0,,H,99,"Other (Snow, Lightening, Etc.)",5.0,MAY,20.0,1409.0,2009-05-01,66.7,87,89,1.24,-3.67
800,2018,6,CA,65,Riverside,19,AVOCADOS,90.0,APH,H,12,Heat,12.0,DEC,13.2,3902.4,2018-12-01,44.8,0,495,2.38,-3.06
801,2018,6,CA,65,Riverside,19,AVOCADOS,90.0,APH,H,12,Heat,6.0,JUN,26.125,25553.75,2018-06-01,71.4,138,31,0.07,-2.29
802,2018,6,CA,65,Riverside,19,AVOCADOS,90.0,APH,H,12,Heat,9.0,SEP,11.84,5841.3,2018-09-01,71.1,171,18,0.06,-2.93
803,2018,6,CA,65,Riverside,19,AVOCADOS,90.0,APH,H,12,Heat,7.0,JUL,36.9,34442.0,2018-07-01,79.6,377,0,0.22,-2.41
804,2018,6,CA,65,Riverside,19,AVOCADOS,90.0,APH,H,42,Freeze,2.0,FEB,21.4,14159.4,2018-02-01,46.6,0,419,0.57,-4.15
805,2018,6,CA,65,Riverside,19,AVOCADOS,90.0,APH,H,42,Freeze,1.0,JAN,5.0,9677.0,2018-01-01,48.9,8,373,3.33,-3.13
806,2018,6,CA,65,Riverside,19,AVOCADOS,90.0,APH,UH,42,Freeze,2.0,FEB,5.0,2512.0,2018-02-01,46.6,0,419,0.57,-4.15
807,2018,6,CA,65,Riverside,19,AVOCADOS,90.0,APH,H,44,Cold Wet Weather,2.0,FEB,26.96,12311.9,2018-02-01,46.6,0,419,0.57,-4.15
808,2018,6,CA,65,Riverside,19,AVOCADOS,90.0,APH,H,61,Wind/Excess Wind,10.0,OCT,0.875,1.25,2018-10-01,60.9,45,112,0.7,-3.04
809,2018,6,CA,73,San Diego,19,AVOCADOS,90.0,APH,H,12,Heat,7.0,JUL,320.68,481046.8,2018-07-01,79.6,377,0,0.22,-2.41
810,2018,6,CA,73,San Diego,19,AVOCADOS,90.0,APH,UH,12,Heat,8.0,AUG,2.0,3506.0,2018-08-01,76.4,298,1,0.04,-2.71
811,2018,6,CA,73,San Diego,19,AVOCADOS,90.0,APH,P,12,Heat,6.0,JUN,26.0,0.0,2018-06-01,71.4,138,31,0.07,-2.29
812,2018,6,CA,73,San Diego,19,AVOCADOS,90.0,APH,UH,12,Heat,7.0,JUL,22.6,27032.4,2018-07-01,79.6,377,0,0.22,-2.41
813,2018,6,CA,73,San Diego,19,AVOCADOS,90.0,APH,H,12,Heat,11.0,NOV,11.76,6349.66,2018-11-01,52.6,8,270,2.81,-2.79
814,2018,6,CA,73,San Diego,19,AVOCADOS,90.0,APH,H,12,Heat,2.0,FEB,0.32,470.2,2018-02-01,46.6,0,419,0.57,-4.15
815,2018,6,CA,73,San Diego,19,AVOCADOS,90.0,APH,H,12,Heat,8.0,AUG,12.5,30704.0,2018-08-01,76.4,298,1,0.04,-2.71
816,2018,6,CA,73,San Diego,19,AVOCADOS,90.0,APH,H,12,Heat,12.0,DEC,9.35,7870.5,2018-12-01,44.8,0,495,2.38,-3.06
817,2018,6,CA,73,San Diego,19,AVOCADOS,90.0,APH,H,12,Heat,10.0,OCT,5.74,3925.34,2018-10-01,60.9,45,112,0.7,-3.04
818,2018,6,CA,73,San Diego,19,AVOCADOS,90.0,APH,H,12,Heat,6.0,JUN,212.4,113389.0,2018-06-01,71.4,138,31,0.07,-2.29
819,2018,6,CA,73,San Diego,19,AVOCADOS,90.0,APH,H,12,Heat,9.0,SEP,10.3,9226.1,2018-09-01,71.1,171,18,0.06,-2.93
820,2018,6,CA,73,San Diego,19,AVOCADOS,90.0,APH,UH,12,Heat,2.0,FEB,4.0,2220.0,2018-02-01,46.6,0,419,0.57,-4.15
821,2018,6,CA,73,San Diego,19,AVOCADOS,90.0,APH,H,41,Frost,2.0,FEB,9.28,7429.2,2018-02-01,46.6,0,419,0.57,-4.15
822,2018,6,CA,73,San Diego,19,AVOCADOS,90.0,APH,H,42,Freeze,2.0,FEB,13.0,18957.4,2018-02-01,46.6,0,419,0.57,-4.15
823,2018,6,CA,73,San Diego,19,AVOCADOS,90.0,APH,H,42,Freeze,12.0,DEC,20.0,15494.0,2018-12-01,44.8,0,495,2.38,-3.06
824,2018,6,CA,73,San Diego,19,AVOCADOS,90.0,APH,UH,42,Freeze,2.0,FEB,3.5,6456.0,2018-02-01,46.6,0,419,0.57,-4.15
825,2018,6,CA,73,San Diego,19,AVOCADOS,90.0,APH,H,44,Cold Wet Weather,2.0,FEB,1.5,1500.9,2018-02-01,46.6,0,419,0.57,-4.15
826,2018,6,CA,73,San Diego,19,AVOCADOS,90.0,APH,H,61,Wind/Excess Wind,4.0,APR,13.92,11143.8,2018-04-01,57.2,20,240,2.13,-2.63
827,2018,6,CA,73,San Diego,19,AVOCADOS,90.0,APH,H,61,Wind/Excess Wind,11.0,NOV,5.0,3120.0,2018-11-01,52.6,8,270,2.81,-2.79
828,2018,6,CA,73,San Diego,19,AVOCADOS,90.0,APH,H,61,Wind/Excess Wind,8.0,AUG,12.5,30704.0,2018-08-01,76.4,298,1,0.04,-2.71
829,2018,6,CA,73,San Diego,19,AVOCADOS,90.0,APH,H,61,Wind/Excess Wind,12.0,DEC,18.85,6877.1,2018-12-01,44.8,0,495,2.38,-3.06
830,2018,6,CA,73,San Diego,19,AVOCADOS,90.0,APH,UH,61,Wind/Excess Wind,12.0,DEC,4.4,12101.6,2018-12-01,44.8,0,495,2.38,-3.06
831,2018,6,CA,73,San Diego,19,AVOCADOS,90.0,APH,H,91,Fire,12.0,DEC,4.0,2277.0,2018-12-01,44.8,0,495,2.38,-3.06
832,2018,6,CA,79,San Luis Obispo,19,AVOCADOS,90.0,APH,UH,12,Heat,9.0,SEP,3.0,1184.0,2018-09-01,71.1,171,18,0.06,-2.93
833,2018,6,CA,79,San Luis Obispo,19,AVOCADOS,90.0,APH,H,31,Excess Moisture/Precipitation/Rain,5.0,MAY,4.8,8766.6,2018-05-01,63.0,35,159,0.66,-2.42
834,2018,6,CA,79,San Luis Obispo,19,AVOCADOS,90.0,APH,H,31,Excess Moisture/Precipitation/Rain,1.0,JAN,3.2,5844.4,2018-01-01,48.9,8,373,3.33,-3.13
835,2018,6,CA,79,San Luis Obispo,19,AVOCADOS,90.0,APH,UH,44,Cold Wet Weather,4.0,APR,14.4,2369.0,2018-04-01,57.2,20,240,2.13,-2.63
836,2018,6,CA,83,Santa Barbara,19,AVOCADOS,90.0,APH,H,12,Heat,7.0,JUL,120.305,95192.75,2018-07-01,79.6,377,0,0.22,-2.41
837,2018,6,CA,83,Santa Barbara,19,AVOCADOS,90.0,APH,H,12,Heat,6.0,JUN,8.03,1904.6,2018-06-01,71.4,138,31,0.07,-2.29
838,2018,6,CA,83,Santa Barbara,19,AVOCADOS,90.0,APH,UH,12,Heat,7.0,JUL,3.3,1327.8,2018-07-01,79.6,377,0,0.22,-2.41
839,2018,6,CA,83,Santa Barbara,19,AVOCADOS,90.0,APH,UH,13,Failure of Irrigation Supply,3.0,MAR,7.7,3098.2,2018-03-01,49.0,1,428,5.12,-3.05
840,2018,6,CA,83,Santa Barbara,19,AVOCADOS,90.0,APH,H,42,Freeze,2.0,FEB,120.27,99040.8,2018-02-01,46.6,0,419,0.57,-4.15
841,2018,6,CA,83,Santa Barbara,19,AVOCADOS,90.0,APH,H,51,Flood,1.0,JAN,40.08,7482.0,2018-01-01,48.9,8,373,3.33,-3.13
842,2018,6,CA,83,Santa Barbara,19,AVOCADOS,90.0,APH,H,61,Wind/Excess Wind,4.0,APR,2.5,349.5,2018-04-01,57.2,20,240,2.13,-2.63
843,2018,6,CA,83,Santa Barbara,19,AVOCADOS,90.0,APH,H,61,Wind/Excess Wind,12.0,DEC,1.59,2568.3,2018-12-01,44.8,0,495,2.38,-3.06
844,2018,6,CA,83,Santa Barbara,19,AVOCADOS,90.0,APH,H,62,Hot Wind,4.0,APR,0.625,780.75,2018-04-01,57.2,20,240,2.13,-2.63
845,2018,6,CA,83,Santa Barbara,19,AVOCADOS,90.0,APH,H,62,Hot Wind,9.0,SEP,3.72,2534.7,2018-09-01,71.1,171,18,0.06,-2.93
846,2018,6,CA,83,Santa Barbara,19,AVOCADOS,90.0,APH,H,91,Fire,12.0,DEC,8.48,13697.6,2018-12-01,44.8,0,495,2.38,-3.06
847,2018,6,CA,83,Santa Barbara,19,AVOCADOS,90.0,APH,UH,91,Fire,12.0,DEC,4.0,8182.0,2018-12-01,44.8,0,495,2.38,-3.06
848,2018,6,CA,111,Ventura,19,AVOCADOS,90.0,APH,H,12,Heat,6.0,JUN,57.72,110529.95,2018-06-01,71.4,138,31,0.07,-2.29
849,2018,6,CA,111,Ventura,19,AVOCADOS,90.0,APH,H,12,Heat,8.0,AUG,2.32,585.2,2018-08-01,76.4,298,1,0.04,-2.71
850,2018,6,CA,111,Ventura,19,AVOCADOS,90.0,APH,H,12,Heat,11.0,NOV,4.0,3334.0,2018-11-01,52.6,8,270,2.81,-2.79
851,2018,6,CA,111,Ventura,19,AVOCADOS,90.0,APH,H,12,Heat,12.0,DEC,0.5,62.4,2018-12-01,44.8,0,495,2.38,-3.06
852,2018,6,CA,111,Ventura,19,AVOCADOS,90.0,APH,H,12,Heat,9.0,SEP,45.13,118770.65,2018-09-01,71.1,171,18,0.06,-2.93
853,2018,6,CA,111,Ventura,19,AVOCADOS,90.0,APH,H,12,Heat,10.0,OCT,31.13,119557.8,2018-10-01,60.9,45,112,0.7,-3.04
854,2018,6,CA,111,Ventura,19,AVOCADOS,90.0,APH,H,12,Heat,4.0,APR,29.95,9234.06,2018-04-01,57.2,20,240,2.13,-2.63
855,2018,6,CA,111,Ventura,19,AVOCADOS,90.0,APH,H,12,Heat,7.0,JUL,38.54,33765.4,2018-07-01,79.6,377,0,0.22,-2.41
856,2018,6,CA,111,Ventura,19,AVOCADOS,90.0,APH,UH,12,Heat,9.0,SEP,1.8,2275.5,2018-09-01,71.1,171,18,0.06,-2.93
857,2018,6,CA,111,Ventura,19,AVOCADOS,90.0,APH,H,42,Freeze,12.0,DEC,0.57,759.7,2018-12-01,44.8,0,495,2.38,-3.06
858,2018,6,CA,111,Ventura,19,AVOCADOS,90.0,APH,H,61,Wind/Excess Wind,7.0,JUL,0.9,943.2,2018-07-01,79.6,377,0,0.22,-2.41
859,2018,6,CA,111,Ventura,19,AVOCADOS,90.0,APH,H,61,Wind/Excess Wind,5.0,MAY,2.35,2439.6,2018-05-01,63.0,35,159,0.66,-2.42
860,2018,6,CA,111,Ventura,19,AVOCADOS,90.0,APH,H,61,Wind/Excess Wind,12.0,DEC,52.225,94166.75,2018-12-01,44.8,0,495,2.38,-3.06
861,2018,6,CA,111,Ventura,19,AVOCADOS,90.0,APH,H,61,Wind/Excess Wind,11.0,NOV,2.0,362.0,2018-11-01,52.6,8,270,2.81,-2.79
862,2018,6,CA,111,Ventura,19,AVOCADOS,90.0,APH,H,61,Wind/Excess Wind,10.0,OCT,40.655,81302.09,2018-10-01,60.9,45,112,0.7,-3.04
863,2018,6,CA,111,Ventura,19,AVOCADOS,90.0,APH,UH,61,Wind/Excess Wind,12.0,DEC,4.2,5309.5,2018-12-01,44.8,0,495,2.38,-3.06
864,2018,6,CA,111,Ventura,19,AVOCADOS,90.0,APH,H,61,Wind/Excess Wind,4.0,APR,3.5,1846.6,2018-04-01,57.2,20,240,2.13,-2.63
865,2018,6,CA,111,Ventura,19,AVOCADOS,90.0,APH,H,91,Fire,11.0,NOV,3.0,543.0,2018-11-01,52.6,8,270,2.81,-2.79
866,2018,6,CA,111,Ventura,19,AVOCADOS,90.0,APH,UH,91,Fire,12.0,DEC,3.5,7468.0,2018-12-01,44.8,0,495,2.38,-3.06
867,2018,6,CA,111,Ventura,19,AVOCADOS,90.0,APH,H,91,Fire,12.0,DEC,80.27,101076.8,2018-12-01,44.8,0,495,2.38,-3.06
868,2018,6,CA,111,Ventura,19,AVOCADOS,90.0,APH,H,91,Fire,10.0,OCT,74.14,341742.6,2018-10-01,60.9,45,112,0.7,-3.04
869,2018,6,CA,111,Ventura,19,AVOCADOS,90.0,APH,UH,93,Wildlife,12.0,DEC,14.0,3474.0,2018-12-01,44.8,0,495,2.38,-3.06
870,2018,6,CA,111,Ventura,19,AVOCADOS,90.0,APH,H,93,Wildlife,10.0,OCT,36.6,99811.2,2018-10-01,60.9,45,112,0.7,-3.04
